"","CatalogNumber","YearCollected","MonthCollected","DayCollected","IndividualFishID","FishBarcode","Dissector","Examiner","DissectionDate","Sex","TotalLength_mm","StandardLength_mm","Weight_mg","CI","combo","Latitude","Longitude","crus.d","crus.lersp","mono.gyrof","mono.salsp","mono.ss","trem.dips","trem.iz","trem.unk","nem.larv","nem.l","nem.myst","acanth.spk","cest.botsp","myxo.myxid","myxo.g"
"1","MSB:Fish:1078",1939,1,30,"MSB 1078-1","JAR11299F","BP","JG","07-14-2025","F",40,31,647,"impact","impact_1931-1940",35.087167,-106.682164,0,0,0,2,0,0,0,0,0,0,0,0,0,"0",0
"2","MSB:Fish:1078",1939,1,30,"MSB 1078-2","JAR11302F","JG","KL","07-14-2025",NA,41,32,699,"impact","impact_1931-1940",35.087167,-106.682164,0,0,0,0,0,0,0,0,0,0,0,0,0,"0",0
"3","MSB:Fish:1078",1939,1,30,"MSB 1078-3","JAR11305F","BP","KL","07-14-2025",NA,43,35,798,"impact","impact_1931-1940",35.087167,-106.682164,0,0,0,0,0,0,0,0,0,0,0,0,0,"0",0
"4","MSB:Fish:1078",1939,1,30,"MSB 1078-4","JAR11320F","JG","GC","07-14-2025","F",43,37,1027,"impact","impact_1931-1940",35.087167,-106.682164,0,0,0,0,0,0,0,0,0,0,0,0,0,"0",0
"5","MSB:Fish:1078",1939,1,30,"MSB 1078-5","JAR11308F","BP","KL","07-14-2025",NA,39,29,627,"impact","impact_1931-1940",35.087167,-106.682164,0,0,0,0,0,0,0,0,0,0,0,0,0,NA,0
"6","MSB:Fish:1079",1941,9,14,"MSB 1079-5","JAR11311F","JG","KL","07-14-2025",NA,37,29,441,"impact","impact_1941-1950",35.096748,-106.692027,0,0,0,0,0,0,0,0,0,0,0,0,0,"0",0
"7","MSB:Fish:1079",1941,9,14,"MSB 1079-3","JAR11332F","BP","GC","07-14-2025","F",33,25,457,"impact","impact_1941-1950",35.096748,-106.692027,0,0,0,0,0,0,0,0,0,0,0,0,0,"0",0
"8","MSB:Fish:1079",1941,9,14,"MSB 1079-1","JAR11334F","BP","GC","07-14-2025",NA,29,24,231,"impact","impact_1941-1950",35.096748,-106.692027,0,0,0,0,0,0,0,0,0,0,0,0,0,"0",0
"9","MSB:Fish:1079",1941,9,14,"MSB 1079-2","JAR11331F","JG","KL","07-14-2025",NA,35,29,447,"impact","impact_1941-1950",35.096748,-106.692027,0,0,0,0,0,0,0,0,0,0,0,0,0,NA,0
"10","MSB:Fish:1079",1941,9,14,"MSB 1079-4","JAR11333F","BP","GC","07-14-2025","F",44,33,754,"impact","impact_1941-1950",35.096748,-106.692027,0,0,0,0,0,0,0,0,0,0,0,0,0,NA,0
"11","MSB:Fish:1081",1939,3,17,"MSB 1081-5","JAR8835F","BP","EO","07-08-2025","F",28,22,226,"impact","impact_1931-1940",35.072363,-106.668064,0,0,0,2,0,0,0,0,0,0,0,0,0,"0",0
"12","MSB:Fish:1081",1939,3,17,"MSB 1081-4","JAR8832F","JG","KL","07-08-2025","F",27,22,188,"impact","impact_1931-1940",35.072363,-106.668064,0,0,0,2,0,0,0,0,0,0,0,0,0,NA,0
"13","MSB:Fish:1081",1939,3,17,"MSB 1081-2","JAR8836","JG","BP","07-08-2025",NA,29,24,239,"impact","impact_1931-1940",35.072363,-106.668064,0,0,0,0,0,0,0,0,0,0,0,0,0,"0",0
"14","MSB:Fish:1081",1939,3,17,"MSB 1081-1","JAR8837F","BP","BP","07-08-2025","F",43,33,868,"impact","impact_1931-1940",35.072363,-106.668064,0,0,0,8,0,0,0,0,0,0,0,0,0,"0",0
"15","MSB:Fish:1081",1939,3,17,"MSB 1081-3","JAR8834F","BP","JG","07-08-2025",NA,27,21,176,"impact","impact_1931-1940",35.072363,-106.668064,0,0,0,4,0,0,0,0,0,0,0,0,0,"0",0
"16","MSB:Fish:1082",1938,10,18,"MSB 1082-1","JAR8930F","BP","EO","07-09-2025","F",41,32,722,"impact","impact_1931-1940",35.100259,-106.692107,0,0,0,10,0,0,0,0,0,0,0,0,0,"0",0
"17","MSB:Fish:1082",1938,10,18,"MSB 1082-4","JAR8934F","BP","BP","07-09-2025",NA,31,24,264,"impact","impact_1931-1940",35.100259,-106.692107,0,0,0,0,0,0,0,0,0,0,0,0,0,"0",0
"18","MSB:Fish:1082",1938,10,18,"MSB 1082-2","JAR8928F","EO","GC","07-09-2025","F",40,33,627,"impact","impact_1931-1940",35.100259,-106.692107,0,0,0,10,0,0,0,0,0,0,0,0,0,"0",0
"19","MSB:Fish:1082",1938,10,18,"MSB 1082-5","JAR8927F","EO","KL","07-09-2025",NA,25,21,140,"impact","impact_1931-1940",35.100259,-106.692107,0,0,0,0,0,0,0,0,0,0,0,0,0,NA,0
"20","MSB:Fish:1082",1938,10,18,"MSB 1082-3","JAR8929F","EO","KL","07-09-2025","F",34,28,397,"impact","impact_1931-1940",35.100259,-106.692107,0,0,0,0,10,0,0,0,0,0,0,0,0,NA,0
"21","MSB:Fish:1085",1939,5,13,"MSB 1085-5","JAR8935F","JG","GC","07-10-2025","F",50,39,1499,"impact","impact_1931-1940",35.192334,-106.619678,0,0,0,2,0,0,0,0,0,0,0,0,0,"0",0
"22","MSB:Fish:1085",1939,5,13,"MSB 1085-4","JAR8941F","JG","KL","07-10-2025","F",44,36,1060,"impact","impact_1931-1940",35.192334,-106.619678,0,0,0,0,0,0,0,0,0,0,0,0,0,NA,0
"23","MSB:Fish:1085",1939,5,13,"MSB 1085-1","JAR8932F","JG","KL","07-10-2025","F",41,33,809,"impact","impact_1931-1940",35.192334,-106.619678,0,0,0,0,0,0,0,0,0,0,0,0,0,NA,0
"24","MSB:Fish:1085",1939,5,13,"MSB 1085-3","JAR8939F","JG","KL","07-10-2025","F",42,34,861,"impact","impact_1931-1940",35.192334,-106.619678,0,0,0,0,0,0,0,0,0,0,0,0,0,"0",0
"25","MSB:Fish:1085",1939,5,13,"MSB 1085-2","JAR8937F","JG","GC","07-10-2025","M",26,21,147,"impact","impact_1931-1940",35.192334,-106.619678,0,0,0,0,0,0,0,0,0,0,0,0,0,NA,0
"26","MSB:Fish:1086",1939,4,22,"MSB 1086-2","JAR8900F","BP","GC","07-07-2025","F",45,36,994,"impact","impact_1931-1940",35.173111,-106.626066,0,0,0,0,0,0,0,0,0,0,0,0,0,"0",0
"27","MSB:Fish:1086",1939,4,22,"MSB 1086-5","JAR8792F","JG","GC","07-07-2025","F",46,35,1207,"impact","impact_1931-1940",35.173111,-106.626066,0,0,0,2,0,0,0,0,0,0,0,0,0,NA,0
"28","MSB:Fish:1086",1939,4,22,"MSB1086-4","JAR8791F","BP","KL","07-07-2025","F",39,30,752,"impact","impact_1931-1940",35.173111,-106.626066,0,0,0,2,0,0,0,0,0,0,0,0,0,"0",0
"29","MSB:Fish:1086",1939,4,22,"MSB 1086-1","JAR8898F","BP","KL","07-07-2025","F",47,37,1182,"impact","impact_1931-1940",35.173111,-106.626066,0,0,0,6,0,0,0,0,0,0,0,0,0,"0",0
"30","MSB:Fish:1086",1939,4,22,"MSB 1086-3","JAR8902F","BP","KL","07-07-2025",NA,42,35,1023,"impact","impact_1931-1940",35.173111,-106.626066,0,0,0,0,0,0,0,0,0,0,0,0,0,"0",0
"31","MSB:Fish:1089",1939,1,24,"MSB 1089-3","JAR11117F","BP","GC","07-16-2025","F",38,29,552,"impact","impact_1931-1940",35.087167,-106.682164,0,0,0,4,0,0,0,0,0,0,0,0,0,"0",0
"32","MSB:Fish:1089",1939,1,24,"MSB 1089-5","JAR11111F","BP","KL","07-16-2025",NA,35,28,476,"impact","impact_1931-1940",35.087167,-106.682164,0,0,0,4,0,0,0,0,0,0,0,0,0,"0",0
"33","MSB:Fish:1089",1939,1,24,"MSB 1089-1","JAR11112F","BP","KL","07-16-2025","F",40,33,666,"impact","impact_1931-1940",35.087167,-106.682164,0,0,0,2,4,0,0,0,0,0,0,0,0,"0",0
"34","MSB:Fish:1089",1939,1,24,"MSB 1089-4","JAR11114F","BP","KL","07-16-2025","F",40,33,741,"impact","impact_1931-1940",35.087167,-106.682164,0,0,0,0,0,2,0,0,0,0,0,0,0,"0",0
"35","MSB:Fish:1089",1939,1,24,"MSB 1089-2","JAR11109F","BP","GC","07-16-2025",NA,38,30,571,"impact","impact_1931-1940",35.087167,-106.682164,0,0,0,4,0,0,0,0,0,0,0,0,0,"0",0
"36","MSB:Fish:10898",1992,7,9,"MSB 10898-5","JAR11023F","KL","KL","07-28-2025",NA,25,20,139,"control","control_1991-2000",35.211277,-106.611666,0,0,0,0,0,0,0,0,0,0,0,0,0,"0",0
"37","MSB:Fish:10898",1992,7,9,"MSB 10898-4","JAR11046F","KL","KL","07-28-2025","F",31,25,309,"control","control_1991-2000",35.211277,-106.611666,0,0,0,0,0,0,0,0,0,0,0,0,0,NA,0
"38","MSB:Fish:10898",1992,7,9,"MSB 10898-3","JAR11040F","KL","KL","07-28-2025","F",24,19,123,"control","control_1991-2000",35.211277,-106.611666,0,0,0,0,0,0,0,0,0,0,0,0,0,NA,0
"39","MSB:Fish:10898",1992,7,9,"MSB 10898-2","JAR11038F","KL","KL","07-28-2025","M",26,21,118,"control","control_1991-2000",35.211277,-106.611666,0,0,0,0,0,0,0,0,0,0,0,0,0,NA,0
"40","MSB:Fish:10898",1992,7,9,"MSB 10898-1","JAR11039F","KL","KL","07-28-2025","M",22,18,90,"control","control_1991-2000",35.211277,-106.611666,0,0,0,0,2,0,0,0,0,0,0,0,0,NA,0
"41","MSB:Fish:1090",1939,6,9,"MSB 1090-4","JAR11354F","BP","GC","07-10-2025","M",25,19,132,"impact","impact_1931-1940",34.906619,-106.685289,0,0,0,14,0,0,0,0,0,0,0,0,0,NA,0
"42","MSB:Fish:1090",1939,6,9,"MSB 1090-2","JAR11351F","BP","JG","07-10-2025","F",37,30,670,"impact","impact_1931-1940",34.906619,-106.685289,0,0,0,8,0,0,0,0,0,0,0,0,0,NA,0
"43","MSB:Fish:1090",1939,6,9,"MSB 1090-5","JAR11349F","BP","KL","07-10-2025","F",29,24,323,"impact","impact_1931-1940",34.906619,-106.685289,0,0,0,12,0,0,0,0,0,0,0,0,0,NA,0
"44","MSB:Fish:1090",1939,6,9,"MSB 1090-3","JAR11357F","BP","EO","07-10-2025","F",33,25,483,"impact","impact_1931-1940",34.906619,-106.685289,0,0,0,6,0,0,0,0,0,0,0,0,0,NA,0
"45","MSB:Fish:1090",1939,6,9,"MSB 1090-1","JAR11348F","BP","GC","07-10-2025","F",39,30,751,"impact","impact_1931-1940",34.906619,-106.685289,0,0,0,22,0,0,0,0,0,0,0,0,0,NA,0
"46","MSB:Fish:10922",1992,7,9,"MSB 10922-3","JAR11592F","BP","KL","07-18-2025","F",33,25,400,"impact","impact_1991-2000",35.10469444,-106.6916667,0,0,0,12,2,0,0,0,0,0,1,0,0,"0",0
"47","MSB:Fish:10922",1992,7,9,"MSB 10922-5","JAR115843F","BP","GC","07-18-2025","F",30,24,322,"impact","impact_1991-2000",35.10469444,-106.6916667,0,0,0,12,0,0,0,0,0,0,0,0,0,"0",0
"48","MSB:Fish:10922",1992,7,9,"MSB 10922-4","JAR11584F","JG","GC","07-18-2025","F",27,22,141,"impact","impact_1991-2000",35.10469444,-106.6916667,0,0,0,4,0,0,0,0,0,0,0,0,0,NA,0
"49","MSB:Fish:10922",1992,7,9,"MSB 10922-2","JAR11586F","JG","GC","07-18-2025","F",25,20,143,"impact","impact_1991-2000",35.10469444,-106.6916667,0,0,0,0,0,0,0,0,0,0,0,0,0,NA,0
"50","MSB:Fish:10922",1992,7,9,"MSB 10922-1","JAR11589F","JG","KL","07-18-2025","F",30,25,362,"impact","impact_1991-2000",35.10469444,-106.6916667,0,0,0,0,0,0,0,0,0,0,0,0,0,NA,0
"51","MSB:Fish:10944",1992,7,15,"MSB 10944-2","JAR11565F","BP","GC","07-17-2025","F",37,29,751,"impact","impact_1991-2000",35.089293,-106.680842,0,0,0,28,0,0,0,0,0,0,0,0,0,"0",0
"52","MSB:Fish:10944",1992,7,15,"MSB 10944-3","JAR11566F","BP","GC","07-17-2025","F",48,36,1418,"impact","impact_1991-2000",35.089293,-106.680842,0,0,0,38,0,0,0,0,0,0,0,0,0,"0",0
"53","MSB:Fish:10944",1992,7,15,"MSB 10944-4","JAR11564F","BP","KL","07-17-2025","F",34,27,538,"impact","impact_1991-2000",35.089293,-106.680842,0,0,0,38,6,0,0,0,0,0,0,0,0,"0",0
"54","MSB:Fish:10944",1992,7,15,"MSB 10944-5","JAR11567F","BP","KL","07-17-2025","F",35,27,542,"impact","impact_1991-2000",35.089293,-106.680842,0,0,0,8,0,0,0,0,0,0,0,0,0,NA,0
"55","MSB:Fish:10944",1992,7,15,"MSB 10944-1","JAR11568F","BP","GC","07-17-2025","F",43,33,1179,"impact","impact_1991-2000",35.089293,-106.680842,0,0,0,76,0,0,0,0,0,0,0,0,0,NA,0
"56","MSB:Fish:1098",1939,5,13,"MSB 1098-4","JAR8819F","EO","KL","07-07-2025","F",32,25,352,"impact","impact_1931-1940",35.189406,-106.625396,0,0,0,2,0,0,0,0,0,0,0,0,0,"0",0
"57","MSB:Fish:1098",1939,5,13,"MSB 1098-2","JAR8815F","EO","GC","07-07-2025","F",41,33,887,"impact","impact_1931-1940",35.189406,-106.625396,0,0,0,2,0,0,0,0,0,0,0,0,0,"0",0
"58","MSB:Fish:1098",1939,5,13,"MSB 1098-3","JAR8817F","EO","KL","07-07-2025",NA,30,24,257,"impact","impact_1931-1940",35.189406,-106.625396,0,0,0,2,0,0,0,0,0,0,0,0,0,"0",0
"59","MSB:Fish:1098",1939,5,13,"MSB 1098-5","JAR8812F","EO","KL","07-07-2025",NA,41,33,697,"impact","impact_1931-1940",35.189406,-106.625396,0,0,0,2,0,0,0,0,0,0,0,0,0,"0",0
"60","MSB:Fish:1098",1939,5,13,"MSB 1098-1","JAR8814F","EO","KL","07-08-2025","F",46,37,1164,"impact","impact_1931-1940",35.189406,-106.625396,0,0,0,4,0,0,0,0,0,0,0,0,0,"0",0
"61","MSB:Fish:1100",1939,2,26,"MSB 1100-4","JAR8824F","BP","KL","07-08-2025","F",28,24,303,"impact","impact_1931-1940",35.072363,-106.668064,0,0,0,0,0,0,0,0,0,0,0,0,0,"0",0
"62","MSB:Fish:1100",1939,2,26,"MSB 1100-3","JAR8823F","JG","KL","07-08-2025",NA,33,25,326,"impact","impact_1931-1940",35.072363,-106.668064,0,0,0,2,0,0,0,0,0,0,0,0,0,NA,0
"63","MSB:Fish:1100",1939,2,26,"MSB 1100-1","JAR8825F","JG","KL","07-08-2025","F",43,33,679,"impact","impact_1931-1940",35.072363,-106.668064,0,0,0,6,0,0,0,0,0,0,0,0,0,"0",0
"64","MSB:Fish:1100",1939,2,26,"MSB 1100-2","JAR8827F","BP","EO ","07-08-2025","F",28,25,318,"impact","impact_1931-1940",35.072363,-106.668064,0,0,0,0,0,0,0,0,0,0,0,0,0,"0",0
"65","MSB:Fish:1100",1939,2,26,"MSB 1100-5","JAR8829F","JG","KL","07-08-2025",NA,26,23,226,"impact","impact_1931-1940",35.072363,-106.668064,0,0,0,0,0,0,0,0,0,0,0,0,0,"0",0
"66","MSB:Fish:1105",1939,1,20,"MSB 1105-1","JAR11362F","JG","GC","07-10-2025",NA,30,24,202,"impact","impact_1931-1940",35.100259,-106.692107,0,0,0,8,0,0,0,0,0,0,0,0,0,NA,0
"67","MSB:Fish:1105",1939,1,30,"MSB 1105-5","JAR11360F","JG","KL","07-10-2025",NA,36,28,396,"impact","impact_1931-1940",35.100259,-106.692107,0,0,0,0,2,2,0,0,0,0,0,0,0,"0",0
"68","MSB:Fish:1105",1939,1,30,"MSB 1105-3","JAR11361F","JG","KL","07-10-2025",NA,40,36,728,"impact","impact_1931-1940",35.100259,-106.692107,0,0,0,0,0,0,0,0,0,0,0,0,0,"0",0
"69","MSB:Fish:1105",1939,1,30,"MSB 1105-2","JAR11365F","JG","JG","07-10-2025",NA,27,23,158,"impact","impact_1931-1940",35.100259,-106.692107,0,0,0,0,0,0,0,0,0,0,0,0,0,NA,0
"70","MSB:Fish:1105",1939,1,30,"MSB 1105-4","JAR11368F","EO","EO","07-10-2025",NA,40,32,456,"impact","impact_1931-1940",35.100259,-106.692107,0,0,0,0,0,0,0,0,0,0,0,0,0,"0",0
"71","MSB:Fish:11095",1992,7,21,"MSB 11095-1","JAR11015F","KL","KL","07-23-2025",NA,26,21,178,"impact","impact_1991-2000",35.027111,-106.672944,0,0,0,4,0,4,0,0,0,0,0,0,0,NA,0
"72","MSB:Fish:11095",1992,7,21,"MSB 11095-3","JAR11013F","KL","KL","07-23-2025","F",35,28,526,"impact","impact_1991-2000",35.027111,-106.672944,0,0,0,2,0,0,0,0,0,0,0,0,0,"1",0
"73","MSB:Fish:11095",1992,7,21,"MSB 11095-2","JAR11016F","KL","KL","07-23-2025","F",33,27,385,"impact","impact_1991-2000",35.027111,-106.672944,0,0,0,4,0,0,0,0,0,0,0,0,0,"1",0
"74","MSB:Fish:11095",1992,7,21,"MSB 11095-4","JAR11000F","KL","KL","07-23-2025","F",31,25,375,"impact","impact_1991-2000",35.027111,-106.672944,0,0,0,4,0,0,0,0,0,0,0,0,0,"na",0
"75","MSB:Fish:11095",1992,7,21,"MSB 11095-5","JAR11003F","KL","KL","07-23-2025",NA,32,26,460,"impact","impact_1991-2000",35.027111,-106.672944,0,0,0,0,0,0,0,0,0,0,0,0,4,NA,0
"76","MSB:Fish:11126",1992,7,22,"MSB 11126-2","JAR11562F","JG","BP","07-17-2025","F",37,30,634,"impact","impact_1991-2000",34.97052778,-106.6911111,0,0,0,0,0,0,0,0,0,0,0,0,0,NA,0
"77","MSB:Fish:11126",1992,7,22,"MSB 11126-3","JAR11560F","JG","BP","07-17-2025","F",31,25,355,"impact","impact_1991-2000",34.97052778,-106.6911111,0,0,0,0,0,0,0,0,0,0,0,0,0,NA,0
"78","MSB:Fish:11126",1992,7,22,"MSB 11126-1","JAR11561F","EO","EO","07-17-2025","F",45,36,1113,"impact","impact_1991-2000",34.97052778,-106.6911111,0,0,0,0,0,0,0,0,0,0,0,0,0,NA,0
"79","MSB:Fish:11126",1992,7,22,"MSB 11126-4","JAR11559F","JG","GC","07-17-2025","F",40,34,733,"impact","impact_1991-2000",34.97052778,-106.6911111,0,0,0,0,0,0,0,0,0,0,0,0,0,"0",0
"80","MSB:Fish:11126",1992,7,22,"MSB 11126-5","JAR11558F","EO","KL","07-17-2025","M",26,21,179,"impact","impact_1991-2000",34.97052778,-106.6911111,0,0,0,0,0,0,0,0,0,0,0,0,0,"0",0
"81","MSB:Fish:11194",1992,7,24,"MSB 11194-2","JAR11570F","EO","KL","07-17-2025","M",26,22,151,"impact","impact_1991-2000",34.92872222,-106.6818611,0,0,0,0,0,0,0,0,0,0,0,0,0,NA,2
"82","MSB:Fish:11194",1992,7,24,"MSB 11194-3","JAR11569F","EO","GC","07-17-2025",NA,28,22,159,"impact","impact_1991-2000",34.92872222,-106.6818611,0,0,0,4,0,0,0,0,0,0,0,0,0,"0",0
"83","MSB:Fish:11194",1992,7,24,"MSB 11194-5","JAR11572F","EO","KL","07-17-2025",NA,36,29,658,"impact","impact_1991-2000",34.92872222,-106.6818611,0,0,0,2,0,0,0,0,0,0,0,0,0,NA,0
"84","MSB:Fish:11194",1992,7,24,"MSB 11194-4","JAR11571F","EO","EO","07-17-2025","F",35,27,456,"impact","impact_1991-2000",34.92872222,-106.6818611,0,0,0,4,0,0,0,0,0,0,0,0,0,"0",0
"85","MSB:Fish:11194",1992,7,24,"MSB 11194-1","JAR11563F","EO","GC","07-17-2025","F",29,24,333,"impact","impact_1991-2000",34.92872222,-106.6818611,0,0,0,6,0,0,0,0,0,0,0,0,0,NA,0
"86","MSB:Fish:12010",1992,9,28,"MSB 12010-3","JAR11037F","KL","KL","07-28-2025","F",28,23,210,"control","control_1991-2000",35.211416,-106.612833,0,0,0,4,10,0,0,0,0,0,0,0,0,"0",0
"87","MSB:Fish:12010",1992,9,28,"MSB 12010-2","JAR11056F","KL","KL","07-28-2025",NA,27,21.5,211,"control","control_1991-2000",35.211416,-106.612833,0,0,0,12,0,0,0,0,0,0,0,0,0,NA,0
"88","MSB:Fish:12010",1992,9,28,"MSB 12010-1","JAR11057F","KL","KL","07-28-2025","F",36,29,446,"control","control_1991-2000",35.211416,-106.612833,0,0,0,20,4,0,0,0,0,0,0,0,0,"0",0
"89","MSB:Fish:12010",1992,9,28,"MSB 12010-5","JAR11045F","KL","KL","07-28-2025","F",25,20,156,"control","control_1991-2000",35.211416,-106.612833,0,0,0,6,6,0,0,0,0,0,0,0,0,NA,0
"90","MSB:Fish:12010",1992,9,28,"MSB 12010-4","JAR11044F","KL","KL","07-28-2025","F",28,21,210,"control","control_1991-2000",35.211416,-106.612833,0,0,0,0,0,0,0,0,0,0,0,0,0,"0",0
"91","MSB:Fish:12531",1992,11,13,"MSB 12531-1","JAR11267F","EO","GC","07-11-2025",NA,46,38,1030,"control","control_1991-2000",35.380486,-106.502059,0,0,0,0,0,0,0,0,0,0,0,0,0,"0",0
"92","MSB:Fish:12531",1992,11,13,"MSB 12531-4","JAR11265F","EO","KL","07-11-2025",NA,31,25,317,"control","control_1991-2000",35.380486,-106.502059,0,0,0,0,4,0,0,0,0,0,0,0,0,"0",0
"93","MSB:Fish:12531",1992,11,13,"MSB 12531-5","JAR11266F","EO","BP","07-11-2025","F",48,40,1190,"control","control_1991-2000",35.380486,-106.502059,0,0,0,0,8,16,0,0,0,0,0,0,0,"0",0
"94","MSB:Fish:12531",1992,11,13,"MSB 12531-2","JAR11263F","EO","KL","07-11-2025",NA,34,27,414,"control","control_1991-2000",35.380486,-106.502059,0,0,0,0,6,0,0,0,0,0,0,0,0,"0",2
"95","MSB:Fish:12531",1992,11,13,"MSB 12531-3","JAR11264F","EO","KL","07-11-2025","F",35,28,445,"control","control_1991-2000",35.380486,-106.502059,0,0,0,0,10,0,0,0,0,0,0,0,0,"0",0
"96","MSB:Fish:14485",1993,7,13,"MSB 14485-1","JAR11128F","EO","GC","07-17-2025",NA,41,34,760,"impact","impact_1991-2000",34.929964,-106.681431,0,0,0,6,0,0,0,0,0,0,0,0,0,"0",0
"97","MSB:Fish:14485",1993,7,13,"MSB 14485-5","JAR11127F","JG","JG","07-17-2025",NA,24,20,116,"impact","impact_1991-2000",34.929964,-106.681431,0,0,0,0,0,0,0,0,0,0,0,0,0,NA,0
"98","MSB:Fish:14485",1993,7,13,"MSB 14485-4","JAR11129F","EO","GC","07-17-2025","F",30,23,247,"impact","impact_1991-2000",34.929964,-106.681431,0,0,0,0,0,0,0,0,0,0,0,0,0,"0",0
"99","MSB:Fish:14485",1993,7,13,"MSB 14485-3","JAR11557F","EO","KL","07-17-2025","F",37,29,520,"impact","impact_1991-2000",34.929964,-106.681431,0,0,0,10,0,0,0,0,0,0,0,0,0,"0",0
"100","MSB:Fish:14485",1993,7,13,"MSB 14485-2","JAR11130F","JG","GC","07-17-2025","F",43,35,751,"impact","impact_1991-2000",34.929964,-106.681431,0,0,0,0,0,0,0,0,0,0,0,0,0,"0",0
"101","MSB:Fish:18799",1993,8,12,"MSB 18799-5","JAR11578F","BP","KL","07-17-2025","F",30,23,274,"control","control_1991-2000",35.280904,-106.597587,0,0,0,2,10,0,0,0,0,0,0,0,0,"0",0
"102","MSB:Fish:18799",1993,8,12,"MSB 18799-2","JAR11582F","BP","KL","07-17-2025","F",31,25,375,"control","control_1991-2000",35.280904,-106.597587,0,0,0,4,0,0,0,0,0,0,0,0,0,NA,0
"103","MSB:Fish:18799",1993,8,12,"MSB 18799-4","JAR11579F","BP","GC","07-17-2025","F",32,26,344,"control","control_1991-2000",35.280904,-106.597587,0,0,0,0,6,0,0,0,0,0,0,0,0,"0",0
"104","MSB:Fish:18799",1993,8,12,"MSB 18799-3","JAR11580","BP","EO","07-17-2025","F",36,28,509,"control","control_1991-2000",35.280904,-106.597587,0,0,0,4,0,0,0,0,0,0,0,0,0,NA,0
"105","MSB:Fish:18799",1993,8,12,"MSB 18799-1","JAR11581F","BP","KL","07-17-2025","M",29,23,249,"control","control_1991-2000",35.280904,-106.597587,0,0,0,4,4,0,0,0,0,0,0,0,0,"0",0
"106","MSB:Fish:19155",1993,8,4,"MSB 19155-1","JAR11020F","KL","KL","07-23-2025","F",38,30,585,"impact","impact_1991-2000",35.017503,-106.672569,0,0,0,10,0,0,0,0,0,0,0,0,0,"0",0
"107","MSB:Fish:19155",1993,8,4,"MSB 19155-2","JAR11021F","KL","KL","07-23-2025","F",34,28,495,"impact","impact_1991-2000",35.017503,-106.672569,0,0,0,12,0,0,0,0,0,0,0,0,0,NA,0
"108","MSB:Fish:19155",1993,8,4,"MSB 19155-3","JAR11022F","KL","KL","07-23-2025","F",31,26,355,"impact","impact_1991-2000",35.017503,-106.672569,0,0,0,4,0,0,0,0,0,0,0,0,0,"1",0
"109","MSB:Fish:19155",1993,8,4,"MSB 19155-5","JAR11012F","KL","KL","07-23-2025","F",38,32,697,"impact","impact_1991-2000",35.017503,-106.672569,0,0,0,0,0,0,0,0,0,0,0,0,0,"1",0
"110","MSB:Fish:19155",1993,8,4,"MSB 19155-4","JAR11027F","KL","KL","07-23-2025","F",34,28,NA,"impact","impact_1991-2000",35.017503,-106.672569,0,0,0,6,0,0,0,0,0,0,0,0,0,"0",0
"111","MSB:Fish:19170",1993,8,4,"MSB 19170-3","JAR8800F","BP","BP GC","07-07-2025","F",34,26,421,"impact","impact_1991-2000",35.008358,-106.678909,0,0,0,0,0,0,0,0,0,0,0,0,0,"0",0
"112","MSB:Fish:19170",1993,8,4,"MSB 19170-5","JAR8798F","EO","JG","07-07-2025","F",32,25,353,"impact","impact_1991-2000",35.008358,-106.678909,0,0,0,0,0,0,0,0,0,0,0,0,0,"0",0
"113","MSB:Fish:19170",1993,8,4,"MSB 19170-1","JAR8802F","BP","GC","07-07-2025","F",31,24,355,"impact","impact_1991-2000",35.008358,-106.678909,0,0,0,0,0,0,0,0,0,0,0,0,0,"0",0
"114","MSB:Fish:19170",1993,8,4,"MSB 19170-4","JAR8799F","EO","BP","07-07-2025","F",34,27,460,"impact","impact_1991-2000",35.008358,-106.678909,0,0,0,0,0,0,0,0,0,0,0,0,0,"0",0
"115","MSB:Fish:19170",1993,8,4,"MSB 19170-2","JAR8801F","EO","BP KL","07-07-2025",NA,35,27,481,"impact","impact_1991-2000",35.008358,-106.678909,0,0,0,0,0,0,0,0,0,0,0,0,0,"0",0
"116","MSB:Fish:2795",1969,4,2,"MSB 2795-4","JAR8920F","BP","KL","07-09-2025","F",29,24,236,"control","control_1961-1970",35.253452,-106.592892,0,0,0,6,0,0,0,0,0,0,0,0,0,"0",0
"117","MSB:Fish:2795",1969,4,2,"MSB 2795-5","JAR8919F","BP","JG","07-09-2025",NA,25,19,105,"control","control_1961-1970",35.253452,-106.592892,0,0,0,0,0,0,0,0,0,0,0,0,0,NA,0
"118","MSB:Fish:2795",1969,4,2,"MSB 2795-2","JAR8925F","BP","GC","07-09-2025",NA,31,24,325,"control","control_1961-1970",35.253452,-106.592892,0,0,0,4,0,0,0,0,0,0,0,0,0,NA,0
"119","MSB:Fish:2795",1969,4,2,"MSB 2795-1","JAR8932F","BP","JG","07-09-2025",NA,45,35,820,"control","control_1961-1970",35.253452,-106.592892,0,0,0,0,0,0,0,0,0,0,0,0,0,NA,0
"120","MSB:Fish:2795",1969,4,2,"MSB 2795-3","JAR8921F","BP","GC","07-09-2025",NA,46,37,885,"control","control_1961-1970",35.253452,-106.592892,0,0,0,4,0,0,0,0,0,0,0,0,0,"0",0
"121","MSB:Fish:280",1949,10,28,"MSB 280-3","JAR8830F","BP","EO","07-08-2025","F",28,20,184,"impact","impact_1941-1950",35.155761,-106.655157,0,0,0,0,0,0,0,0,0,0,0,0,0,NA,0
"122","MSB:Fish:280",1949,10,28,"MSB 280-4","JAR8828F","JG","JG","07-08-2025",NA,43,35,824,"impact","impact_1941-1950",35.155761,-106.655157,0,0,0,0,0,0,0,0,0,0,0,0,0,"0",0
"123","MSB:Fish:280",1949,10,28,"MSB 280-1","JAR8833F","BP","BP","07-08-2025",NA,33,26,379,"impact","impact_1941-1950",35.155761,-106.655157,0,0,0,0,0,0,0,0,0,0,0,0,0,NA,0
"124","MSB:Fish:280",1949,10,28,"MSB 280-5","JAR8826F","JG","JG","07-08-2025",NA,28,23,238,"impact","impact_1941-1950",35.155761,-106.655157,0,0,0,0,0,0,0,0,0,0,0,0,0,NA,0
"125","MSB:Fish:280",1949,10,28,"MSB 280-2","JAR8831F","JG","KL","07-08-2025","F",42,33,733,"impact","impact_1941-1950",35.155761,-106.655157,0,0,0,0,6,0,0,0,0,0,0,0,0,"0",0
"126","MSB:Fish:285",1961,2,17,"MSB 285-3","JAR11528F","EO","KL","07-15-2025","F",42,34,741,"impact","impact_1961-1970",35.051774,-106.671997,0,0,0,0,8,0,0,0,0,0,0,0,0,NA,0
"127","MSB:Fish:285",1961,2,17,"MSB 285-2","JAR11525F","BP","GC","07-15-2025",NA,32,25,318,"impact","impact_1961-1970",35.051774,-106.671997,0,0,0,16,0,0,0,0,0,0,0,0,0,NA,0
"128","MSB:Fish:285",1961,2,17,"MSB 285-1","JAR11517F","EO","KL","07-15-2025","F",46,37,1064,"impact","impact_1961-1970",35.051774,-106.671997,0,0,0,18,0,0,0,0,0,0,0,0,0,"0",0
"129","MSB:Fish:285",1961,2,17,"MSB 285-4","JAR11530F","BP","KL","07-15-2025","F",34,26,419,"impact","impact_1961-1970",35.051774,-106.671997,1,0,4,14,0,0,0,0,0,0,0,0,0,"0",0
"130","MSB:Fish:285",1961,2,17,"MSB 285-5","JAR11520F","EO","EO","07-15-2025","F",29,23,224,"impact","impact_1961-1970",35.051774,-106.671997,0,0,0,6,0,0,0,0,0,0,0,0,0,"0",0
"131","MSB:Fish:288",1949,12,3,"MSB 288-1","JAR11272F","BP","GC","07-11-2025","F",41,32,695,"impact","impact_1941-1950",35.068939,-106.663683,0,0,0,2,0,0,0,0,0,0,0,0,0,NA,0
"132","MSB:Fish:288",1949,12,3,"MSB 288-4","JAR11269F","BP","BP","07-11-2025",NA,28,22,247,"impact","impact_1941-1950",35.068939,-106.663683,0,0,0,0,0,0,0,0,0,0,0,0,0,"0",0
"133","MSB:Fish:288",1949,12,3,"MSB 288-5","JAR11268F","EO","EO","07-11-2025","F",35,28,413,"impact","impact_1941-1950",35.068939,-106.663683,0,0,0,2,0,0,0,0,0,0,0,0,0,"0",0
"134","MSB:Fish:288",1949,12,3,"MSB 288-3","JAR11270F","EO","KL","07-11-2025","F",49,40,1240,"impact","impact_1941-1950",35.068939,-106.663683,0,0,0,0,6,0,0,0,0,0,0,0,0,NA,0
"135","MSB:Fish:288",1949,12,3,"MSB 288-2","JAR11271F","BP","BP","07-11-2025",NA,30,27,461,"impact","impact_1941-1950",35.068939,-106.663683,0,0,0,2,0,0,0,0,0,0,0,0,0,"0",0
"136","MSB:Fish:292",1961,2,12,"MSB 292-3","JAR11553F","JG","KL","07-16-2025","M",25,21,138,"control","control_1961-1970",35.408152,-106.470544,0,0,NA,2,2,0,0,0,0,0,0,0,0,NA,0
"137","MSB:Fish:292",1961,2,12,"MSB 292-1","JAR11556F","BP","KL","07-16-2025","M",31,24,273,"control","control_1961-1970",35.408152,-106.470544,0,0,0,4,0,0,2,0,0,0,0,0,0,"0",0
"138","MSB:Fish:292",1961,2,12,"MSB 292-5","JAR11547F","JG","JG","07-16-2025",NA,25,21,167,"control","control_1961-1970",35.408152,-106.470544,0,0,0,4,0,0,0,0,0,0,0,0,0,NA,0
"139","MSB:Fish:292",1961,2,12,"MSB 292-4","JAR11550F","BP","KL","07-16-2025","F",33,25,342,"control","control_1961-1970",35.408152,-106.470544,0,0,0,16,2,0,0,0,0,0,0,0,0,"0",0
"140","MSB:Fish:292",1961,2,12,"MSB 292-2","JAR11534F","JG","JG","07-16-2025",NA,25,20,132,"control","control_1961-1970",35.408152,-106.470544,0,0,0,4,0,0,0,0,0,0,0,0,0,NA,0
"141","MSB:Fish:305",1949,7,21,"MSB 305-2","JAR8913F","BP","GC","07-09-2025",NA,41,32,810,"impact","impact_1941-1950",35.204443,-106.610046,0,0,0,34,0,0,0,0,0,0,0,0,0,NA,0
"142","MSB:Fish:305",1949,7,21,"MSB 305-3","JAR8915F","BP","KL","07-09-2025","F",39,31,840,"impact","impact_1941-1950",35.204443,-106.610046,0,0,0,60,0,0,0,0,0,0,0,0,0,"0",0
"143","MSB:Fish:305",1949,7,21,"MSB 305-1","JAR8911F","BP","JG","07-09-2025","F",38,30,653,"impact","impact_1941-1950",35.204443,-106.610046,0,0,0,32,0,0,0,0,0,0,0,0,0,"0",0
"144","MSB:Fish:305",1949,7,21,"MSB 305-5","JAR8918F","BP","KL","07-09-2025",NA,41,34,848,"impact","impact_1941-1950",35.204443,-106.610046,0,0,0,42,0,0,0,0,0,0,0,0,0,NA,0
"145","MSB:Fish:305",1949,7,21,"MSB 305-4","JAR8917F","BP","EO","07-09-2025","F",26,21,146,"impact","impact_1941-1950",35.204443,-106.610046,0,0,0,6,0,0,0,0,0,0,0,0,0,"0",0
"146","MSB:Fish:307",1959,2,24,"MSB 307-1","JAR8797F","BP","GC","07-07-2025","F",30,24,257,"impact","impact_1951-1960",34.987044,-106.690293,0,0,0,0,0,0,0,0,0,0,0,0,0,"0",0
"147","MSB:Fish:307",1959,2,24,"MSB 307-2","JAR8796F","JG","KL","07-07-2025","F",31,23,295,"impact","impact_1951-1960",34.987044,-106.690293,0,0,0,2,0,0,0,0,0,0,0,0,0,NA,0
"148","MSB:Fish:307",1959,2,24,"MSB 307-5","JAR8793F","JG","GC","07-07-2025",NA,33,24,304,"impact","impact_1951-1960",34.987044,-106.690293,0,0,0,0,0,0,0,0,0,0,0,0,0,"0",0
"149","MSB:Fish:307",1959,2,24,"MSB 307-4","JAR8794F","BP","KL","07-07-2025","F",31,26,296,"impact","impact_1951-1960",34.987044,-106.690293,0,0,0,0,0,0,0,0,0,0,0,0,0,"0",0
"150","MSB:Fish:307",1959,2,24,"MSB 307-3","JAR8795F","BP","KL","07-07-2025",NA,31,25,277,"impact","impact_1951-1960",34.987044,-106.690293,0,0,0,4,0,0,0,0,0,0,0,0,0,NA,0
"151","MSB:Fish:30771",1996,10,30,"MSB 30771-3","JAR11025F","KL","KL","07-28-2025",NA,39,32,613,"control","control_1991-2000",35.38033333,-106.4990556,0,0,0,0,2,0,0,0,0,0,0,0,0,"0",0
"152","MSB:Fish:30771",1996,10,30,"MSB 30771-2","JAR11024F","KL","KL","07-28-2025",NA,34,27,361,"control","control_1991-2000",35.38033333,-106.4990556,0,0,0,0,10,0,0,0,0,0,0,0,0,"0",0
"153","MSB:Fish:30771",1996,10,30,"MSB 30771-1","JAR11030F","KL","KL","07-28-2025",NA,27,21,182,"control","control_1991-2000",35.38033333,-106.4990556,0,0,0,0,2,0,0,0,0,0,0,0,0,"0",0
"154","MSB:Fish:30771",1996,10,30,"MSB 30771-5","JAR11033F","KL","KL","07-28-2025","M",30,23,241,"control","control_1991-2000",35.38033333,-106.4990556,0,0,0,0,8,0,0,0,0,0,0,0,0,"0",0
"155","MSB:Fish:30771",1996,10,30,"MSB 30771-4","JAR11028F","KL","KL","07-28-2025",NA,26,20,165,"control","control_1991-2000",35.38033333,-106.4990556,0,0,0,2,0,0,0,0,0,0,0,0,0,"0",0
"156","MSB:Fish:315",1949,7,28,"MSB 315-3","JAR11521F","JG","KL","07-15-2025",NA,33,27,445,"impact","impact_1941-1950",35.188761,-106.64706,0,0,0,2,0,10,0,0,0,0,0,0,0,NA,0
"157","MSB:Fish:315",1949,7,28,"MSB 315-2","JAR11524F","BP","KL","07-15-2025","F",38,30,666,"impact","impact_1941-1950",35.188761,-106.64706,0,0,0,18,0,4,0,0,0,0,0,0,0,"0",0
"158","MSB:Fish:315",1949,7,28,"MSB 315-4","JAR11527F","BP","KL","07-15-2025","F",31,24,301,"impact","impact_1941-1950",35.188761,-106.64706,0,0,0,4,0,10,0,0,0,0,0,0,0,NA,0
"159","MSB:Fish:315",1949,7,28,"MSB 315-1","JAR11522F","JG","BP","07-15-2025",NA,38,31,711,"impact","impact_1941-1950",35.188761,-106.64706,0,0,0,0,0,0,0,0,0,0,0,0,0,NA,0
"160","MSB:Fish:315",1949,7,28,"MSB 315-5","JAR11544F","JG","EO","07-15-2025","F",35,28,417,"impact","impact_1941-1950",35.188761,-106.64706,0,0,0,2,0,2,0,0,0,0,0,0,0,"0",0
"161","MSB:Fish:324",1950,10,18,"MSB 324-2","JAR11336F","BP","KL","07-10-2025","F",45,36,1097,"control","control_1941-1950",35.229809,-106.616288,0,0,0,0,24,0,0,0,0,0,0,0,0,NA,0
"162","MSB:Fish:324",1950,10,18,"MSB 324-1","JAR11335F","JG","KL","07-10-2025","F",39,33,691,"control","control_1941-1950",35.229809,-106.616288,0,0,0,0,0,0,0,0,1,0,0,0,0,NA,0
"163","MSB:Fish:324",1950,10,18,"MSB 324-5","JAR11339F","BP","KL","07-10-2025","F",39,31,754,"control","control_1941-1950",35.229809,-106.616288,0,0,0,0,8,0,0,0,0,0,0,0,0,"0",0
"164","MSB:Fish:324",1950,10,18,"MSB 324-4","JAR11338F","BP","GC","07-10-2025",NA,46,36,1172,"control","control_1941-1950",35.229809,-106.616288,0,0,0,12,0,0,0,0,0,0,0,0,0,NA,0
"165","MSB:Fish:324",1950,10,18,"MSB 324-3","JAR11337F","BP","GC","07-10-2025",NA,49,39,1841,"control","control_1941-1950",35.229809,-106.616288,0,0,0,10,0,0,0,0,0,0,0,0,0,NA,0
"166","MSB:Fish:326",1949,7,21,"MSB 326-5","JAR8924F","EO","JG","07-09-2025","F",38,32,628,"impact","impact_1941-1950",35.210652,-106.627124,0,0,0,4,0,0,0,0,0,0,0,0,0,"0",0
"167","MSB:Fish:326",1949,7,21,"MSB 326-4","JAR8933F","EO","KL","07-09-2025","F",33,27,421,"impact","impact_1941-1950",35.210652,-106.627124,0,0,0,4,0,0,0,0,0,0,0,0,0,NA,0
"168","MSB:Fish:326",1949,7,21,"MSB 326-3","JAR8931F","KL","KL","07-09-2025",NA,36,30,581,"impact","impact_1941-1950",35.210652,-106.627124,0,0,0,0,0,0,0,0,0,0,0,0,0,NA,0
"169","MSB:Fish:326",1949,7,21,"MSB 326-2","JAR8926F","KL","GC","07-09-2025","F",34,28,560,"impact","impact_1941-1950",35.210652,-106.627124,0,0,0,6,0,0,0,0,0,0,0,0,0,NA,0
"170","MSB:Fish:326",1949,7,21,"MSB 326-1","JAR8922F","KL","KL","07-09-2025","F",33,27,355,"impact","impact_1941-1950",35.210652,-106.627124,0,0,0,4,0,0,0,0,0,0,0,0,0,"0",0
"171","MSB:Fish:327",1942,2,28,"MSB 327-1","JAR8840F","EO","GC","07-08-2025","F",45,36,927,"control","control_1941-1950",35.37417,-106.49278,0,0,0,0,0,0,0,0,0,0,0,0,0,"0",0
"172","MSB:Fish:327",1942,2,28,"MSB 327-4","JAR8842F","EO","GC","07-08-2025",NA,32,25,257,"control","control_1941-1950",35.37417,-106.49278,0,0,0,0,0,0,0,0,0,0,0,0,0,"0",0
"173","MSB:Fish:327",1942,2,28,"MSB 327-3","JAR8846F","BP","GC","07-08-2025","F",45,36,910,"control","control_1941-1950",35.37417,-106.49278,0,0,0,0,0,0,0,0,0,0,0,0,0,"0",0
"174","MSB:Fish:327",1942,2,28,"MSB 327-2","JAR8903F","EO","JG","07-08-2025",NA,47,38,1118,"control","control_1941-1950",35.37417,-106.49278,0,0,0,0,0,0,0,0,0,0,0,0,0,"0",0
"175","MSB:Fish:327",1942,2,28,"MSB 327-5","JAR8844F","BP","GC","07-08-2025","F",25,20,131,"control","control_1941-1950",35.37417,-106.49278,0,0,0,0,0,0,0,0,0,0,0,0,0,"0",0
"176","MSB:Fish:330",1949,11,5,"MSB 330-1","JAR11350F","EO","JG","07-10-2025",NA,45,36,982,"control","control_1941-1950",35.211994,-106.631125,0,0,0,2,0,0,0,0,0,0,0,0,0,NA,0
"177","MSB:Fish:330",1949,11,5,"MSB 330-3","JAR11356F","EO","GC","07-10-2025",NA,29,23,241,"control","control_1941-1950",35.211994,-106.631125,0,0,0,12,0,0,0,0,0,0,0,0,0,"0",0
"178","MSB:Fish:330",1949,11,5,"MSB 330-4","JAR11353F","JG","BP","07-10-2025",NA,32,26,276,"control","control_1941-1950",35.211994,-106.631125,0,0,0,0,0,0,0,0,0,0,0,0,0,"0",0
"179","MSB:Fish:330",1949,11,5,"MSB 330-5","JAR11369F","JG","EO","07-10-2025","F",26,22,195,"control","control_1941-1950",35.211994,-106.631125,0,0,0,0,0,0,0,0,0,0,0,0,0,NA,0
"180","MSB:Fish:330",1949,11,5,"MSB 330-2","JAR11347F","JG","BP","07-10-2025",NA,34,28,374,"control","control_1941-1950",35.211994,-106.631125,0,0,0,0,4,0,0,0,0,0,0,0,0,"0",0
"181","MSB:Fish:334",1952,5,3,"MSB 334-1","JAR11113F","BP","KL","07-16-2025",NA,33,26,309,"control","control_1951-1960",35.302146,-106.571551,0,0,0,10,4,0,0,0,1,0,0,0,0,"0",0
"182","MSB:Fish:334",1952,5,3,"MSB 334-3","JAR11107F","BP","JG","07-16-2025",NA,30,24,217,"control","control_1951-1960",35.302146,-106.571551,0,0,0,0,0,0,0,0,0,0,0,0,0,"0",0
"183","MSB:Fish:334",1952,5,3,"MSB 334-5","JAR11108F","BP","GC","07-16-2025",NA,27,22,179,"control","control_1951-1960",35.302146,-106.571551,0,0,0,2,0,0,0,0,0,0,0,0,0,"0",0
"184","MSB:Fish:334",1952,5,3,"MSB 334-4","JAR11116F","BP","EO","07-16-2025","F",30,23,233,"control","control_1951-1960",35.302146,-106.571551,0,0,0,0,0,0,0,0,0,0,0,0,0,"0",0
"185","MSB:Fish:334",1952,5,3,"MSB 334-2","JAR11110F","BP","EO","07-16-2025","F",31,25,293,"control","control_1951-1960",35.302146,-106.571551,0,0,0,6,0,0,0,0,0,0,0,0,0,"0",0
"186","MSB:Fish:3391",1965,5,18,"MSB 3391-1","JAR11370F","EO","KL","07-10-2025","F",41,35,794,"control","control_1961-1970",35.383813,-106.481,0,0,0,2,0,10,0,0,0,0,0,0,0,"0",0
"187","MSB:Fish:3391",1965,5,18,"MSB 3391-2","JAR11366F","EO","GC","07-10-2025","M",28,23,188,"control","control_1961-1970",35.383813,-106.481,0,0,0,0,0,4,0,0,0,0,0,0,0,NA,0
"188","MSB:Fish:3391",1965,5,18,"MSB 3391-5","JAR11367F","EO","JG","07-10-2025","F",35,28,522,"control","control_1961-1970",35.383813,-106.481,0,0,0,0,0,6,0,0,0,0,0,0,0,"0",0
"189","MSB:Fish:3391",1965,5,18,"MSB 3391-4","JAR11364F","EO","KL","07-10-2025",NA,33,27,348,"control","control_1961-1970",35.383813,-106.481,0,0,0,0,0,4,0,0,0,0,0,0,0,NA,0
"190","MSB:Fish:3391",1965,5,18,"MSB 3391-3","JAR11363F","EO","EO","07-10-2025","F",31,26,296,"control","control_1961-1970",35.383813,-106.481,0,0,0,0,0,0,0,0,0,0,0,0,0,NA,0
"191","MSB:Fish:3421",1972,6,19,"MSB 3421-1","JAR11296F","EO","KL","07-14-2025","F",36,29,612,"control","control_1971-1980",35.249718,-106.603396,0,0,0,4,0,0,0,0,0,0,0,0,0,NA,0
"192","MSB:Fish:3421",1972,6,19,"MSB 3421-4","JAR11294F","EO","KL","07-14-2025","F",40,33,736,"control","control_1971-1980",35.249718,-106.603396,0,0,0,2,0,0,0,0,0,0,0,0,0,"0",0
"193","MSB:Fish:3421",1972,6,19,"MSB 3421-2","JAR11288F","EO","KL","07-14-2025","F",46,37,1270,"control","control_1971-1980",35.249718,-106.603396,0,0,0,0,0,0,0,0,0,0,0,0,0,NA,0
"194","MSB:Fish:3421",1972,6,19,"MSB 3421-5","JAR11293F","EO","KL","07-14-2025","F",44,36,1076,"control","control_1971-1980",35.249718,-106.603396,0,0,0,34,0,0,0,0,0,0,0,0,0,NA,0
"195","MSB:Fish:3421",1972,6,19,"MSB 3421-3","JAR11291F","EO","KL","07-14-2025","F",42,35,996,"control","control_1971-1980",35.249718,-106.603396,0,0,0,4,0,0,0,0,0,0,0,0,0,NA,0
"196","MSB:Fish:365",1947,9,27,"MSB 365-1","JAR11529F","JG","JG","07-15-2025",NA,39,33,608,"control","control_1941-1950",35.321576,-106.555389,0,0,0,0,0,5,0,0,0,0,0,0,0,NA,0
"197","MSB:Fish:365",1947,9,27,"MSB 365-5","JAR11531F","JG","JG","07-15-2025",NA,32,25,251,"control","control_1941-1950",35.321576,-106.555389,0,0,0,0,0,0,0,0,0,0,0,0,0,NA,0
"198","MSB:Fish:365",1947,9,27,"MSB 365-2","JAR11532F","BP","KL","07-15-2025","F",38,29,390,"control","control_1941-1950",35.321576,-106.555389,0,0,0,0,0,8,0,0,0,0,0,0,0,NA,0
"199","MSB:Fish:365",1947,9,27,"MSB 365-3","JAR11526F","JG","KL","07-15-2025","F",37,29,507,"control","control_1941-1950",35.321576,-106.555389,0,0,0,8,0,0,0,0,0,0,0,0,0,NA,0
"200","MSB:Fish:365",1947,9,27,"MSB 365-4","JAR11523F","BP","KL","07-15-2025",NA,38,30,356,"control","control_1941-1950",35.321576,-106.555389,0,0,0,12,0,0,0,0,1,0,0,0,0,NA,0
"201","MSB:Fish:38942",1997,7,5,"MSB 38942-5","JAR11115F","EO","GC","07-17-2025","F",41,32,883,"control","control_1991-2000",35.28302778,-106.5981389,0,0,0,4,0,0,0,0,0,0,0,0,0,"0",0
"202","MSB:Fish:38942",1997,7,5,"MSB 38942-1","JAR11120F","EO","GC","07-17-2025","F",50,42,2039,"control","control_1991-2000",35.28302778,-106.5981389,0,0,0,6,0,0,0,0,0,0,0,0,0,"0",0
"203","MSB:Fish:38942",1997,7,5,"MSB 38942-2","JAR11119F","EO","KL","07-17-2025","F",47,39,1803,"control","control_1991-2000",35.28302778,-106.5981389,0,0,0,24,0,0,0,0,0,0,0,0,0,"0",0
"204","MSB:Fish:38942",1997,7,5,"MSB 38942-3","JAR11121F","EO","KL","07-17-2025","F",45,38,1685,"control","control_1991-2000",35.28302778,-106.5981389,0,0,0,8,0,0,0,0,0,0,0,0,0,NA,0
"205","MSB:Fish:38942",1997,7,5,"MSB 38942-4","JAR11118F","EO","KL","07-17-2025","F",46,38,1451,"control","control_1991-2000",35.28302778,-106.5981389,0,0,0,12,0,0,0,0,0,0,0,0,2,"0",0
"206","MSB:Fish:39100",1997,10,15,"MSB 39100-1","JAR11577F","BP","JG","07-17-2025",NA,34,26,374,"control","control_1991-2000",35.322164,-106.557448,0,0,0,0,2,0,0,0,0,0,0,0,0,"0",0
"207","MSB:Fish:39100",1997,10,15,"MSB 39100-2","JAR11573F","BP","EO","07-17-2025","F",38,28,500,"control","control_1991-2000",35.322164,-106.557448,0,0,0,0,8,0,0,0,0,0,0,0,0,NA,0
"208","MSB:Fish:39100",1997,10,15,"MSB 39100-4","JAR11575F","BP","GC","07-17-2025","F",34,26,403,"control","control_1991-2000",35.322164,-106.557448,0,0,0,0,0,0,0,0,0,0,0,0,0,"0",0
"209","MSB:Fish:39100",1997,10,15,"MSB 39100-5","JAR11576F","BP","GC","07-17-2025","F",25,19,144,"control","control_1991-2000",35.322164,-106.557448,0,0,0,0,0,0,0,0,0,0,0,0,0,NA,0
"210","MSB:Fish:39100",1997,10,15,"MSB 39100-3","JAR11574F","BP","KL","07-17-2025","M",25,20,167,"control","control_1991-2000",35.322164,-106.557448,0,0,0,0,0,2,0,0,0,0,0,0,0,"0",0
"211","MSB:Fish:3993",1977,9,28,"MSB 3993-4","JAR11626F","BP","GC","07-21-2025","F",29,23,333,"impact","impact_1971-1980",35.136341,-106.685742,0,0,0,2,0,0,0,0,0,0,0,0,0,"0",0
"212","MSB:Fish:3993",1977,9,28,"MSB 3993-1","JAR11623F","JG","GC","07-21-2025",NA,25,20,170,"impact","impact_1971-1980",35.136341,-106.685742,0,0,0,4,0,0,0,0,0,0,0,0,0,"0",0
"213","MSB:Fish:3993",1977,9,28,"MSB 3993-2","JAR11621F","BP","GC","07-21-2025","F",26,20,224,"impact","impact_1971-1980",35.136341,-106.685742,0,0,0,12,0,0,0,0,0,0,0,0,0,"0",0
"214","MSB:Fish:3993",1977,9,28,"MSB 3993-3","JAR11618F","JG","BP","07-21-2025","M",28,21,181,"impact","impact_1971-1980",35.136341,-106.685742,0,0,0,8,0,0,0,0,0,0,0,0,0,"0",0
"215","MSB:Fish:3993",1977,9,28,"MSB 3993-5","JAR11620F","JG","BP","07-21-2025","M",27,21,186,"impact","impact_1971-1980",35.136341,-106.685742,0,0,0,4,0,0,0,0,0,0,0,0,0,"0",0
"216","MSB:Fish:4012",1977,9,28,"MSB 4012-5","JAR11616F","JG","JG","07-21-2025",NA,25,21,169,"impact","impact_1971-1980",35.134932,-106.690783,0,0,0,4,0,0,0,0,0,0,0,0,0,"0",0
"217","MSB:Fish:4012",1977,9,28,"MSB 4012-1","JAR11607F","JG","EO","07-21-2025","F",32,25,365,"impact","impact_1971-1980",35.134932,-106.690783,0,0,0,0,0,0,0,0,0,0,0,0,0,"0",0
"218","MSB:Fish:4012",1977,9,28,"MSB 4012-4","JAR11613F","BP","GC","07-21-2025","F",26,20,178,"impact","impact_1971-1980",35.134932,-106.690783,0,0,0,0,0,0,0,0,0,0,0,0,0,"0",0
"219","MSB:Fish:4012",1977,9,28,"MSB 4012-3","JAR11617F","JG","GC","07-21-2025","F",32,27,303,"impact","impact_1971-1980",35.134932,-106.690783,0,0,0,0,0,0,0,0,0,0,0,0,0,"1",0
"220","MSB:Fish:4012",1977,9,28,"MSB 4012-2","JAR11610F","BP","GC","07-21-2025","F",31,24,316,"impact","impact_1971-1980",35.134932,-106.690783,0,0,0,0,0,0,0,0,0,0,0,0,0,"0",0
"221","MSB:Fish:4056",1978,5,19,"MSB 4056-2","JAR11322F","EO","KL","07-14-2025","F",36,28,566,"control","control_1971-1980",35.253481,-106.591225,0,0,0,6,0,0,0,0,0,0,0,0,0,NA,0
"222","MSB:Fish:4056",1978,5,19,"MSB 4056-3","JAR11318F","EO","JG","07-14-2025","F",37,28,549,"control","control_1971-1980",35.253481,-106.591225,0,0,0,8,0,6,0,0,0,0,0,0,0,NA,0
"223","MSB:Fish:4056",1978,5,19,"MSB 4056-4","JAR11317F","EO","JG","07-14-2025","F",34,28,483,"control","control_1971-1980",35.253481,-106.591225,0,0,0,0,0,0,0,0,0,0,0,0,0,NA,0
"224","MSB:Fish:4056",1978,5,19,"MSB 4056-1","JAR11319F","EO","GC","07-14-2025","F",37,30,644,"control","control_1971-1980",35.253481,-106.591225,0,0,0,6,0,0,0,0,0,0,0,0,0,NA,0
"225","MSB:Fish:4056",1978,5,19,"MSB 4056-5","JAR11321F","EO","GC","07-14-2025","F",34,28,581,"control","control_1971-1980",35.253481,-106.591225,0,0,0,4,0,0,0,0,0,0,0,0,0,"0",0
"226","MSB:Fish:4086",1978,9,29,"MSB 4086-3","JAR11342F","BP","JG","07-11-2025",NA,31,24,340,"control","control_1971-1980",35.380072,-106.499406,0,0,0,4,0,10,0,0,0,0,0,0,0,NA,0
"227","MSB:Fish:4086",1978,9,29,"MSB 4086-5","JAR11340F","BP","GC","07-11-2025","M",29,23,261,"control","control_1971-1980",35.380072,-106.499406,0,0,0,0,0,0,0,0,0,0,0,0,0,"0",0
"228","MSB:Fish:4086",1978,9,29,"MSB 4086-4","JAR11341F","BP","GC","07-11-2025","F",26,19,139,"control","control_1971-1980",35.380072,-106.499406,0,0,0,4,0,0,0,0,0,0,0,0,0,"0",0
"229","MSB:Fish:4086",1978,9,29,"MSB 4086-2","JAR11344F","BP","EO","07-11-2025","F",40,30,701,"control","control_1971-1980",35.380072,-106.499406,0,0,0,0,0,0,0,0,0,0,0,0,0,NA,0
"230","MSB:Fish:4086",1978,9,29,"MSB 4086-1","JAR11345F","BP","KL","07-11-2025","F",41,32,795,"control","control_1971-1980",35.380072,-106.499406,0,0,0,0,12,0,0,0,0,0,0,0,0,"0",0
"231","MSB:Fish:4172",1977,5,10,"MSB 4172-2","JAR11329F","JG","GC","07-14-2025","F",33,29,347,"control","control_1971-1980",35.26637,-106.598674,0,0,0,4,0,0,0,0,0,0,0,0,0,NA,0
"232","MSB:Fish:4172",1977,5,10,"MSB 4172-3","JAR11330F","BP","KL","07-14-2025","F",27,21,170,"control","control_1971-1980",35.26637,-106.598674,0,0,0,4,0,0,0,0,0,0,0,0,0,"0",0
"233","MSB:Fish:4172",1977,5,10,"MSB 4172-4","JAR11327F","BP","GC","07-14-2025","M",27,21,150,"control","control_1971-1980",35.26637,-106.598674,0,0,0,8,0,0,0,0,0,0,0,0,0,"0",0
"234","MSB:Fish:4172",1977,5,10,"MSB 4172-1","JAR11328F","BP","KL","07-14-2025",NA,29,24,252,"control","control_1971-1980",35.26637,-106.598674,0,0,0,4,0,0,0,0,0,0,0,0,0,NA,0
"235","MSB:Fish:4172",1977,5,10,"MSB 4172-5","JAR11326F","JG","JG","07-14-2025",NA,27,21,137,"control","control_1971-1980",35.26637,-106.598674,0,0,0,6,0,0,0,0,0,0,0,0,0,"0",0
"236","MSB:Fish:4176",1978,5,21,"MSB 4176-5","JAR8822F","JG","KL","07-08-2025","F",29,23,368,"control","control_1971-1980",35.253481,-106.591225,0,0,0,10,0,0,0,0,0,0,0,0,0,"0",0
"237","MSB:Fish:4176",1978,5,21,"MSB 4176-1","JAR8821F","BP","JG","07-08-2025","F",38,31,741,"control","control_1971-1980",35.253481,-106.591225,0,0,0,0,0,0,0,0,0,0,0,0,0,"0",0
"238","MSB:Fish:4176",1978,5,21,"MSB 4176-3","JAR8818F","JG","KL","07-08-2025","F",33,26,425,"control","control_1971-1980",35.253481,-106.591225,0,0,0,2,0,0,0,0,0,0,0,0,0,"1",0
"239","MSB:Fish:4176",1978,5,21,"MSB 4176-2","JAR8816F","BP","EO","07-08-2025","F",39,31,798,"control","control_1971-1980",35.253481,-106.591225,0,0,0,0,0,0,0,0,0,0,0,0,0,"0",0
"240","MSB:Fish:4176",1978,5,21,"MSB 4176-4","JAR8820F","BP","JG","07-08-2025","F",38,30,806,"control","control_1971-1980",35.253481,-106.591225,0,0,0,12,0,0,0,0,0,0,0,0,0,"0",0
"241","MSB:Fish:43165",1999,4,21,"MSB 43165-3","JAR11124F","EO","KL","07-17-2025","F",35,27,471,"impact","impact_1991-2000",35.027111,-106.672944,0,0,0,22,0,0,0,0,0,0,0,0,0,"0",0
"242","MSB:Fish:43165",1999,4,21,"MSB 43165-4","JAR11123F","EO","JG GC","07-17-2025","F",38,30,636,"impact","impact_1991-2000",35.027111,-106.672944,0,0,0,0,0,0,0,0,0,0,0,0,0,NA,0
"243","MSB:Fish:43165",1999,4,21,"MSB 43165-2","JAR11125F","EO","EO","07-17-2025","F",38,30,668,"impact","impact_1991-2000",35.027111,-106.672944,0,0,0,2,0,0,0,0,0,0,0,0,NA,NA,0
"244","MSB:Fish:43165",1999,4,21,"MSB 43165-1","JAR11126F","EO","GC","07-17-2025","F",33,27,464,"impact","impact_1991-2000",35.027111,-106.672944,0,0,0,4,0,0,0,0,0,0,0,0,0,"0",0
"245","MSB:Fish:43165",1999,4,21,"MSB 43165-5","JAR11122F","EO","KL","07-17-2025","F",40,32,732,"impact","impact_1991-2000",35.027111,-106.672944,0,0,0,2,0,0,0,0,0,0,0,0,5,NA,0
"246","MSB:Fish:43242",1999,7,14,"MSB 43242-5","JAR11026F","KL","KL","07-28-2025",NA,41,33,899,"control","control_1991-2000",35.28302778,-106.5981389,0,0,0,6,0,0,0,0,0,0,0,0,0,"0",0
"247","MSB:Fish:43242",1999,7,14,"MSB 43242-4","JAR11034F","KL","KL","07-28-2025","F",32,25,344,"control","control_1991-2000",35.28302778,-106.5981389,0,0,0,8,4,0,0,0,0,0,0,0,0,"0",0
"248","MSB:Fish:43242",1999,7,14,"MSB 43242-3","JAR11029F","KL","KL","07-28-2025","F",32,25,338,"control","control_1991-2000",35.28302778,-106.5981389,0,0,0,4,0,0,0,0,0,0,0,0,0,"0",0
"249","MSB:Fish:43242",1999,7,14,"MSB 43242-2","JAR11032F","KL","KL","07-28-2025",NA,32,26,416,"control","control_1991-2000",35.28302778,-106.5981389,0,0,0,0,0,0,0,0,0,0,0,0,0,"0",0
"250","MSB:Fish:43242",1999,7,14,"MSB 43242-1","JAR11031F","KL","KL","07-28-2025",NA,29,22,249,"control","control_1991-2000",35.28302778,-106.5981389,0,0,0,0,0,0,0,0,0,0,0,0,0,"0",0
"251","MSB:Fish:43251",1999,7,15,"MSB 43251-2","JAR11011F","KL","KL","07-23-2025","F",37,29,616,"impact","impact_1991-2000",35.089293,-106.680842,0,0,0,0,0,0,0,0,0,0,0,0,0,NA,0
"252","MSB:Fish:43251",1999,7,15,"MSB 43251-1","JAR11014F","KL","KL","07-23-2025",NA,32,26,384,"impact","impact_1991-2000",35.089293,-106.680842,0,0,0,4,0,0,0,0,0,0,0,0,0,NA,0
"253","MSB:Fish:43251",1999,7,15,"MSB 43251-4","JAR11018F","KL","KL","07-23-2025","F",32,25,392,"impact","impact_1991-2000",35.089293,-106.680842,0,0,0,2,6,0,0,0,0,0,0,0,0,NA,0
"254","MSB:Fish:43251",1999,7,15,"MSB 43251-5","JAR11019F","KL","KL","07-23-2025","F",34,27,NA,"impact","impact_1991-2000",35.089293,-106.680842,0,0,0,10,0,0,0,0,0,0,0,0,0,"0",0
"255","MSB:Fish:43251",1999,7,15,"MSB 43251-3","JAR11017F","KL","KL","07-23-2025","F",33,27,379,"impact","impact_1991-2000",35.089293,-106.680842,0,0,0,4,2,0,0,0,0,0,0,0,0,"0",0
"256","MSB:Fish:43370",1999,8,25,"MSB 43370-2","JAR11035F","KL","KL","07-28-2025",NA,28,22,215,"control","control_1991-2000",35.28302778,-106.5981389,0,0,0,0,0,0,0,0,0,0,0,0,0,NA,0
"257","MSB:Fish:43370",1999,8,25,"MSB 43370-3","JAR11036F","KL","KL","07-28-2025",NA,36,29,480,"control","control_1991-2000",35.28302778,-106.5981389,0,0,0,0,0,0,0,0,0,0,0,0,0,NA,0
"258","MSB:Fish:43370",1999,8,25,"MSB 43370-1","JAR11041F","KL","KL","07-28-2025",NA,38,30,NA,"control","control_1991-2000",35.28302778,-106.5981389,0,0,0,2,0,0,0,0,0,0,0,0,0,"1",0
"259","MSB:Fish:43370",1999,8,25,"MSB 43370-5","JAR11043F","KL","KL","07-28-2025","M",30,24,225,"control","control_1991-2000",35.28302778,-106.5981389,0,0,0,0,2,0,0,0,0,0,0,0,0,NA,0
"260","MSB:Fish:43370",1999,8,25,"MSB 43370-4","JAR11042F","KL","KL","07-28-2025",NA,26,20,154,"control","control_1991-2000",35.28302778,-106.5981389,0,0,0,4,0,0,0,0,0,0,0,0,0,NA,0
"261","MSB:Fish:4353",1978,9,8,"MSB 4353-1","JAR11097F","JG","GC","07-16-2025","F",35,29,601,"control","control_1971-1980",35.222784,-106.601974,0,0,0,0,0,0,0,0,0,0,0,0,0,"0",0
"262","MSB:Fish:4353",1978,9,8,"MSB 4353-4","JAR11106F","BP","BP","07-16-2025",NA,25,19,157,"control","control_1971-1980",35.222784,-106.601974,0,0,0,0,0,0,0,1,0,0,0,0,0,"1",0
"263","MSB:Fish:4353",1978,9,8,"MSB 4353-2","JAR11100F","JG","GC","07-16-2025","M",29,24,212,"control","control_1971-1980",35.222784,-106.601974,0,0,0,8,0,0,0,0,0,0,0,0,0,NA,0
"264","MSB:Fish:4353",1978,9,8,"MSB 4353-5","JAR11105F","BP","KL","07-16-2025",NA,25,20,NA,"control","control_1971-1980",35.222784,-106.601974,0,0,0,6,0,0,0,0,0,0,0,0,0,NA,0
"265","MSB:Fish:4353",1978,9,8,"MSB 4353-3","JAR11103F","JG","GC","07-16-2025","M",27,22,151,"control","control_1971-1980",35.222784,-106.601974,0,0,0,0,0,0,0,0,0,0,0,0,0,NA,0
"266","MSB:Fish:4378",1978,9,23,"MSB 4378-3","JAR11554F","JG","KL","07-16-2025","F",38,32,556,"impact","impact_1971-1980",34.905272,-106.685564,0,0,0,4,0,6,0,0,0,0,0,0,0,"1",0
"267","MSB:Fish:4378",1978,9,23,"MSB 4378-5","JAR11545F","BP","GC","07-16-2025","F",36,28,469,"impact","impact_1971-1980",34.905272,-106.685564,0,0,0,0,0,0,0,0,0,0,0,0,0,"0",0
"268","MSB:Fish:4378",1978,9,23,"MSB 4378-3","JAR11546F","BP","KL","07-16-2025","F",42,32,738,"impact","impact_1971-1980",34.905272,-106.685564,0,0,0,2,0,0,0,0,0,0,0,0,0,NA,0
"269","MSB:Fish:4378",1978,9,23,"MSB 4378-2","JAR11551F","BP","JG","07-16-2025","F",38,30,633,"impact","impact_1971-1980",34.905272,-106.685564,0,0,0,6,0,0,0,0,0,0,0,0,0,"0",0
"270","MSB:Fish:4378",1978,9,23,"MSB 4378-1","JAR11548F","BP","KL","07-16-2025","F",37,28,634,"impact","impact_1971-1980",34.905272,-106.685564,0,0,0,2,0,0,0,0,0,0,0,0,0,"0",0
"271","MSB:Fish:438",1978,NA,5,"MSB 4389-1","JAR11516F","JG","GC","07-15-2025",NA,38,31,575,NA,NA,NA,NA,0,0,0,0,0,0,0,0,0,0,0,0,0,NA,0
"272","MSB:Fish:4385",1978,9,6,"MSB 4385-2","JAR8843F","EO","KL","07-08-2025",NA,30,26,273,"impact","impact_1971-1980",34.905272,-106.685564,0,0,0,2,0,6,0,0,0,0,0,0,0,"0",0
"273","MSB:Fish:4385",1978,9,6,"MSB 4385-5","JAR8838F","EO","JG","07-08-2025","F",27,22,197,"impact","impact_1971-1980",34.905272,-106.685564,0,0,0,2,0,0,0,0,0,0,0,0,0,"0",0
"274","MSB:Fish:4385",1978,9,6,"MSB 4385-3","JAR8845F","KL","KL","07-08-2025","F",27,23,204,"impact","impact_1971-1980",34.905272,-106.685564,0,0,0,4,0,4,0,0,0,0,0,0,0,"0",0
"275","MSB:Fish:4385",1978,9,6,"MSB 4385-4","JAR8839","KL","GC","07-08-2025","F",26,22,222,"impact","impact_1971-1980",34.905272,-106.685564,0,0,0,0,0,4,0,0,0,0,0,0,0,NA,0
"276","MSB:Fish:4385",1978,9,6,"MSB 4385-1","JAR8841F","KL","KL","07-08-2025","F",25,21,161,"impact","impact_1971-1980",34.905272,-106.685564,0,0,0,2,0,2,0,0,0,0,0,0,0,NA,0
"277","MSB:Fish:4389",1978,9,5,"MSB 4389-2","JAR11519F","JG","GC","07-15-2025","F",34,28,507,"impact","impact_1971-1980",35.092867,-106.682332,0,0,0,0,0,0,0,0,0,0,0,0,0,"0",0
"278","MSB:Fish:4389",1978,9,5,"MSB 4389-4","JAR11514F","JG","GC","07-15-2025",NA,40,33,716,"impact","impact_1971-1980",35.092867,-106.682332,0,0,0,0,0,2,0,0,0,0,0,0,0,NA,0
"279","MSB:Fish:4389",1978,9,5,"MSB 4389-3","JAR11511F","JG","GC","07-15-2025","M",34,29,461,"impact","impact_1971-1980",35.092867,-106.682332,0,0,0,0,0,0,0,0,0,0,0,0,0,NA,0
"280","MSB:Fish:4389",1978,9,5,"MSB 4389-5","JAR11513F","JG","GC","07-15-2025",NA,38,32,654,"impact","impact_1971-1980",35.092867,-106.682332,0,0,0,0,0,3,0,0,0,0,0,0,0,"0",0
"281","MSB:Fish:4418",1978,8,3,"MSB 4418-1","JAR11292F","BP","GC","07-14-2025","F",43,34,1443,"impact","impact_1971-1980",34.905272,-106.685564,0,0,0,4,0,0,0,0,0,0,0,0,0,NA,0
"282","MSB:Fish:4418",1978,8,3,"MSB 4418-2","JAR11289F","BP","KL","07-14-2025","F",38,30,662,"impact","impact_1971-1980",34.905272,-106.685564,0,0,0,0,0,0,0,0,0,0,0,0,0,"0",0
"283","MSB:Fish:4418",1978,8,3,"MSB 4418-5","JAR11297F","EO","KL","07-14-2025","F",40,33,985,"impact","impact_1971-1980",34.905272,-106.685564,0,0,0,0,0,0,0,0,0,0,0,0,0,NA,0
"284","MSB:Fish:4418",1978,8,3,"MSB 4418-4","JAR11298F","EO","KL","07-14-2025","F",37,30,678,"impact","impact_1971-1980",34.905272,-106.685564,0,0,0,0,0,0,0,0,0,0,0,0,0,"0",0
"285","MSB:Fish:4418",1978,8,3,"MSB 4418-3","JAR11295F","BP","KL","07-14-2025","F",40,31,805,"impact","impact_1971-1980",34.905272,-106.685564,2,0,0,0,0,0,0,0,0,0,0,0,0,"0",0
"286","MSB:Fish:4440",1978,9,5,"MSB 4440-2","JAR11555F","BJG","JG","07-16-2025",NA,28,22,223,"impact","impact_1971-1980",35.090702,-106.684514,0,0,0,0,0,0,0,0,0,0,0,0,0,"0",0
"287","MSB:Fish:4440",1978,9,5,"MSB 4440-1","JAR11552F","BP","JG","07-16-2025",NA,25,20,138,"impact","impact_1971-1980",35.090702,-106.684514,0,0,0,0,0,0,0,0,0,0,0,0,0,"0",0
"288","MSB:Fish:4440",1978,9,5,"MSB 4440-4","JAR11098F","JG","KL","07-16-2025","M",25,21,144,"impact","impact_1971-1980",35.090702,-106.684514,0,0,0,2,0,0,0,0,0,0,0,0,0,NA,0
"289","MSB:Fish:4440",1978,9,5,"MSB 4440-3","JAR11095F","BP","GC","07-16-2025","M",27,20,205,"impact","impact_1971-1980",35.090702,-106.684514,0,0,0,0,0,0,0,0,0,0,0,0,0,"0",0
"290","MSB:Fish:4440",1978,9,5,"MSB 4440-5","JAR11549F","BP","GC","07-16-2025","M",26,20,151,"impact","impact_1971-1980",35.090702,-106.684514,0,0,0,2,0,0,0,0,0,0,0,0,0,"0",0
"291","MSB:Fish:4453",1978,9,5,"MSB 4453-5","JAR8940F","EO","GC","07-10-2025","M",27,22,167,"impact","impact_1971-1980",35.10562,-106.681074,0,0,0,0,0,0,0,0,0,0,0,0,0,"0",0
"292","MSB:Fish:4453",1978,9,5,"MSB 4453-1","JAR11359F","EO","KL","07-10-2025","F",36,30,577,"impact","impact_1971-1980",35.10562,-106.681074,0,0,0,8,0,0,0,0,0,0,0,0,0,NA,0
"293","MSB:Fish:4453",1978,9,5,"MSB 4453-3","JAR8938F","EO","KL","07-10-2025","M",28,22,149,"impact","impact_1971-1980",35.10562,-106.681074,0,0,0,2,0,0,0,0,0,0,0,0,0,"0",0
"294","MSB:Fish:4453",1978,9,5,"MSB 4453-2","JAR8936F","EO ","GC","07-10-2025","F",39,31,742,"impact","impact_1971-1980",35.10562,-106.681074,0,0,0,6,0,0,0,0,0,0,0,0,0,"0",0
"295","MSB:Fish:4453",1978,9,5,"MSB 4453-4","JAR8942F","EO","JG","07-10-2025",NA,26,22,143,"impact","impact_1971-1980",35.10562,-106.681074,0,0,0,0,0,0,0,0,0,0,0,0,0,NA,0
"296","MSB:Fish:4462",1978,6,14,"MSB 4462-1","JAR11541F","BP","BP","07-15-2025",NA,27,22,205,"control","control_1971-1980",35.322164,-106.557448,0,0,0,0,2,0,0,0,0,0,0,0,0,"0",0
"297","MSB:Fish:4462",1978,6,14,"MSB 4462-2","JAR11540F","BP","EO","07-15-2025","F",36,27,517,"control","control_1971-1980",35.322164,-106.557448,0,0,0,8,0,0,0,0,0,0,0,0,0,"0",0
"298","MSB:Fish:4462",1978,6,14,"MSB 4462-5","JAR11535F","BP","GC","07-15-2025","M",26,20,170,"control","control_1971-1980",35.322164,-106.557448,0,0,0,0,0,0,0,0,0,0,0,0,0,NA,0
"299","MSB:Fish:4462",1978,6,14,"MSB 4462-3","JAR11538F","BP","KL","07-15-2025","F",27,20,195,"control","control_1971-1980",35.322164,-106.557448,0,0,0,6,0,0,0,0,0,0,0,0,0,"0",0
"300","MSB:Fish:4462",1978,6,14,"MSB 4462-4","JAR11543F","BP","GC","07-15-2025","M",27,20,197,"control","control_1971-1980",35.322164,-106.557448,0,0,0,0,0,0,0,0,0,0,0,0,0,NA,0
"301","MSB:Fish:4486",1978,9,29,"MSB 4486-1","JAR11274F","JG","KL","07-11-2025","F",29,24,252,"control","control_1971-1980",35.383856,-106.490929,0,0,0,0,4,0,0,0,0,0,0,0,0,"0",0
"302","MSB:Fish:4486",1978,9,29,"MSB 4486-2","JAR11324F","JG","KL","07-11-2025","M",25,20,171,"control","control_1971-1980",35.383856,-106.490929,0,0,0,0,4,0,0,0,0,0,0,0,0,"1",0
"303","MSB:Fish:4486",1978,9,29,"MSB 4486-3","JAR11325F","KL","EO","07-11-2025","F",28,23,227,"control","control_1971-1980",35.383856,-106.490929,0,0,0,0,4,0,0,0,0,0,0,0,0,NA,0
"304","MSB:Fish:4486",1978,9,29,"MSB 4486-4","JAR11323F","KL","KL","07-11-2025",NA,27,22,226,"control","control_1971-1980",35.383856,-106.490929,0,0,0,0,8,0,0,0,0,0,0,0,0,"0",0
"305","MSB:Fish:4486",1978,9,29,"MSB 4486-5","JAR11273F","KL","KL","07-11-2025",NA,25,20,158,"control","control_1971-1980",35.383856,-106.490929,0,0,0,0,4,0,0,0,0,0,0,0,0,"1",0
"306","MSB:Fish:4748",1978,9,5,"MSB 4748-1","JAR8904F","BP","JG","07-09-2025",NA,33,25,374,"impact","impact_1971-1980",35.197227,-106.642667,0,0,0,4,0,0,0,0,0,0,0,0,0,"0",0
"307","MSB:Fish:4748",1978,9,5,"MSB 4748-3","JAR8907F","BP","EO","07-09-2025","F",34,27,362,"impact","impact_1971-1980",35.197227,-106.642667,0,0,0,8,0,0,0,0,0,0,0,0,0,NA,0
"308","MSB:Fish:4748",1978,9,5,"MSB 4748-2","JAR8909F","EO","JG","07-09-2025",NA,36,28,522,"impact","impact_1971-1980",35.197227,-106.642667,0,0,0,0,0,0,0,0,0,0,0,0,0,NA,0
"309","MSB:Fish:4748",1978,9,5,"MSB 4748-5","JAR8905F","BP","GC","07-09-2025",NA,30,24,278,"impact","impact_1971-1980",35.197227,-106.642667,0,0,0,0,0,2,0,0,0,0,0,0,0,"0",0
"310","MSB:Fish:4748",1978,9,5,"MSB 4748-4","JAR8906F","EO","GC","07-09-2025",NA,29,23,213,"impact","impact_1971-1980",35.197227,-106.642667,0,0,0,0,0,0,0,0,0,0,0,0,0,NA,0
"311","MSB:Fish:4750",1978,9,29,"MSB 4750-5","JAR8807F","EO","JG KL","07-07-2025",NA,34,27,447,"control","control_1971-1980",35.385246,-106.478952,0,0,0,10,0,0,0,0,0,0,0,0,0,NA,0
"312","MSB:Fish:4750",1978,9,29,"MSB 4750-3","JAR8809F","EO","GC","07-07-2025","F",44,35,886,"control","control_1971-1980",35.385246,-106.478952,0,0,0,14,0,0,0,0,0,0,0,0,0,NA,0
"313","MSB:Fish:4750",1978,9,29,"MSB 4750-1","JAR8811F","BP","JG GC","07-07-2025","F",40,32,703,"control","control_1971-1980",35.385246,-106.478952,0,0,0,0,0,0,0,0,0,0,0,0,0,"0",0
"314","MSB:Fish:4750",1978,9,29,"MSB 4750-4","JAR8813F","BP","KL","07-07-2025","F",39,31,703,"control","control_1971-1980",35.385246,-106.478952,0,0,0,16,0,0,0,0,0,0,0,0,0,NA,0
"315","MSB:Fish:4750",1978,9,29,"MSB 4750-2","JAR8808F","JG","KL","07-07-2025","F",41,36,1080,"control","control_1971-1980",35.385246,-106.478952,0,0,0,2,0,0,0,0,0,0,0,0,0,"0",0
"316","MSB:Fish:515",1949,11,19,"MSB 515-4","JAR11287F","EO","KL","07-14-2025","F",37,32,1145,"impact","impact_1941-1950",35.20447,-106.610066,0,0,0,0,2,0,0,0,0,0,0,0,0,"0",0
"317","MSB:Fish:515",1949,11,19,"MSB 515-1","JAR11307F","EO","KL","07-14-2025",NA,43,36,964,"impact","impact_1941-1950",35.20447,-106.610066,0,0,0,0,8,0,0,0,0,0,0,0,0,"0",0
"318","MSB:Fish:515",1949,11,19,"MSB 515-3","JAR11290F","EO","GC","07-14-2025","F",39,32,785,"impact","impact_1941-1950",35.20447,-106.610066,0,0,0,2,0,0,0,0,0,0,0,0,0,NA,0
"319","MSB:Fish:515",1949,11,19,"MSB 515-2","JAR11310F","EO","GC","07-14-2025","F",37,30,662,"impact","impact_1941-1950",35.20447,-106.610066,0,0,0,NA,NA,0,0,0,0,0,0,0,0,"0",NA
"320","MSB:Fish:515",1949,11,19,"MSB 515-5","JAR11304F","EO","JG","07-14-2025","F",43,35,1190,"impact","impact_1941-1950",35.20447,-106.610066,0,0,0,0,4,0,0,0,0,0,0,0,0,NA,0
"321","MSB:Fish:5811",1987,9,9,"MSB 5811-4","JAR8806F","EO","KL","07-07-2025","F",34,27,481,"control","control_1981-1990",35.322164,-106.557448,0,0,0,4,0,0,0,0,0,0,0,0,0,NA,0
"322","MSB:Fish:5811",1987,9,9,"MSB 5811-5","JAR8810F","BP","GC","07-07-2025","F",32,26,411,"control","control_1981-1990",35.322164,-106.557448,0,0,0,8,0,0,0,0,0,0,0,0,0,"0",0
"323","MSB:Fish:5811",1987,9,9,"MSB 5811-2","JAR8804F","EO","GC","07-07-2025",NA,41,34,755,"control","control_1981-1990",35.322164,-106.557448,0,0,0,8,0,0,0,0,0,0,0,0,0,"0",0
"324","MSB:Fish:5811",1987,9,9,"MSB 5811-1","JAR8803F","BP","EO GC","07-07-2025","F",39,31,706,"control","control_1981-1990",35.322164,-106.557448,0,0,0,6,0,0,0,0,0,0,0,0,0,"0",0
"325","MSB:Fish:5811",1987,9,9,"MSB 5811-3","JAR8805F","BP","JG KL","07-07-2025",NA,35,27,556,"control","control_1981-1990",35.322164,-106.557448,0,0,0,10,0,0,0,0,0,0,0,0,0,"0",0
"326","MSB:Fish:5822",1987,9,10,"MSB 5822-1","JAR11343F","BP","GC","07-10-2025","F",34,26,358,"impact","impact_1981-1990",34.905272,-106.685564,0,0,0,4,0,0,0,0,0,0,0,0,0,"1",0
"327","MSB:Fish:5822",1987,9,10,"MSB 5822-5","JAR11352F","BP","JG","07-10-2025",NA,29,21,200,"impact","impact_1981-1990",34.905272,-106.685564,0,0,0,0,0,0,0,0,0,0,0,0,0,NA,0
"328","MSB:Fish:5822",1987,9,10,"MSB 5822-2","JAR11346F","BP","GC","07-10-2025","F",36,29,480,"impact","impact_1981-1990",34.905272,-106.685564,0,0,0,0,0,0,0,0,0,0,0,0,0,"0",0
"329","MSB:Fish:5822",1987,9,10,"MSB 5822-4","JAR11355F","JG","JG","07-10-2025",NA,25,20,153,"impact","impact_1981-1990",34.905272,-106.685564,0,0,0,0,0,0,0,0,0,0,0,0,0,"0",0
"330","MSB:Fish:5822",1987,9,10,"MSB 5822-3","JAR11358F","BP","JG","07-10-2025","F",41,32,826,"impact","impact_1981-1990",34.905272,-106.685564,0,0,0,0,0,2,0,0,0,0,0,0,0,NA,0
"331","MSB:Fish:62355",2000,9,14,"MSB 62355-1","JAR11052F","KL","KL","07-28-2025","F",32,25,322,"control","control_1991-2000",35.28373,-106.59878,0,0,0,0,14,0,0,0,0,0,0,0,0,NA,0
"332","MSB:Fish:62355",2000,9,14,"MSB 62355-3","JAR11053F","KL","KL","07-28-2025","F",29,24,210,"control","control_1991-2000",35.28373,-106.59878,0,0,0,4,0,0,0,0,0,0,0,0,0,NA,0
"333","MSB:Fish:62355",2000,9,14,"MSB 62355-2","JAR11055F","KL","KL","07-28-2025",NA,33,26,326,"control","control_1991-2000",35.28373,-106.59878,0,0,0,0,8,0,0,0,0,0,0,0,0,NA,0
"334","MSB:Fish:62355",2000,9,14,"MSB 62355-5","JAR11058F","KL","KL","07-28-2025",NA,25,21,152,"control","control_1991-2000",35.28373,-106.59878,0,0,0,0,8,0,0,0,0,0,0,0,0,NA,0
"335","MSB:Fish:62355",2000,9,14,"MSB 62355-4","JAR11054F","KL","KL","07-28-2025","F",32,25,308,"control","control_1991-2000",35.28373,-106.59878,0,0,0,8,0,0,0,0,0,0,0,0,0,"1",0
"336","MSB:Fish:6300",1988,11,12,"MSB 6300-5","JAR11624F","JG","GC","07-21-2025","F",33,27,377,"impact","impact_1981-1990",35.017903,-106.661847,0,0,0,0,0,0,0,0,0,0,0,0,0,"0",0
"337","MSB:Fish:6300",1988,11,12,"MSB 6300-1","JAR11625F","BP","BP","07-21-2025","M",33,26,347,"impact","impact_1981-1990",35.017903,-106.661847,0,0,0,0,0,0,0,0,0,0,0,0,0,"0",2
"338","MSB:Fish:6300",1988,11,12,"MSB 6300-4","JAR11622F","JG","BP","07-21-2025",NA,33,25,280,"impact","impact_1981-1990",35.017903,-106.661847,0,0,0,0,0,0,0,0,0,0,0,0,0,NA,0
"339","MSB:Fish:6300",1988,11,12,"MSB 6300-3","JAR11627F","BP","EO","07-21-2025","F",33,25,348,"impact","impact_1981-1990",35.017903,-106.661847,0,0,0,0,0,0,0,0,0,0,0,0,0,"0",0
"340","MSB:Fish:6300",1988,11,12,"MSB 6300-2","JAR11619F","JG","GC","07-21-2025","F",34,27,388,"impact","impact_1981-1990",35.017903,-106.661847,0,0,0,0,0,0,0,0,0,0,0,0,0,"0",0
"341","MSB:Fish:6405",1989,10,16,"MSB 6405-4","JAR11312F","BP","GC","07-14-2025","F",37,29,435,"impact","impact_1981-1990",35.089293,-106.680842,0,0,0,2,0,0,0,0,0,0,0,0,0,NA,0
"342","MSB:Fish:6405",1989,10,16,"MSB 6405-2","JAR11315F","JG","EO","07-14-2025","F",37,31,537,"impact","impact_1981-1990",35.089293,-106.680842,0,0,0,0,0,0,0,0,0,0,0,0,0,NA,0
"343","MSB:Fish:6405",1989,10,16,"MSB 6405-3","JAR11313F","JG","GC","07-14-2025","F",33,26,403,"impact","impact_1981-1990",35.089293,-106.680842,0,0,0,0,0,0,0,0,0,0,0,0,0,NA,0
"344","MSB:Fish:6405",1989,10,16,"MSB 6405-1","JAR1131F","BP","KL","07-14-2025","F",32,24,325,"impact","impact_1981-1990",35.089293,-106.680842,0,0,0,0,4,0,0,0,0,0,0,0,0,NA,0
"345","MSB:Fish:6405",1989,10,16,"MSB 6405-5","JAR11314F","JG","JG","07-14-2025",NA,34,27,398,"impact","impact_1981-1990",35.089293,-106.680842,0,0,0,0,0,0,0,0,0,0,0,0,0,NA,0
"346","MSB:Fish:68470",1984,8,15,"MSB 68470-3","JAR11608F","BP","JG","07-18-2025","F",44,33,959,"impact","impact_1981-1990",35.089293,-106.680842,0,0,0,0,0,6,0,0,0,0,0,0,0,"0",0
"347","MSB:Fish:68470",1984,8,15,"MSB 68470-1","JAR11604F","BP","KL","07-18-2025","F",41,31,874,"impact","impact_1981-1990",35.089293,-106.680842,0,0,0,10,0,0,0,0,0,0,0,0,0,NA,0
"348","MSB:Fish:68470",1984,8,15,"MSB 68470-5","JAR11601F","BP","EO","07-18-2025","F",37,29,554,"impact","impact_1981-1990",35.089293,-106.680842,0,0,0,4,0,0,0,0,0,0,0,0,0,NA,0
"349","MSB:Fish:68470",1984,8,15,"MSB 68470-2","JAR11605F","JG","GC","07-18-2025","F",37,30,568,"impact","impact_1981-1990",35.089293,-106.680842,0,0,0,0,0,0,0,0,0,0,0,0,0,"0",0
"350","MSB:Fish:68470",1984,8,15,"MSB 68470-4","JAR11611F","JG","JG","07-18-2025",NA,35,30,521,"impact","impact_1981-1990",35.089293,-106.680842,0,0,0,12,0,2,0,0,0,0,0,0,0,"0",0
"351","MSB:Fish:68483",1984,8,15,"MSB 68483-5","JAR11593F","JG","EO","07-18-2025","F",39,32,596,"impact","impact_1981-1990",35.069907,-106.658878,0,0,0,0,0,0,0,0,0,0,0,0,0,NA,0
"352","MSB:Fish:68483",1984,8,15,"MSB 68483-1","JAR11594F","JG","JG","07-18-2025","F",36,29,526,"impact","impact_1981-1990",35.069907,-106.658878,0,0,0,0,0,0,0,0,0,0,0,0,0,"0",0
"353","MSB:Fish:68483",1984,8,15,"MSB 68483-4","JAR11599","JG","GC","07-18-2025","F",37,30,507,"impact","impact_1981-1990",35.069907,-106.658878,0,0,0,6,0,0,0,0,0,0,0,0,0,NA,0
"354","MSB:Fish:68483",1984,8,15,"MSB 68483-3","JAR11602F","BP","BP","07-18-2025","F",36,29,500,"impact","impact_1981-1990",35.069907,-106.658878,0,0,0,0,0,0,0,0,0,0,0,0,0,"0",0
"355","MSB:Fish:68483",1984,8,15,"MSB 68483-2","JAR11596F","JG","KL","07-18-2025","F",35,29,498,"impact","impact_1981-1990",35.069907,-106.658878,0,0,0,0,0,0,0,0,0,0,0,0,0,"0",0
"356","MSB:Fish:68508",1984,8,15,"MSB 68508-2","JAR11591F","JG","JG","07-21-2025","F",34,27,416,"control","control_1981-1990",35.225523,-106.597651,0,0,0,0,0,0,0,0,0,0,0,0,0,"0",0
"357","MSB:Fish:68508",1984,8,15,"MSB 68508-4","JAR11588F","JG","GC","07-21-2025","F",35,28,587,"control","control_1981-1990",35.225523,-106.597651,0,0,0,0,0,0,0,0,0,0,0,0,0,"0",0
"358","MSB:Fish:68508",1984,8,15,"MSB 68508-5","JAR11587F","BP","JG","07-21-2025","F",33,25,397,"control","control_1981-1990",35.225523,-106.597651,0,0,0,4,0,0,0,0,0,0,0,0,0,NA,0
"359","MSB:Fish:68508",1984,8,15,"MSB 68508-3","JAR11585F","BP","EO","07-21-2025","F",37,28,556,"control","control_1981-1990",35.225523,-106.597651,0,0,0,2,0,0,0,0,0,0,1,0,0,"0",0
"360","MSB:Fish:68508",1984,8,15,"MSB 68508-1","JAR11590F","BP","GC","07-21-2025","F",36,27,487,"control","control_1981-1990",35.225523,-106.597651,0,0,0,2,0,0,0,0,0,0,1,0,0,"0",0
"361","MSB:Fish:68521",1984,8,16,"MSB 68521-5","JAR11597F","BP","JG","07-18-2025","F",32,25,429,"control","control_1981-1990",35.211416,-106.612833,0,0,0,0,2,0,0,0,0,0,0,0,0,"0",0
"362","MSB:Fish:68521",1984,8,16,"MSB 68521-4","JAR11598F","BP","KL","07-18-2025","F",31,24,369,"control","control_1981-1990",35.211416,-106.612833,0,0,0,2,0,0,0,0,0,0,2,0,0,NA,0
"363","MSB:Fish:68521",1984,8,16,"MSB 68521-1","JAR11600F","JG","KL","07-18-2025","F",39,31,597,"control","control_1981-1990",35.211416,-106.612833,0,0,0,0,0,0,0,0,0,0,0,0,0,"0",0
"364","MSB:Fish:68521",1984,8,16,"MSB 68521-3","JAR11595F","JG","BP","07-18-2025","F",39,31,719,"control","control_1981-1990",35.211416,-106.612833,0,0,0,0,0,0,0,0,0,0,0,0,0,NA,0
"365","MSB:Fish:68521",1984,8,16,"MSB 68521-2","JAR11603F","BP","BP","07-18-2025","F",36,27,661,"control","control_1981-1990",35.211416,-106.612833,0,0,0,2,0,0,0,0,0,0,0,0,0,"1",0
"366","MSB:Fish:7208",1989,11,4,"MSB 7208-3","JAR11518F","BP","GC","07-14-2025",NA,32,25,345,"impact","impact_1981-1990",35.205042,-106.609081,0,0,0,0,0,0,0,0,0,0,0,0,0,"0",0
"367","MSB:Fish:7208",1989,11,4,"MSB 7208-2","JAR11515F","EO","JG","07-14-2025",NA,38,31,650,"impact","impact_1981-1990",35.205042,-106.609081,0,1,0,0,0,0,0,0,0,0,0,0,0,"0",0
"368","MSB:Fish:7208",1989,11,4,"MSB 7208-5","JAR11509F","BP","GC","07-14-2025","F",34,25,381,"impact","impact_1981-1990",35.205042,-106.609081,0,0,0,0,0,0,0,0,0,0,0,0,3,"0",0
"369","MSB:Fish:7208",1989,11,4,"MSB 7208-1","JAR11510F","BP","KL","07-14-2025","F",36,26,645,"impact","impact_1981-1990",35.205042,-106.609081,0,0,0,0,0,0,0,0,0,0,0,0,0,"0",0
"370","MSB:Fish:7208",1989,11,4,"MSB 7208-4","JAR11512F","EO","GC","07-14-2025","F",37,29,482,"impact","impact_1981-1990",35.205042,-106.609081,0,0,0,0,0,0,0,0,0,0,0,0,0,"0",0
"371","MSB:Fish:7239",1989,11,12,"MSB 7230-1","JAR11606F","JG","GC","07-21-2025","F",30,23,279,"impact","impact_1981-1990",34.994298,-106.678945,0,0,0,0,0,0,0,0,0,0,0,0,0,NA,0
"372","MSB:Fish:7239",1989,11,12,"MSB 7239-4","JAR11615F","BP","EO","07-21-2025","F",29,22,268,"impact","impact_1981-1990",34.994298,-106.678945,0,0,0,0,6,0,0,0,0,0,0,0,0,"0",2
"373","MSB:Fish:7239",1989,11,12,"MSB 7239-2","JAR11612F","BP","JG","07-21-2025",NA,36,27,500,"impact","impact_1981-1990",34.994298,-106.678945,0,0,0,0,0,0,0,0,0,0,0,0,9,"0",0
"374","MSB:Fish:7239",1989,11,12,"MSB 7239-3","JAR11609F","JG","GC","07-21-2025",NA,27,22,204,"impact","impact_1981-1990",34.994298,-106.678945,0,0,0,0,0,0,0,0,0,0,0,0,0,NA,0
"375","MSB:Fish:7239",1989,11,12,"MSB 7239-5","JAR11614F","JG","EO","07-21-2025","F",30,24,281,"impact","impact_1981-1990",34.994298,-106.678945,0,0,0,0,0,0,0,0,0,0,0,0,0,"0",0
"376","MSB:Fish:73719",2002,9,16,"MSB 73719-4","JAR11050F","KL","KL","07-28-2025","F",38,31,612,"control","control_2001-2010",35.322164,-106.557448,0,0,0,0,0,0,0,0,0,0,0,0,0,"0",0
"377","MSB:Fish:73719",2002,9,16,"MSB 73719-5","JAR11051F","KL","KL","07-28-2025",NA,36,29,495,"control","control_2001-2010",35.322164,-106.557448,0,0,0,0,0,0,0,0,0,0,0,0,0,NA,0
"378","MSB:Fish:73719",2002,9,16,"MSB 73719-3","JAR11049F","KL","KL","07-28-2025","F",40,32,748,"control","control_2001-2010",35.322164,-106.557448,0,0,0,0,8,0,0,0,0,0,0,0,0,NA,0
"379","MSB:Fish:73719",2002,9,16,"MSB 73719-2","JAR11048F","KL","KL","07-28-2025","F",41,34,824,"control","control_2001-2010",35.322164,-106.557448,0,1,0,2,0,0,0,0,0,0,0,0,0,NA,0
"380","MSB:Fish:73719",2002,9,16,"MSB 73719-1","JAR11047F","KL","KL","07-28-2025",NA,37,30,488,"control","control_2001-2010",35.322164,-106.557448,0,0,0,0,0,0,0,0,0,0,0,0,0,"0",0
"381","MSB:Fish:7971",1990,10,22,"MSB 7971-2","JAR8910F","BP","EO","07-09-2025","F",29,24,264,"impact","impact_1981-1990",35.089293,-106.680842,0,0,0,2,0,0,0,0,0,0,0,0,0,NA,0
"382","MSB:Fish:7971",1990,10,22,"MSB 7971-1","JAR8912F","EO","KL","07-09-2025","F",38,30,560,"impact","impact_1981-1990",35.089293,-106.680842,0,0,0,0,4,0,0,0,0,0,0,0,0,"0",0
"383","MSB:Fish:7971",1990,10,22,"MSB 7971-3","JAR8908F","EO","BP","07-09-2025","F",33,25,370,"impact","impact_1981-1990",35.089293,-106.680842,0,0,0,0,0,0,0,0,0,0,0,0,0,"1",0
"384","MSB:Fish:7971",1990,10,22,"MSB 7971-5","JAR8916F","EO","BP","07-09-2025","F",28,21,207,"impact","impact_1981-1990",35.089293,-106.680842,0,0,0,0,0,0,0,0,0,0,0,0,0,"1",0
"385","MSB:Fish:7971",1990,10,22,"MSB 7971-4","JAR8914F","BP","GC","07-09-2025",NA,26,21,155,"impact","impact_1981-1990",35.089293,-106.680842,0,0,0,4,0,0,0,0,0,0,0,0,0,NA,0
"386","MSB:Fish:9004",1998,10,28,"MSB 9004-5","JAR11300F","JG","BP","07-14-2025","F",34,28,428,"impact","impact_1981-1990",35.196977,-106.642444,0,0,0,2,0,4,0,0,0,0,0,0,0,"0",0
"387","MSB:Fish:9004",1990,10,28,"MSB 9004-1","JAR11303F","BP","BP","07-14-2025",NA,33,27,388,"impact","impact_1981-1990",35.196977,-106.642444,0,0,0,0,0,0,0,0,0,0,0,0,0,"0",0
"388","MSB:Fish:9004",1990,10,28,"MSB 9004-4","JAR11301F","JG","GC","07-14-2025",NA,34,28,405,"impact","impact_1981-1990",35.196977,-106.642444,0,0,0,0,0,0,0,0,0,0,0,0,0,"0",0
"389","MSB:Fish:9004",1990,10,28,"MSB 9004-2","JAR11306F","JG","KL","07-14-2025",NA,32,25,351,"impact","impact_1981-1990",35.196977,-106.642444,0,0,0,0,0,0,0,0,0,0,0,0,0,NA,0
"390","MSB:Fish:9004",1990,10,28,"MSB 9004-3","JAR11309F","JG","KL","07-14-2025","F",40,32,595,"impact","impact_1981-1990",35.196977,-106.642444,0,0,0,0,0,0,0,0,0,0,0,0,0,"0",0
"391","MSB:Fish:9011",1990,10,28,"MSB 9011-1","JAR11099F","JG","GC","07-16-2025",NA,36,30,481,"control","control_1981-1990",35.28086111,-106.5988056,0,0,0,2,0,0,0,0,0,0,0,0,0,"1",0
"392","MSB:Fish:9011",1990,10,28,"MSB 9011-3","JAR11104F","JG","JG","07-16-2025",NA,35,27,423,"control","control_1981-1990",35.28086111,-106.5988056,0,0,0,0,0,2,0,0,0,0,0,0,0,"0",0
"393","MSB:Fish:9011",1990,10,28,"MSB 9011-5","JAR11101F","JG","KL","07-16-2025",NA,30,24,291,"control","control_1981-1990",35.28086111,-106.5988056,0,0,0,0,2,0,0,0,0,0,0,0,0,"0",0
"394","MSB:Fish:9011",1990,10,28,"MSB 9011-4","JAR11096F","BP","GC","07-16-2025","F",32,23,324,"control","control_1981-1990",35.28086111,-106.5988056,0,0,0,0,0,0,0,0,0,0,0,0,0,"1",0
"395","MSB:Fish:9011",1990,10,28,"MSB 9011-2","JAR11102F","JG","GC","07-16-2025",NA,36,31,550,"control","control_1981-1990",35.28086111,-106.5988056,0,0,0,0,0,0,0,0,0,0,0,0,0,"0",0
"396","MSB:Fish:9465",1989,2,26,"MSB 9465-1","JAR11536F","EO","KL","07-15-2025","F",38,31,553,"impact","impact_1981-1990",34.917008,-106.675195,0,0,0,34,0,0,0,0,0,0,0,0,0,"0",0
"397","MSB:Fish:9465",1989,2,26,"MSB 9465-4","JAR11539F","EO","KL","07-15-2025","F",47,38,1063,"impact","impact_1981-1990",34.917008,-106.675195,0,0,0,0,0,0,0,0,0,0,0,0,0,"0",0
"398","MSB:Fish:9465",1989,2,26,"MSB 9465-3","JAR11542F","BP","GC","07-15-2025",NA,39,30,565,"impact","impact_1981-1990",34.917008,-106.675195,0,0,0,2,0,0,0,0,0,0,0,0,0,NA,0
"399","MSB:Fish:9465",1989,2,26,"MSB 9465-5","JAR11533F","BP","JG","07-15-2025",NA,39,30,778,"impact","impact_1981-1990",34.917008,-106.675195,0,0,0,6,0,3,0,0,0,0,0,1,0,NA,0
"400","MSB:Fish:9465",1989,2,26,"MSB 9465-2","JAR11537F","EO","GC","07-15-2025","F",47,38,1184,"impact","impact_1981-1990",34.917008,-106.675195,0,0,0,4,0,10,0,0,0,0,0,0,1,"0",0
