"","CatalogNumber","YearCollected","MonthCollected","DayCollected","IndividualFishID","FishBarcode","Dissector","Examiner","DissectionDate","Sex","TotalLength_mm","StandardLength_mm","Weight_mg","CI","combo","Latitude","Longitude","cope.imler","cope.lern","mono.dact","mono.gyro","myxo.b","nem.cl","nem.unk","trem.b","trem.d","trem.diplo","trem.dlum","trem.em","trem.fim","trem.gold","trem.l","trem.meta.unk","trem.ridge"
"1","MSB:Fish:1129",1959,2,20,"MSB 1129-5","JAR8672F","JG","CW","06-20-2025",NA,40,32,383,"control","control_1951-1960",35.350556,-106.535497,0,0,0,0,0,0,0,0,0,0,0,0,0,0,0,0,0
"2","MSB:Fish:1129",1959,2,20,"MSB 1129-2","JAR8674F","EO","CLW","06-20-2025",NA,46,34,697,"control","control_1951-1960",35.350556,-106.535497,0,0,0,2,0,0,0,0,0,0,0,0,0,0,0,0,0
"3","MSB:Fish:1129",1959,2,20,"MSB 1129-1","JAR8668F","JG","KL","06-20-2025",NA,41,33,519,"control","control_1951-1960",35.350556,-106.535497,0,0,0,0,0,0,0,0,0,0,0,0,0,0,0,0,0
"4","MSB:Fish:1129",1959,2,20,"MSB 1129-4","JAR8671F","EO","JG KL","06-20-2025",NA,41,31,580,"control","control_1951-1960",35.350556,-106.535497,0,0,0,0,0,0,0,0,0,0,0,0,0,0,0,0,0
"5","MSB:Fish:1129",1959,2,20,"MSB 1129-3","JAR8673F","JG","CW","06-20-2025",NA,43,36,659,"control","control_1951-1960",35.350556,-106.535497,0,0,0,4,0,0,0,0,0,0,0,0,0,0,0,0,0
"6","MSB:Fish:1130",1949,10,29,"MSB 1130-5","JAR8701F","EO","KL","06-24-2025",NA,57,48,2022,"impact","impact_1941-1950",34.87537,-106.717837,0,0,2,0,0,0,0,2,0,0,0,0,2,0,0,0,0
"7","MSB:Fish:1130",1949,10,29,"MSB 1130-3","JAR8697F","JG","JG CW","06-24-2025",NA,61,49,1811,"impact","impact_1941-1950",34.87537,-106.717837,0,0,0,0,0,0,0,0,0,0,0,0,0,0,0,0,0
"8","MSB:Fish:1130",1949,10,29,"MSB 1130-4","JAR8699F","BP","CLW","06-24-2025",NA,62,47,2068,"impact","impact_1941-1950",34.87537,-106.717837,0,0,0,0,0,0,0,0,0,1,0,0,0,0,0,0,0
"9","MSB:Fish:1130",1949,10,29,"MSB 1130-1","JAR8690F","JG","JG KL","06-24-2025",FALSE,71,58,3286,"impact","impact_1941-1950",34.87537,-106.717837,0,0,0,0,0,0,0,0,0,0,0,0,0,1,0,0,0
"10","MSB:Fish:1130",1949,10,29,"MSB 1130-2","JAR8695F","BP","KL","06-24-2025",FALSE,68,54,3151,"impact","impact_1941-1950",34.87537,-106.717837,0,0,2,0,0,0,0,4,0,0,0,0,0,0,0,0,0
"11","MSB:Fish:1131",1959,2,24,"MSB 1131-5","JAR8682F","BP","KL","06-23-2025",NA,53,44,1289,"impact","impact_1951-1960",34.987044,-106.690293,0,0,0,5,0,0,0,0,0,0,0,0,0,0,0,0,0
"12","MSB:Fish:1131",1959,2,24,"MSB 1131-2","JAR8689F","EO","CW","06-23-2025",NA,60,47,1798,"impact","impact_1951-1960",34.987044,-106.690293,0,0,0,0,0,0,0,0,0,0,0,0,0,0,0,0,0
"13","MSB:Fish:1131",1959,2,24,"MSB 1131-3","JAR8693F","BP","CW","06-23-2025",FALSE,54,44,1280,"impact","impact_1951-1960",34.987044,-106.690293,0,0,2,0,0,0,0,0,0,0,0,0,0,0,0,0,0
"14","MSB:Fish:1131",1959,2,24,"MSB 1131-4","JAR8680F","EO","KL","06-23-2025",NA,52,43,1316,"impact","impact_1951-1960",34.987044,-106.690293,0,0,0,0,0,0,0,0,0,0,0,0,0,0,0,0,0
"15","MSB:Fish:1131",1959,2,24,"MSB 1131-2","JAR8691F","JG","CLW","06-23-2025",NA,63,51,1849,"impact","impact_1951-1960",34.987044,-106.690293,0,0,0,NA,0,0,0,0,0,0,0,0,NA,0,0,NA,0
"16","MSB:Fish:1132",1947,10,25,"MSB 1132-1","JAR8684F","JG","CW","06-23-2025",NA,71,58,3310,"control","control_1941-1950",35.380629,-106.503529,0,0,0,0,0,0,0,0,0,1,0,0,0,9,0,0,0
"17","MSB:Fish:1132",1947,10,25,"MSB 1132-4","JAR8694F","JG","KL","06-23-2025",NA,63,54,2744,"control","control_1941-1950",35.380629,-106.503529,0,0,0,0,0,0,0,1,0,0,0,0,0,0,0,0,0
"18","MSB:Fish:1132",1947,10,25,"MSB 1132-5","JAR8692F","JG","CW","06-23-2025",NA,61,49,1975,"control","control_1941-1950",35.380629,-106.503529,0,0,0,0,0,0,0,0,0,3,0,0,0,0,0,0,0
"19","MSB:Fish:1132",1947,10,25,"MSB 1132-3","JAR8688F","JG","CLW","06-23-2025",NA,77,64,4621,"control","control_1941-1950",35.380629,-106.503529,0,0,0,0,0,0,0,0,0,61,0,0,0,0,0,0,0
"20","MSB:Fish:1132",1947,10,25,"MSB 1132-2","JAR8686F","JG","CW","06-23-2025",NA,73,62,3934,"control","control_1941-1950",35.380629,-106.503529,0,0,0,0,0,0,0,0,0,50,0,0,0,0,0,0,0
"21","MSB:Fish:1149",1939,2,26,"MSB 1149-1","JAR8871F","JG","GC","07-02-2025",NA,55,45,1360,"impact","impact_1931-1940",35.100259,-106.692107,0,0,12,0,0,0,0,0,1,19,0,0,0,0,0,0,0
"22","MSB:Fish:1149",1939,2,26,"MSB 1149-5","JAR8872F","EO","KL","07-02-2025",FALSE,76,57,3276,"impact","impact_1931-1940",35.100259,-106.692107,0,0,38,1,0,0,0,0,0,50,0,0,0,0,0,0,0
"23","MSB:Fish:1149",1939,2,26,"MSB 1149-3","JAR8875F","EO","EO KL","07-02-2025",NA,61,47,1795,"impact","impact_1931-1940",35.100259,-106.692107,0,0,26,0,0,0,0,11,0,27,0,0,0,0,0,0,0
"24","MSB:Fish:1149",1939,2,26,"MSB 1149-4","JAR8877F","JG","CW","07-02-2025",NA,57,45,1435,"impact","impact_1931-1940",35.100259,-106.692107,0,0,0,0,0,0,0,0,0,23,0,0,0,0,0,0,0
"25","MSB:Fish:1149",1939,2,26,"MSB 1149-2","JAR8873F","JG","GC","07-02-2025",FALSE,64,52,2298,"impact","impact_1931-1940",35.100259,-106.692107,0,0,16,0,0,0,0,0,2,66,0,0,0,0,0,0,0
"26","MSB:Fish:1150",1939,6,9,"MSB 1150-3","JAR8712F","BP","CW","06-24-2025",FALSE,71,54,4462,"impact","impact_1931-1940",34.906619,-106.685289,0,0,0,0,0,0,0,0,0,1,0,0,0,0,0,0,0
"27","MSB:Fish:1150",1939,6,9,"MSB 1150-1","JAR8708F","BP","KL","06-24-2025",NA,63,50,2550,"impact","impact_1931-1940",34.906619,-106.685289,0,0,34,0,0,0,0,0,0,0,0,0,0,0,0,0,0
"28","MSB:Fish:1150",1939,6,9,"MSB 1150-2","JAR8714F","JG","CLW","06-24-2025",FALSE,72,61,4536,"impact","impact_1931-1940",34.906619,-106.685289,0,0,2,0,0,0,0,0,0,0,0,0,0,0,0,0,0
"29","MSB:Fish:1150",1939,6,9,"MSB 1150-5","JAR8710F","BP","CW","06-24-2025",FALSE,60,49,2576,"impact","impact_1931-1940",34.906619,-106.685289,0,0,16,0,0,0,0,0,0,0,0,0,0,0,0,0,0
"30","MSB:Fish:1150",1939,6,9,"MSB 1150-4","JAR8716F","JG","KL","06-24-2025",FALSE,65,53,3213,"impact","impact_1931-1940",34.906619,-106.685289,0,0,12,2,0,0,0,0,0,0,0,0,0,0,0,0,0
"31","MSB:Fish:1154",1949,10,21,"MSB 1154-4","JAR8770F","EO","CW","06-30-2025",NA,54,43,1207,"impact","impact_1941-1950",34.929201,-106.681499,0,0,0,0,0,0,0,0,0,3,0,0,0,0,0,0,0
"32","MSB:Fish:1154",1949,10,21,"MSB 1154-2","JAR8773F","EO","KL","06-30-2025",FALSE,66,52,2229,"impact","impact_1941-1950",34.929201,-106.681499,0,0,12,0,0,0,0,0,0,0,0,0,0,0,0,0,0
"33","MSB:Fish:1154",1949,10,21,"MSB 1154-3","JAR8768","BP","BP","06-30-2025",NA,60,48,1790,"impact","impact_1941-1950",34.929201,-106.681499,0,0,8,0,0,0,0,0,2,0,0,0,0,0,0,0,0
"34","MSB:Fish:1154",1949,10,21,"MSB 1154-5","JAR8772F","BP","BP","06-30-2025",FALSE,44,34,644,"impact","impact_1941-1950",34.929201,-106.681499,0,0,0,0,0,0,0,0,0,2,0,0,0,0,0,0,0
"35","MSB:Fish:1154",1949,10,21,"MSB 1154-1","JAR8771F","BP","EO GC CW","06-30-2025",NA,65,51,2430,"impact","impact_1941-1950",34.929201,-106.681499,0,0,20,0,0,0,0,0,0,3,0,0,0,0,0,0,0
"36","MSB:Fish:1155",1943,6,23,"MSB 1155-3","JAR8685F","BP","CW","06-23-2025",NA,69,56,3145,"control","control_1941-1950",35.322418,-106.557971,0,0,0,0,0,0,0,0,0,0,0,0,0,0,0,0,0
"37","MSB:Fish:1155",1943,6,23,"MSB 1155-4","JAR8683F","EO","BP KL","06-23-2025",FALSE,54,45,1684,"control","control_1941-1950",35.322418,-106.557971,0,0,0,NA,0,0,0,0,0,0,0,0,NA,0,0,NA,0
"38","MSB:Fish:1155",1943,6,23,"MSB1155-1","JAR8679F","BP","BP CW KL","06-23-2025",NA,62,50,2170,"control","control_1941-1950",35.322418,-106.557971,0,0,14,0,0,0,0,0,0,4,0,0,0,0,0,0,0
"39","MSB:Fish:1155",1943,6,23,"MSB 1155-5","JAR8687F","EO","KL","06-23-2025",NA,53,45,1706,"control","control_1941-1950",35.322418,-106.557971,0,0,0,NA,0,0,0,0,0,0,0,0,NA,0,0,NA,0
"40","MSB:Fish:1155",1943,6,23,"MSB 1155-2","JAR8681F","EO","KL","06-23-2025",NA,63,50,2536,"control","control_1941-1950",35.322418,-106.557971,0,0,32,NA,0,0,0,0,0,0,0,0,NA,0,0,NA,0
"41","MSB:Fish:1160",1939,1,28,"MSB 1160-3","JAR8784F","JG","CW","07-01-2025",NA,51,42,1253,"impact","impact_1931-1940",35.100259,-106.692107,0,0,2,0,0,0,0,0,0,20,0,0,0,0,0,0,0
"42","MSB:Fish:1160",1939,1,28,"MSB 1160-2","JAR8779","JG","EO GC","07-01-2025",NA,48,38,800,"impact","impact_1931-1940",35.100259,-106.692107,0,0,6,0,0,0,0,0,0,20,0,0,0,0,0,0,0
"43","MSB:Fish:1160",1939,1,28,"MSB 1160-1","JAR8781F","JG","GC","07-01-2025",NA,51,43,1112,"impact","impact_1931-1940",35.100259,-106.692107,0,0,2,0,0,0,0,0,0,93,0,0,0,0,0,0,0
"44","MSB:Fish:1160",1939,1,28,"MSB 1160-4","JAR8780F","JG","GC","07-01-2025",FALSE,50,41,1020,"impact","impact_1931-1940",35.100259,-106.692107,0,0,0,0,6,0,0,0,0,44,0,0,0,0,0,0,0
"45","MSB:Fish:1160",1939,1,28,"MSB 1160-5","JAR8782F","EO","GC","07-01-2025",NA,51,40,1021,"impact","impact_1931-1940",35.100259,-106.692107,0,0,2,0,0,0,0,0,0,34,0,0,0,0,0,0,0
"46","MSB:Fish:19389",1994,5,27,"MSB 19389-1","JAR8874F","JG","JG","07-02-2025",FALSE,56,44,1941,"control","control_1991-2000",35.322164,-106.557448,0,0,0,0,0,0,0,0,0,0,0,0,0,0,0,0,0
"47","MSB:Fish:19389",1994,5,27,"MSB 19389-2","JAR8862F","EO","KL","07-02-2025",NA,52,40,1391,"control","control_1991-2000",35.322164,-106.557448,0,0,0,2,0,0,0,0,1,0,0,0,0,0,0,0,0
"48","MSB:Fish:19389",1994,5,27,"MSB 19389-5","JAR8878F","BP","CW","07-02-2025",NA,44,35,909,"control","control_1991-2000",35.322164,-106.557448,0,0,0,0,0,0,0,0,0,0,0,0,0,0,0,0,0
"49","MSB:Fish:19389",1994,5,27,"MSB 19389-4","JAR8858F","EO","GC","07-02-2025",NA,48,38,1096,"control","control_1991-2000",35.322164,-106.557448,0,0,0,0,0,0,0,0,0,0,0,0,0,0,0,0,0
"50","MSB:Fish:19389",1994,5,27,"MSB 19389-3","JAR8876F","JG","KL","07-02-2025",FALSE,55,46,2190,"control","control_1991-2000",35.322164,-106.557448,0,0,0,0,0,0,0,0,0,0,0,0,0,0,0,0,1
"51","MSB:Fish:19537",1994,9,16,"MSB 19537-3","JAR8635F","EO","CLW","06-20-2025",NA,59,46,1370,"impact","impact_1991-2000",34.85683333,-106.7208056,0,0,0,0,0,0,0,0,0,0,0,0,0,0,0,0,0
"52","MSB:Fish:19537",1994,9,16,"MSB 19537-2","JAR8664F","EO","CW","06-16-2025",NA,58,46,1650,"impact","impact_1991-2000",34.85683333,-106.7208056,0,0,0,0,0,0,0,0,0,1,0,0,0,0,0,0,0
"53","MSB:Fish:19537",1994,9,16,"MSB 19537-1","JAR8632F","JG","KL","06-16-2025",NA,54,48,1824,"impact","impact_1991-2000",34.85683333,-106.7208056,0,0,0,0,0,0,0,0,0,0,0,0,0,0,0,0,0
"54","MSB:Fish:19537",1994,9,16,"MSB 19537-4","JAR8638F","JG","CLW","06-16-2025",NA,53,44,1183,"impact","impact_1991-2000",34.85683333,-106.7208056,0,0,0,NA,0,0,0,0,0,0,0,0,0,0,0,0,0
"55","MSB:Fish:19537",1994,9,16,"MSB 19537-5","JAR8637F","EO","CW","06-16-2025",NA,47,38,760,"impact","impact_1991-2000",34.85683333,-106.7208056,0,0,0,0,0,0,0,0,0,2,0,NA,0,0,0,0,0
"56","MSB:Fish:19688",1994,10,10,"MSB 19688-2","JAR8863F","BP","JG CW","07-02-2025",NA,57,44,1805,"impact","impact_1991-2000",34.85683333,-106.7208056,0,0,0,0,0,0,0,0,0,0,0,0,0,0,0,0,0
"57","MSB:Fish:19688",1994,10,10,"MSB 19688-4","JAR8867F","BP","CW","07-02-2025",NA,58,46,1810,"impact","impact_1991-2000",34.85683333,-106.7208056,0,0,0,0,0,0,0,0,0,0,0,0,0,0,0,0,0
"58","MSB:Fish:19688",1994,10,10,"MSB 19688-5","JAR8869F","BP","KL","07-02-2025",NA,48,38,993,"impact","impact_1991-2000",34.85683333,-106.7208056,0,0,0,0,0,0,0,1,0,0,0,0,0,0,0,0,0
"59","MSB:Fish:19688",1994,10,10,"MSB 19688-1","JAR8886F","BP","JG CW","07-02-2025",NA,65,51,2667,"impact","impact_1991-2000",34.85683333,-106.7208056,0,0,0,0,0,0,0,0,0,0,0,0,0,0,0,0,0
"60","MSB:Fish:19688",1994,10,10,"MSB 19688-3","JAR8865F","BP","KL","07-02-2025",FALSE,56,45,2032,"impact","impact_1991-2000",34.85683333,-106.7208056,0,0,0,0,0,0,0,0,0,0,0,0,0,0,0,0,0
"61","MSB:Fish:20390",1994,8,11,"MSB 20390-2","JAR8881F","JG","GC","07-02-2025",NA,40,36,923,"impact","impact_1991-2000",34.85683333,-106.7208056,0,0,0,0,0,0,0,0,0,3,0,0,0,0,0,0,0
"62","MSB:Fish:20390",1994,8,11,"MSB 20390-3","JAR8880F","JG","EO","07-02-2025",NA,41,33,528,"impact","impact_1991-2000",34.85683333,-106.7208056,0,0,0,0,0,0,0,0,0,0,0,0,0,0,0,0,0
"63","MSB:Fish:20390",1994,8,11,"MSB 20390-1","JAR8883F","JG","JG","07-02-2025",NA,53,41,1467,"impact","impact_1991-2000",34.85683333,-106.7208056,0,0,0,0,0,0,0,0,0,0,0,0,0,0,0,0,0
"64","MSB:Fish:20390",1994,8,11,"MSB 20390-4","JAR8882F","JG","BP","07-02-2025",NA,49,38,968,"impact","impact_1991-2000",34.85683333,-106.7208056,0,0,0,0,0,0,0,0,1,1,0,0,0,0,0,0,0
"65","MSB:Fish:20390",1994,8,11,"MSB 20390-5","JAR8884F","JG","CW","07-02-2025",NA,49,40,1145,"impact","impact_1991-2000",34.85683333,-106.7208056,0,0,0,0,0,0,0,0,0,0,0,0,0,0,0,0,0
"66","MSB:Fish:20526",1994,7,27,"MSB 20526-5","JAR8666F","EO","CW","06-20-2025",NA,37,29,510,"impact","impact_1991-2000",34.905272,-106.685564,0,0,0,0,0,0,0,0,0,0,0,0,0,0,0,0,0
"67","MSB:Fish:20526",1994,7,27,"MSB 20526-4","JAR8669F","BP","CLW","06-20-2025",NA,34,26,375,"impact","impact_1991-2000",34.905272,-106.685564,0,0,0,2,0,0,0,0,0,5,0,0,0,0,0,0,0
"68","MSB:Fish:20526",1994,7,27,"MSB 20526-2","JAR8665F","BP","CW","06-20-2025",NA,37,29,507,"impact","impact_1991-2000",34.905272,-106.685564,0,0,0,NA,0,0,0,0,0,2,0,0,NA,0,0,NA,0
"69","MSB:Fish:20526",1994,7,27,"MSB 20526-3","JAR8667F","EO","CLW","06-20-2025",NA,38,30,599,"impact","impact_1991-2000",34.905272,-106.685564,0,0,0,0,0,0,0,0,1,1,0,0,0,0,0,0,0
"70","MSB:Fish:20526",1994,7,27,"MSB 20526-1","JAR8647F","EO","KL","06-20-2025",NA,53,44,1498,"impact","impact_1991-2000",34.905272,-106.685564,0,0,0,0,0,0,0,0,1,0,0,0,0,0,0,0,0
"71","MSB:Fish:25010",1995,8,2,"MSB 25010-2","JAR8650F","JG","KL","06-16-2025",NA,37,30,475,"control","control_1991-2000",35.28302778,-106.5981389,0,0,0,0,0,0,0,1,0,0,0,0,0,0,0,0,0
"72","MSB:Fish:25010",1995,8,2,"MSB 25010-3","JAR8649F","EO","KL","06-16-2025",NA,39,31,531,"control","control_1991-2000",35.28302778,-106.5981389,0,0,0,0,0,0,0,0,1,0,0,0,0,0,0,0,0
"73","MSB:Fish:25010",1995,8,2,"MSB 25010-4","JAR8652F","JG","JG CLW","06-16-2025",NA,35,28,503,"control","control_1991-2000",35.28302778,-106.5981389,0,0,0,0,0,0,1,0,0,0,1,0,0,0,0,0,0
"74","MSB:Fish:25010",1995,8,2,"MSB 25010-1","JAR8629F","EO","CW","06-16-2025",NA,43,32,743,"control","control_1991-2000",35.28302778,-106.5981389,0,0,0,0,0,0,0,0,0,2,0,0,0,0,0,0,0
"75","MSB:Fish:25010",1995,8,2,"MSB 25010-5","JAR8651F","EO","KL","06-16-2025",NA,38,30,494,"control","control_1991-2000",35.28302778,-106.5981389,0,0,0,2,0,0,0,0,5,0,0,0,0,0,0,0,0
"76","MSB:Fish:25023",1995,8,2,"MSB 25023-3","JAR8723F","EO","CW","06-25-2025",NA,38,29,422,"impact","impact_1991-2000",35.089293,-106.680842,0,0,0,0,0,0,0,0,0,0,0,0,0,0,0,0,0
"77","MSB:Fish:25023",1995,8,2,"MSB 25023-5","JAR8719F","EO","KL","06-25-2025",NA,40,31,571,"impact","impact_1991-2000",35.089293,-106.680842,0,0,0,0,0,0,0,2,0,0,0,0,0,0,0,0,0
"78","MSB:Fish:25023",1995,8,2,"MSB 25023-1","JAR8720F","EO","JG EO KL","06-25-2025",NA,39,30,586,"impact","impact_1991-2000",35.089293,-106.680842,0,0,0,0,0,0,0,0,0,0,0,0,0,0,0,0,0
"79","MSB:Fish:25023",1995,8,2,"MSB 25023-2","JAR8725F","EO","KL","06-25-2025",NA,36,29,560,"impact","impact_1991-2000",35.089293,-106.680842,0,0,0,0,0,0,0,0,1,0,0,0,0,0,0,0,0
"80","MSB:Fish:25023",1995,8,2,"MSB 25023-4","JAR8721F","EO","CW","06-25-2025",NA,37,29,524,"impact","impact_1991-2000",35.089293,-106.680842,0,0,0,0,0,0,0,0,0,1,0,0,0,0,0,0,0
"81","MSB:Fish:30075",1996,4,10,"MSB 30075-4","JAR8775F","EO","GC","06-30-2025",NA,63,49,2305,"impact","impact_1991-2000",35.13539167,-106.6684167,0,0,0,0,0,0,0,0,1,1,0,0,0,0,1,0,0
"82","MSB:Fish:30075",1996,4,10,"MSB 30075-5","JAR8776","EO","EO KL ","06-30-2025",FALSE,68,54,3090,"impact","impact_1991-2000",35.13539167,-106.6684167,0,0,0,0,0,0,0,0,0,0,0,0,0,0,0,0,0
"83","MSB:Fish:30075",1996,4,10,"MSB 30075-3","JAR8774F","JG","GC","06-30-2025",NA,57,46,1641,"impact","impact_1991-2000",35.13539167,-106.6684167,0,0,0,0,0,0,0,0,0,2,0,0,0,0,0,0,0
"84","MSB:Fish:30075",1996,4,10,"MSB 30075-1","JAR8777F","JG","KL","06-30-2025",FALSE,55,45,1416,"impact","impact_1991-2000",35.13539167,-106.6684167,0,0,0,0,0,0,0,2,0,0,0,0,1,0,0,0,0
"85","MSB:Fish:30075",1996,4,10,"MSB 30075-2","JAR8778F","EO","CW","06-30-2025",NA,70,57,3072,"impact","impact_1991-2000",35.13539167,-106.6684167,0,0,0,0,0,0,0,0,1,0,0,0,0,0,0,0,0
"86","MSB:Fish:30282",1996,5,16,"MSB 30282-2","JAR8653F","EO","CW","06-23-2025",NA,64,50,2621,"control","control_1991-2000",35.322164,-106.557448,0,0,0,0,0,0,0,0,0,7,0,1,0,0,0,0,0
"87","MSB:Fish:30282",1996,5,16,"MSB 20282-5","JAR8655F","JG","CLW","06-23-2025",NA,72,59,3808,"control","control_1991-2000",35.322164,-106.557448,0,0,0,0,0,0,0,0,0,0,0,0,0,0,0,0,0
"88","MSB:Fish:30282",1996,5,16,"MSB 30282-1","JAR8654F","JG","CLW","06-23-2025",NA,58,49,2054,"control","control_1991-2000",35.322164,-106.557448,0,0,0,0,0,0,0,0,0,1,0,0,0,0,0,0,0
"89","MSB:Fish:30282",1996,5,16,"MSB 30282-3","JAR8656F","EO","KL","06-23-2025",NA,71,56,3863,"control","control_1991-2000",35.322164,-106.557448,0,0,0,0,0,0,0,0,0,0,0,0,0,0,0,0,0
"90","MSB:Fish:30282",1996,5,16,"MSB 30282-4","JAR8658F","BP","JG KL","06-23-2025",FALSE,58,46,1814,"control","control_1991-2000",35.322164,-106.557448,0,0,0,0,0,0,0,0,0,0,0,0,0,0,0,0,0
"91","MSB:Fish:30410",1996,6,28,"MSB 30410-2","JAR8742F","BP","CW","06-25-2025",FALSE,66,53,3676,"impact","impact_1991-2000",34.85683333,-106.7208056,0,0,0,0,0,0,0,0,5,15,0,0,0,0,0,0,0
"92","MSB:Fish:30410",1996,6,28,"MSB 30410-3","JAR8740F","BP","KL","06-25-2025",FALSE,74,59,4025,"impact","impact_1991-2000",34.85683333,-106.7208056,0,0,0,0,0,0,0,4,3,11,0,0,0,0,0,0,0
"93","MSB:Fish:30410",1996,6,28,"MSB 30410-5","JAR8743F","BP","BP CW ","06-25-2025",NA,69,58,2424,"impact","impact_1991-2000",34.85683333,-106.7208056,0,1,0,0,0,0,0,0,3,3,0,0,0,0,0,0,3
"94","MSB:Fish:30410",1996,6,28,"MSB 30410-1","JAR8736F","BP","CLW","06-25-2025",FALSE,72,59,NA,"impact","impact_1991-2000",34.85683333,-106.7208056,0,0,0,0,0,0,0,0,4,10,0,0,0,0,0,0,3
"95","MSB:Fish:30410",1996,6,28,"MSB 30410-4","JAR8738F","JG","CLW","06-25-2025",FALSE,75,61,4376,"impact","impact_1991-2000",34.85683333,-106.7208056,0,0,0,0,0,0,0,0,3,17,0,0,0,0,0,0,0
"96","MSB:Fish:30810",1996,2,7,"MSB 30810-3","JAR8737F","EO","KL","06-25-2026",FALSE,55,43,1306,"impact","impact_1991-2000",35.089293,-106.680842,0,0,0,8,0,0,0,0,0,0,0,0,0,0,0,0,0
"97","MSB:Fish:30810",1996,2,7,"MSB 30810-2","JAR8735F","BP","JG KL","06-25-2025",FALSE,59,48,1673,"impact","impact_1991-2000",35.089293,-106.680842,0,0,0,1,0,0,0,0,0,0,0,0,0,0,0,0,0
"98","MSB:Fish:30810",1996,2,7,"MSB 30810-4","JAR8739F","BP","CW","06-25-2026",NA,66,52,2148,"impact","impact_1991-2000",35.089293,-106.680842,0,0,0,1,0,0,0,0,0,0,0,0,0,0,0,2,0
"99","MSB:Fish:30810",1996,2,7,"MSB 30910-1","JAR8734F","EO","CW","06-25-2025",NA,68,54,2437,"impact","impact_1991-2000",35.089293,-106.680842,0,0,0,8,0,0,0,0,0,1,0,0,0,0,0,0,0
"100","MSB:Fish:30810",1996,2,7,"MSB 30810-5","JAR8741F","BP","CW","06-25-2025",NA,63,52,2142,"impact","impact_1991-2000",35.089293,-106.680842,0,0,0,25,0,0,0,0,0,0,0,0,0,0,0,0,0
"101","MSB:Fish:39103",1997,10,15,"MSB 39103-1","JAR8670F","BP","JG KL","06-23-2025",NA,57,53,2560,"control","control_1991-2000",35.28302778,-106.5981389,0,0,0,0,0,0,0,0,0,0,0,0,0,0,0,0,0
"102","MSB:Fish:39103",1997,10,15,"MSB 39103-3","JAR8675F","BP","KL","06-23-2025",NA,61,47,2132,"control","control_1991-2000",35.28302778,-106.5981389,0,0,0,0,0,0,0,1,0,2,0,0,0,0,0,0,0
"103","MSB:Fish:39103",1997,10,15,"MSB 39103-5","JAR8678F","EO","CW","06-23-2025",NA,60,47,2006,"control","control_1991-2000",35.28302778,-106.5981389,0,0,0,0,0,0,0,0,0,0,0,0,0,0,0,0,0
"104","MSB:Fish:39103",1997,10,15,"MSB 39103-4","JAR8676F","EO","EO CLW","06-23-2025",NA,69,54,3110,"control","control_1991-2000",35.28302778,-106.5981389,0,0,0,0,0,0,0,0,0,0,0,0,0,0,0,0,0
"105","MSB:Fish:39103",1997,10,15,"MSB 39103-2","JAR8677F","JG","KL","06-23-2025",NA,69,56,3012,"control","control_1991-2000",35.28302778,-106.5981389,0,0,0,0,0,0,0,1,0,0,0,0,0,0,0,0,0
"106","MSB:Fish:3966",1977,9,28,"MSB 3966-5","JAR8879F","JG","CW","07-02-2025",NA,51,41,1353,"impact","impact_1971-1980",35.134883,-106.690838,0,0,0,0,0,0,0,0,0,11,0,0,0,0,0,0,0
"107","MSB:Fish:3966",1977,9,28,"MSB 3966-3","JAR8894F","JG","GC","07-02-2025",NA,50,39,1164,"impact","impact_1971-1980",35.134883,-106.690838,0,0,0,0,0,0,0,0,0,14,0,0,0,0,0,0,0
"108","MSB:Fish:3966",1977,9,28,"MSB 3966-1","JAR8888F","JG","KL","07-02-2025",NA,55,44,1530,"impact","impact_1971-1980",35.134883,-106.690838,0,0,0,0,0,0,0,0,1,31,0,0,0,0,0,0,0
"109","MSB:Fish:3966",1977,9,28,"MSB 3966-4","JAR8885F","JG","GC","07-02-2025",NA,57,47,2076,"impact","impact_1971-1980",35.134883,-106.690838,0,0,0,0,0,0,0,0,0,9,0,0,0,0,0,0,0
"110","MSB:Fish:3966",1977,9,28,"MSB 3966-2","JAR8892F","JG","CW","07-02-2025",NA,38,30,477,"impact","impact_1971-1980",35.134883,-106.690838,0,0,0,0,0,0,0,0,0,3,0,0,0,0,0,0,0
"111","MSB:Fish:4096",1978,9,5,"MSB 4096-1","JAR8718F","BP","KL","06-24-2025",NA,44,36,1043,"impact","impact_1971-1980",35.10625,-106.692633,0,0,0,0,0,0,0,5,0,0,0,0,0,0,0,0,0
"112","MSB:Fish:4096",1978,9,5,"MSB 4096-5","JAR8715F","BP","KL","06-24-2025",NA,41,33,774,"impact","impact_1971-1980",35.10625,-106.692633,0,0,0,0,0,0,0,0,0,0,0,0,0,0,0,0,0
"113","MSB:Fish:4096",1978,9,5,"MSB 4096-3","JAR8713F","BP","EO CW","06-24-2025",FALSE,49,39,1118,"impact","impact_1971-1980",35.10625,-106.692633,0,0,0,0,0,0,0,0,0,0,0,0,0,0,0,0,0
"114","MSB:Fish:4096",1978,9,5,"MSB 4096-4","JAR8717F","EO","CW","06-24-2025",NA,45,35,856,"impact","impact_1971-1980",35.10625,-106.692633,0,0,0,0,0,0,0,0,0,1,0,0,0,10,0,0,0
"115","MSB:Fish:4096",1978,9,5,"MSB 4096-2","JAR8711F","EO","CW","06-24-2025",NA,44,34,903,"impact","impact_1971-1980",35.10625,-106.692633,0,0,0,0,0,0,0,0,0,6,0,0,0,0,0,0,0
"116","MSB:Fish:4161",1977,8,5,"MSB 4161-3","JAR8700F","BP","CW","06-24-2025",NA,39,29,511,"impact","impact_1971-1980",34.905272,-106.685564,0,0,0,0,0,0,0,0,0,1,0,0,0,0,0,0,0
"117","MSB:Fish:4161",1977,8,5,"MSB 4161-4","JAR8702F","JG","CLW","06-24-2025",NA,41,31,632,"impact","impact_1971-1980",34.905272,-106.685564,0,0,0,0,0,0,0,0,1,28,0,0,0,0,0,0,5
"118","MSB:Fish:4161",1977,8,5,"MSB 4161-5","JAR8703F","JG","CLW","06-24-2025",NA,36,29,444,"impact","impact_1971-1980",34.905272,-106.685564,0,0,0,0,0,0,0,0,0,27,0,0,0,0,0,0,0
"119","MSB:Fish:4161",1977,8,5,"MSB 4161-1","JAR8696F","JG","KL","06-24-2025",NA,53,43,1166,"impact","impact_1971-1980",34.905272,-106.685564,0,0,0,0,0,0,0,0,0,76,0,0,0,0,0,0,0
"120","MSB:Fish:4161",1977,8,5,"MSB 4161-2","JAR8698F","JG","JG KL","06-24-2025",NA,44,35,753,"impact","impact_1971-1980",34.905272,-106.685564,0,0,0,0,0,0,0,0,0,48,0,0,0,0,0,0,1
"121","MSB:Fish:4206",1978,9,8,"MSB 4206-3","JAR8847F","EO","KL","07-01-2025",NA,39,30,567,"control","control_1971-1980",35.256141,-106.596281,0,0,0,0,0,0,0,0,0,10,0,0,0,0,0,0,0
"122","MSB:Fish:4206",1978,9,8,"MSB 4206-1","JAR8848F","EO","JG KL","07-01-2025",NA,43,33,739,"control","control_1971-1980",35.256141,-106.596281,0,0,0,0,0,0,0,0,0,NA,0,0,0,0,0,0,0
"123","MSB:Fish:4206",1978,9,8,"MSB 4206-4","JAR8852F","EO","GC","07-01-2025",NA,37,29,503,"control","control_1971-1980",35.256141,-106.596281,0,0,0,0,0,0,0,0,0,2,0,0,0,0,0,0,0
"124","MSB:Fish:4206",1978,9,8,"MSB 4206-2","JAR8850F","EO","CW","07-01-2025",NA,40,31,665,"control","control_1971-1980",35.256141,-106.596281,0,0,0,0,0,0,0,0,0,2,0,0,0,0,0,0,0
"125","MSB:Fish:4206",1978,9,8,"MSB 4206-5","JAR8854F","EO","JG KL","07-01-2025",NA,36,29,433,"control","control_1971-1980",35.256141,-106.596281,0,0,0,0,0,0,0,1,0,0,0,0,0,0,0,0,0
"126","MSB:Fish:43490",1999,10,11,"MSB 43490-1","JAR8745F","BP","CW","06-26-2025",NA,72,57,3244,"control","control_1991-2000",35.28302778,-106.5981389,0,0,0,0,0,0,0,0,0,0,0,0,0,0,0,0,0
"127","MSB:Fish:43490",1999,10,11,"MSB 43490-3","JAR8749F","BP","CLW","06-26-2025",FALSE,61,49,2200,"control","control_1991-2000",35.28302778,-106.5981389,0,0,0,0,0,0,0,0,0,0,0,0,0,0,0,0,0
"128","MSB:Fish:43490",1999,10,11,"MSB 43490-5","JAR8746F","BP","CLW","06-26-2025",FALSE,60,51,2094,"control","control_1991-2000",35.28302778,-106.5981389,0,0,0,0,0,0,0,0,0,5,0,0,0,0,0,0,0
"129","MSB:Fish:43490",1999,10,11,"MSB 43490-2","JAR8747F","JG","CLW","06-26-2025",NA,61,55,2713,"control","control_1991-2000",35.28302778,-106.5981389,0,0,0,0,0,0,0,0,0,0,0,0,0,0,0,0,0
"130","MSB:Fish:43490",1999,10,11,"MSB 43490-4","JAR8744F","JG","EO CLW","06-26-2025",FALSE,67,54,2031,"control","control_1991-2000",35.28302778,-106.5981389,0,0,0,0,0,0,0,0,0,2,0,0,0,0,0,0,0
"131","MSB:Fish:4384",1978,9,23,"MSB 4384-3","JAR8748F","BP","KL","06-30-2025",FALSE,55,44,1919,"impact","impact_1971-1980",34.905272,-106.685564,0,0,0,0,0,0,0,0,0,0,0,0,0,0,0,0,0
"132","MSB:Fish:4384",1978,9,23,"MSB 4384-4","JAR8752F","EO","GC","06-30-2025",NA,63,49,2458,"impact","impact_1971-1980",34.905272,-106.685564,0,0,0,0,0,0,0,0,0,2,0,0,0,0,0,0,2
"133","MSB:Fish:4384",1978,9,23,"MSB 4384-2","JAR8757F","EO","CW","06-30-2025",NA,64,49,2390,"impact","impact_1971-1980",34.905272,-106.685564,0,1,0,0,0,0,0,0,0,4,0,0,0,0,0,0,0
"134","MSB:Fish:4384",1978,9,23,"MSB 4384-1","JAR8750F","BP","CW","06-30-2025",NA,67,55,3024,"impact","impact_1971-1980",34.905272,-106.685564,0,0,0,0,0,0,0,0,0,15,0,0,0,0,0,0,0
"135","MSB:Fish:4384",1978,9,23,"MSB 4384-5","JAR8756F","BP","KL","06-30-2025",NA,63,51,2594,"impact","impact_1971-1980",34.905272,-106.685564,0,0,0,0,0,0,0,3,0,6,0,0,0,0,0,0,1
"136","MSB:Fish:4423",1978,8,3,"MSB 4423-4","JAR8724F","BP","KL","06-30-2025",NA,44,36,880,"impact","impact_1971-1980",34.905272,-106.685564,0,0,0,0,0,0,0,0,0,12,0,0,0,0,0,0,0
"137","MSB:Fish:4423",1978,8,3,"MSB 4423-1","JAR8758F","EO","GC","06-30-2025",NA,46,37,1128,"impact","impact_1971-1980",34.905272,-106.685564,0,0,0,0,0,0,0,0,4,4,0,0,0,0,0,0,0
"138","MSB:Fish:4423",1978,8,3,"MSB 4423-2","JAR8754F","BP","CW","06-30-2025",NA,49,38,1164,"impact","impact_1971-1980",34.905272,-106.685564,0,0,0,0,0,0,0,0,0,2,0,0,0,0,0,0,0
"139","MSB:Fish:4423",1978,8,3,"MSB 4423-5","JAR8751F","EO","CW","06-30-2025",NA,42,33,832,"impact","impact_1971-1980",34.905272,-106.685564,0,0,0,0,0,0,0,0,0,9,0,0,0,0,0,0,0
"140","MSB:Fish:4423",1978,8,3,"MSB 4423-3","JAR8726F","EO","KL","06-30-2025",NA,47,37,1155,"impact","impact_1971-1980",34.905272,-106.685564,0,0,0,0,0,0,0,0,1,16,0,0,0,0,0,0,2
"141","MSB:Fish:4432",1978,9,8,"MSB 4432-3","JAR8727F","BP","CW","06-30-2025",NA,39,31,570,"control","control_1971-1980",35.239638,-106.587548,0,0,0,0,0,0,0,0,0,2,0,0,0,0,0,2,0
"142","MSB:Fish:4432",1978,9,8,"MSB 4432-1","JAR8759F","BP","JG","06-30-2025",NA,39,30,568,"control","control_1971-1980",35.239638,-106.587548,0,0,0,0,0,0,0,0,0,45,0,0,0,0,0,0,0
"143","MSB:Fish:4432",1978,9,8,"MSB 4432-5","JAR8753F","BP","JG GC","06-30-2025",NA,35,26,360,"control","control_1971-1980",35.239638,-106.587548,0,0,0,0,0,0,0,0,0,3,0,0,0,0,0,0,0
"144","MSB:Fish:4432",1978,9,8,"MSB 4432-4","JAR8729F","EO","CW","06-30-2025",NA,39,29,548,"control","control_1971-1980",35.239638,-106.587548,0,0,0,0,0,0,0,0,0,5,0,0,0,0,0,0,0
"145","MSB:Fish:4432",1978,9,8,"MSB 4432-2","JAR8722F","EO","EO GC","06-30-2025",NA,52,42,1431,"control","control_1971-1980",35.239638,-106.587548,0,0,0,0,0,0,0,0,0,0,0,0,0,0,0,0,1
"146","MSB:Fish:4487",1978,9,29,"MSB 4487-1","JAR8887F","EO","GC","07-03-2025",NA,47,37,1143,"control","control_1971-1980",35.383856,-106.490929,0,0,0,0,0,0,0,0,0,0,0,0,0,0,0,0,0
"147","MSB:Fish:4487",1978,9,29,"MSB 4487-5","JAR8890F","EO","JG GC","07-03-2025",NA,38,30,543,"control","control_1971-1980",35.383856,-106.490929,0,0,0,0,0,0,0,0,0,4,0,0,0,0,0,0,0
"148","MSB:Fish:4487",1978,9,29,"MSB 4487-3","JAR8889F","EO","KL","07-03-2025",NA,46,35,1166,"control","control_1971-1980",35.383856,-106.490929,0,0,0,0,0,0,0,0,0,0,0,0,0,0,0,0,0
"149","MSB:Fish:4487",1978,9,29,"MSB 4487-4","JAR8891F","BP","GC","07-03-2025",NA,36,27,481,"control","control_1971-1980",35.383856,-106.490929,0,0,0,0,0,0,0,0,0,32,0,0,0,0,0,0,0
"150","MSB:Fish:4487",1978,9,29,"MSB 4487-2","JAR8893F","BP","GC","07-03-2025",NA,49,38,1354,"control","control_1971-1980",35.383856,-106.490929,0,0,0,0,0,0,0,0,0,0,0,0,0,0,0,0,0
"151","MSB:Fish:4984",1978,9,5,"MSB 4984-3","JAR8640F","EO","CLW","06-23-2025",NA,38,29,504,"impact","impact_1971-1980",35.196977,-106.642444,0,0,0,0,0,0,0,0,0,0,0,0,0,0,0,0,1
"152","MSB:Fish:4984",1978,9,5,"MSB 4984-4","JAR8642F","JG","KL","06-23-2025",NA,32,25,338,"impact","impact_1971-1980",35.196977,-106.642444,0,0,0,0,0,0,0,1,0,0,0,0,0,0,0,0,0
"153","MSB:Fish:4984",1978,9,5,"MSB 4984-5","JAR8644F","BP","CW","06-23-2025",NA,32,24,341,"impact","impact_1971-1980",35.196977,-106.642444,0,0,0,0,0,0,0,0,0,1,0,0,0,0,0,0,0
"154","MSB:Fish:4984",1978,9,5,"MSB 4984-2","JAR8662F","BP","CLW","06-23-2025",NA,38,30,541,"impact","impact_1971-1980",35.196977,-106.642444,0,0,0,0,0,0,0,0,0,2,0,0,0,0,0,0,0
"155","MSB:Fish:4984",1978,9,5,"MSB 4984-1","JAR8660F","EO","CLW","06-23-2025",NA,39,30,621,"impact","impact_1971-1980",35.196977,-106.642444,0,0,0,0,0,0,0,0,0,3,0,0,0,0,0,0,0
"156","MSB:Fish:4987",1977,7,6,"MSB 4987-5","JAR8788F","JG","GC","07-01-2025",NA,40,33,672,"control","control_1971-1980",35.232431,-106.594272,0,0,0,0,6,0,0,0,0,27,0,0,0,0,0,0,0
"157","MSB:Fish:4987",1977,7,6,"MSB 4987-1","JAR8849F","JG","KL","07-01-2025",NA,52,40,1450,"control","control_1971-1980",35.232431,-106.594272,0,0,0,0,0,0,0,1,0,0,0,0,0,0,0,0,0
"158","MSB:Fish:4987",1977,7,6,"MSB 4987-3","JAR8851F","JG","KL","07-01-2025",NA,47,37,1297,"control","control_1971-1980",35.232431,-106.594272,0,0,0,0,0,0,0,0,0,0,0,0,0,0,0,0,0
"159","MSB:Fish:4987",1977,7,6,"MSB 4987-2","JAR8790F","EO","JG KL","07-01-2025",NA,54,44,1436,"control","control_1971-1980",35.232431,-106.594272,0,2,0,0,0,0,0,0,0,0,0,0,0,0,0,0,0
"160","MSB:Fish:4987",1977,7,6,"MSB 4987-4","JAR8853F","EO","BP","07-01-2025",NA,47,37,1163,"control","control_1971-1980",35.232431,-106.594272,0,0,0,0,0,0,0,0,1,3,0,0,0,0,0,0,0
"161","MSB:Fish:49970",1994,5,5,"MSB 49970-1","JAR8641F","EO","CLW","06-20-2025",NA,66,52,2386,"control","control_1991-2000",35.28302778,-106.5981389,0,0,0,1,0,0,0,0,0,0,0,0,0,0,0,0,0
"162","MSB:Fish:49970",1994,5,5,"MSB 49970-5","JAR8646F","EO","EO KL","06-20-2025",NA,64,51,2231,"control","control_1991-2000",35.28302778,-106.5981389,0,0,0,0,0,0,0,0,1,0,0,0,0,0,0,0,0
"163","MSB:Fish:49970",1994,5,5,"MSB 49970-3","JAR8645F","EO","KL BP CW","06-20-2025",NA,69,55,2817,"control","control_1991-2000",35.28302778,-106.5981389,1,0,0,2,0,0,0,0,0,0,0,0,6,0,0,0,0
"164","MSB:Fish:49970",1994,5,5,"MSB 49970-4","JAR8648F","JG","KL","06-20-2025",FALSE,65,53,2749,"control","control_1991-2000",35.28302778,-106.5981389,0,0,0,0,0,0,0,0,0,0,0,0,0,0,0,0,0
"165","MSB:Fish:49970",1994,5,5,"MSB 49970-2","JAR8643F","JG","CW JG","06-20-2025",NA,63,52,2230,"control","control_1991-2000",35.28302778,-106.5981389,0,0,0,0,0,0,0,0,0,1,0,0,0,0,0,0,0
"166","MSB:Fish:5263",1986,8,12,"MSB 5263-1","JAR8856F","BP","GC","07-02-2025",NA,36,29,497,"control","control_1981-1990",35.28302778,-106.5981389,0,0,0,0,0,0,0,0,0,0,0,0,0,0,0,0,0
"167","MSB:Fish:5263",1986,8,12,"MSB 5263-4","JAR8857F","BP","KL","07-02-2025",NA,35,27,407,"control","control_1981-1990",35.28302778,-106.5981389,0,0,0,0,0,0,0,0,0,0,0,0,0,0,0,0,0
"168","MSB:Fish:5263",1986,8,12,"MSB 5263-2","JAR8861F","BP","CW","07-02-2025",NA,36,29,462,"control","control_1981-1990",35.28302778,-106.5981389,0,0,0,0,0,0,0,0,0,0,0,0,0,0,0,0,0
"169","MSB:Fish:5263",1986,8,12,"MSB 5263-3","JAR8855F","BP","CW","07-02-2025",NA,35,31,653,"control","control_1981-1990",35.28302778,-106.5981389,0,0,0,0,0,0,0,0,0,5,0,0,0,0,0,0,0
"170","MSB:Fish:5263",1986,8,12,"MSB 5263-5","JAR8859F","BP","BP EO","07-02-2025",NA,36,29,444,"control","control_1981-1990",35.28302778,-106.5981389,0,0,0,0,0,0,0,0,0,1,0,0,0,0,0,0,0
"171","MSB:Fish:5814",1987,9,10,"MSB 5814-1","JAR8631F","KL","KL","06-16-2025",NA,66,52,2223,"impact","impact_1981-1990",34.905272,-106.685564,0,0,0,0,0,0,0,0,0,0,0,0,0,0,0,0,0
"172","MSB:Fish:5814",1987,9,10,"MSB 5814-2","JAR8634F","JG","CW","06-17-2025",NA,55,47,1856,"impact","impact_1981-1990",34.905272,-106.685564,0,0,0,0,0,0,0,0,0,0,0,0,0,0,0,0,0
"173","MSB:Fish:5814",1987,9,10,"MSB 5814-3","JAR8630F","EO","CLW CW","06-18-2025",NA,67,52,2759,"impact","impact_1981-1990",34.905272,-106.685564,0,0,0,0,0,0,0,0,0,0,0,0,0,1,0,0,0
"174","MSB:Fish:5814",1987,9,10,"MSB 5814-5","JAR8636F","JG","KL","06-19-2025",NA,85,68,5700,"impact","impact_1981-1990",34.905272,-106.685564,0,0,0,0,0,0,0,0,0,0,0,0,0,0,0,0,0
"175","MSB:Fish:5814",1987,9,10,"MSB 5814-4","JAR8633F","EO","KL","06-16-2025",NA,52,41,1282,"impact","impact_1981-1990",34.905272,-106.685564,0,0,0,0,0,0,0,0,0,2,0,0,0,0,0,0,0
"176","MSB:Fish:5825",1987,9,10,"MSB 5825-4","JAR8663F","BP","EO CW","06-18-2025",NA,63,49,2591,"impact","impact_1981-1990",34.875039,-106.717581,0,0,0,0,0,0,0,0,0,0,0,0,0,0,0,0,0
"177","MSB:Fish:5825",1987,9,10,"MSB 5825-3","JAR8661F","BP","CLW KL","06-18-2025",NA,77,62,4671,"impact","impact_1981-1990",34.875039,-106.717581,0,0,0,0,0,0,0,0,0,4,0,0,0,0,0,0,0
"178","MSB:Fish:5825",1987,9,10,"MSB 5825-5","JAR8639F","BP","CW","06-18-2025",NA,52,42,1542,"impact","impact_1981-1990",34.875039,-106.717581,0,0,0,0,0,0,0,0,0,2,0,0,0,0,0,0,0
"179","MSB:Fish:5825",1987,9,10,"MSB 5825-2","JAR8659F","BP","CW","06-18-2025",NA,54,42,1606,"impact","impact_1981-1990",34.875039,-106.717581,0,0,0,0,0,0,0,0,0,4,0,0,0,0,0,0,0
"180","MSB:Fish:5825",1987,9,10,"MSB 5825-1","JAR8657F","BP","BP KL","06-18-2025",FALSE,59,47,2305,"impact","impact_1981-1990",34.875039,-106.717581,0,0,0,0,0,0,0,0,0,0,0,0,0,0,0,0,0
"181","MSB:Fish:68463",1984,8,15,"MSB 68463-1","JAR8864F","BP","GC","07-02-2025",NA,37,30,505,"impact","impact_1981-1990",35.089293,-106.680842,0,0,0,0,0,0,0,0,0,0,0,0,0,0,0,0,0
"182","MSB:Fish:68463",1984,8,15,"MSB 68463-4","JAR8870F","BP","CW","07-02-2025",NA,42,34,485,"impact","impact_1981-1990",35.089293,-106.680842,0,0,0,0,0,0,0,0,0,1,0,0,0,0,0,0,0
"183","MSB:Fish:68463",1984,8,15,"MSB 68463-3","JAR8868F","BP","CW","07-02-2025",NA,36,27,313,"impact","impact_1981-1990",35.089293,-106.680842,0,0,0,0,0,0,0,0,0,1,0,0,0,0,0,0,0
"184","MSB:Fish:68463",1984,8,15,"MSB 68463-5","JAR8860F","BP","GC","07-02-2025",NA,35,27,398,"impact","impact_1981-1990",35.089293,-106.680842,0,0,0,0,0,0,0,0,0,0,0,0,0,0,0,0,0
"185","MSB:Fish:68463",1984,8,15,"MSB 68463-2","JAR8866F","BP","CW","07-02-2025",NA,48,37,950,"impact","impact_1981-1990",35.089293,-106.680842,0,0,0,0,0,0,0,0,0,0,0,0,0,0,0,0,0
"186","MSB:Fish:68501",1984,8,15,"MSB 68501-4","JAR8787F","JG","CW","07-01-2025",NA,79,64,4731,"control","control_1981-1990",35.225523,-106.597651,0,0,0,0,0,0,0,0,0,2,0,0,0,0,0,0,0
"187","MSB:Fish:68501",1984,8,15,"MSB 68501-3","JAR8785F","JG","KL","07-01-2025",NA,36,29,472,"control","control_1981-1990",35.225523,-106.597651,0,0,0,0,0,0,0,0,0,0,0,0,0,0,0,0,0
"188","MSB:Fish:68501",1984,8,15,"MSB 68501-5","JAR8789F","JG","CW","07-01-2025",NA,72,60,3973,"control","control_1981-1990",35.225523,-106.597651,0,0,0,0,0,0,0,0,0,0,0,0,0,0,0,0,0
"189","MSB:Fish:68501",1984,8,15,"MSB 68501-2","JAR8783F","JG","KL","07-01-2025",NA,37,29,513,"control","control_1981-1990",35.225523,-106.597651,0,0,0,0,0,0,0,0,0,0,0,0,0,0,0,0,0
"190","MSB:Fish:68501",1984,8,15,"MSB 68501-1","JAR8786F","JG","GC","07-01-2025",NA,35,26,349,"control","control_1981-1990",35.225523,-106.597651,0,0,0,0,0,0,0,0,0,0,0,0,0,0,0,0,0
"191","MSB:Fish:68513",1984,8,16,"MSB 68513-4","JAR8896F","EO","CW","07-03-2025",NA,41,32,638,"control","control_1981-1990",35.211416,-106.612833,0,0,0,0,0,0,0,0,0,0,0,0,0,0,0,0,0
"192","MSB:Fish:68513",1984,8,16,"MSB 68513-2","JAR8897F","EO","KL","07-03-2025",NA,47,36,941,"control","control_1981-1990",35.211416,-106.612833,0,0,0,0,0,0,0,0,0,0,0,0,0,0,0,0,0
"193","MSB:Fish:68513",1984,8,16,"MSB 68513-1","JAR8895F","BP","GC","07-03-2025",NA,44,34,769,"control","control_1981-1990",35.211416,-106.612833,0,0,0,0,0,0,0,0,0,0,0,0,0,0,0,0,0
"194","MSB:Fish:68513",1984,8,16,"MSB 68513-5","JAR8901F","EO","BP","07-03-2025",NA,40,31,606,"control","control_1981-1990",35.211416,-106.612833,0,0,0,0,0,0,0,0,1,1,0,0,0,1,0,0,0
"195","MSB:Fish:68513",1984,8,16,"MSB 68513-3","JAR8899F","BP","CW","07-03-2025",NA,37,27,397,"control","control_1981-1990",35.211416,-106.612833,0,0,0,0,0,0,0,0,0,0,0,0,0,0,0,0,0
"196","MSB:Fish:68528",1984,8,16,"MSB 68528-1","JAR8731F","EO","KL","06-25-2025",NA,69,55,3206,"control","control_1981-1990",35.322164,-106.557448,0,0,0,0,0,1,0,0,0,2,0,0,0,0,0,0,0
"197","MSB:Fish:68528",1984,8,16,"MSB 68528-5","JAR8733F","BP","CLW","06-25-2025",NA,47,37,1014,"control","control_1981-1990",35.322164,-106.557448,0,0,0,2,0,0,0,0,0,0,0,0,0,0,0,0,0
"198","MSB:Fish:68528",1984,8,16,"MSB 68528-2","JAR8728F","EO","KL","06-25-2025",FALSE,72,57,2986,"control","control_1981-1990",35.322164,-106.557448,0,0,0,0,0,0,0,0,0,0,0,0,0,0,0,0,0
"199","MSB:Fish:68528",1984,8,16,"MSB 68528-3","JAR8732F","BP","JG CW","06-25-2025",NA,67,53,2767,"control","control_1981-1990",35.322164,-106.557448,0,0,0,0,0,0,0,0,0,7,0,NA,0,0,0,0,0
"200","MSB:Fish:68528",1984,8,16,"MSB 68528-4","JAR8730F","EO","KL","06-25-2025",NA,68,55,2391,"control","control_1981-1990",35.322164,-106.557448,0,2,0,0,0,0,0,0,0,2,0,0,0,0,0,0,0
"201","MSB:Fish:7593",1988,5,25,"MSB 7593-2","JAR8705F","EO","JG CW","06-24-2025",NA,64,50,2324,"impact","impact_1981-1990",34.905272,-106.685564,0,0,0,0,0,0,0,0,0,0,0,0,0,0,0,0,0
"202","MSB:Fish:7593",1988,5,25,"MSB 7593-5","JAR8709F","BP","BP CLW","06-24-2025",NA,62,51,2400,"impact","impact_1981-1990",34.905272,-106.685564,0,0,0,0,0,0,0,0,0,0,0,0,0,0,0,0,0
"203","MSB:Fish:7593",1988,5,25,"MSB 7593-4","JAR8707F","EO","BP KL","06-24-2025",FALSE,61,48,1922,"impact","impact_1981-1990",34.905272,-106.685564,0,0,0,0,0,0,0,0,0,10,0,0,0,0,0,0,0
"204","MSB:Fish:7593",1988,5,25,"MSB 7593-3","JAR8706F","BP","BP KL","06-24-2025",FALSE,58,45,2248,"impact","impact_1981-1990",34.905272,-106.685564,0,0,0,0,0,0,0,0,0,1,0,0,4,0,0,0,0
"205","MSB:Fish:7593",1988,5,25,"MSB 7593-1","JAR8704F","BP","KL","06-24-2025",FALSE,64,50,3600,"impact","impact_1981-1990",34.905272,-106.685564,0,0,0,0,0,0,0,0,0,9,0,0,0,0,0,0,0
"206","MSB:Fish:7788",1988,5,25,"MSB 7788-2","JAR8769F","BP","KL","06-30-2025",NA,69,53,2804,"control","control_1981-1990",35.322164,-106.557448,0,0,0,2,0,0,0,0,0,0,0,0,0,0,0,0,0
"207","MSB:Fish:7788",1988,5,25,"MSB 7788-4","JAR8764F","BP","BP","06-30-2025",NA,56,45,1819,"control","control_1981-1990",35.322164,-106.557448,0,0,0,0,0,0,0,0,0,2,0,0,0,0,0,0,0
"208","MSB:Fish:7788",1988,5,25,"MSB 7788-3","JAR8767F","EO","KL","06-30-2025",NA,69,55,3017,"control","control_1981-1990",35.322164,-106.557448,0,0,0,0,0,0,0,0,0,1,0,0,0,0,1,0,0
"209","MSB:Fish:7788",1988,5,25,"MSB 7788-1","JAR8763F","EO","KL","06-30-2025",NA,64,51,2418,"control","control_1981-1990",35.322164,-106.557448,0,0,0,0,0,0,0,0,0,0,0,0,0,0,0,0,0
"210","MSB:Fish:7788",1988,5,25,"MSB 7788-5","JAR8762F","EO","KL","06-30-2025",NA,60,47,2139,"control","control_1981-1990",35.322164,-106.557448,0,0,0,0,0,0,0,1,0,0,0,0,0,0,0,0,0
