CatalogNumber,Individual_ID,Fish_Species,Year_Fish_Collected,month_fish_collected,day_fish_collected,Fish_Barcode,Dissector,Dissection_Date,Completion_Date,Total_Length_mm,Standard_Length_mm,Weight_mg,Examiner,Sex,Gut_Contents,Notes,SKIN,Muscle,BUCCAL_CAVITY,BODY_CAVITY,PECTORALFIN,PELVICFIN,ANALFIN,CYST.UNKN.CAUDALFIN,CYST.UNK.DORSALFIN,GONAD,LIVER,KIDNEY,TREM.DIPS.EYE,HEART,STOMACH,NEMA.L.CONNECTIVE_TISSUE,NEMA.STY.INTESTINE,NEM.LARV.INTESTINE,CEST.BOTSP.INTESTINE,MONO.SALSP.GILL,MONO.SS.GILLS,MYXO.G.GILL,MONO.UNK.GILL,CYST.UNK.GILL,MYXO.MXYID.GALLBLADDER(PRESENCE1_ABSENCE0),CRUS.LERSP.FLUSH,Notes_details_about_parasites_missing,MSB:Fish_catalog_number,Fish_Species,Fish_Barcode,P1_Species,P1_Number_of_individuals,P1_collector,P1_identifier,P1_Life_Stage,P1_Organ_Found,P1_preservation,P1_barcode,P1 Box Number,P1_label:MSB_FISH_CATALOG_NUMBER,P1_label:PARASITE_CODE,P1 Notes,P2_Species,P2_Number_of_individuals,P2_collector,P2_identifier,P2_Life_Stage,P2_Organ,P2_preservation,P2_barcode,P2 Box Number,P2_label:SMB_FISH_CATALOG_NUMBER,P2_label:PARASITE_CODE,P2 Notes,P3_Species,P3_Number_of_individuals,P3_collector,P3_identifier,P3_Life_Stage,P3_Organ,P3_How_preserved,P3_barcode,P3 Box Number,P3_Label:fishID,P3_label:Parasites_Code,P3 Notes,Parasite Species 4,Number of individuals 4,parasite collector 4,parasite identifier 4,P4_Life_Stage,P4_Organ,P4_How_preserved,P4_barcode,P4 Box_number,P4_Label:fishID,P4_label:Parasites_Code,P4 Notes,P5_Species,P5_Number_of_individuals,P5_collector,P5_identifier,P5_Life_Stage,P5_Organ,P5_How_preserved,P5_barcode,P5 Box Number,P5_Label:fishID,P5_label:Parasites_Code,P5 Notes
MSB:Fish:307,MSB 307-5,Gambusia affinis,1959,2,24,JAR8793F,JG,07-07-2025,07-07-2025,33,24,304,GC,NA,Arthropod,,0,NA,0,0,0,0,0,0,0,0,0,0,0,0,0,0,0,0,0,0,0,0,0,0,0,0,,,,,,,,,,,,,,,,,,,,,,,,,,,,,,,,,,,,,,,,,,,,,,,,,,,,,,,,,,,,,,,,
MSB:Fish:307,MSB 307-1,Gambusia affinis,1959,2,24,JAR8797F,BP,07-07-2025,07-07-2025,30,24,257,GC,F,Arthropod,,0,NA,0,0,0,0,0,0,0,0,0,0,0,0,0,0,0,0,0,0,0,0,0,0,0,0,,,,,,,,,,,,,,,,,,,,,,,,,,,,,,,,,,,,,,,,,,,,,,,,,,,,,,,,,,,,,,,,
MSB:Fish:1086,MSB 1086-2,Gambusia affinis,1939,4,22,JAR8900F,BP,07-07-2025,07-07-2025,45,36,994,GC,F,Arthropod & Vegetation,,0,NA,0,0,0,0,0,0,0,0,0,0,0,0,0,0,0,0,0,0,0,0,0,0,0,0,,,,,,,,,,,,,,,,,,,,,,,,,,,,,,,,,,,,,,,,,,,,,,,,,,,,,,,,,,,,,,,,
MSB:Fish:1086,MSB1086-4,Gambusia affinis,1939,4,22,JAR8791F,BP,07-07-2025,07-07-2025,39,30,752,KL,F,Arthropod,,0,NA,0,0,0,0,0,0,0,0,0,0,0,0,0,0,0,0,0,1,0,0,0,0,0,0,,MSB 1086-4,Gambusia affinis,JAR8791F,Salsuginus sp.,1,KL,KL,Adult,Gill,70% etoh,P6L39,5,MSB 1086-4,MONO.SALSP.GILL,,,,,,,,,,,,,,,,,,,,,,,,,,,,,,,,,,,,,,,,,,,,,,,,,
MSB:Fish:1086,MSB 1086-1,Gambusia affinis,1939,4,22,JAR8898F,BP,07-07-2025,07-07-2025,47,37,1182,KL,F,Arthropod,,0,NA,0,0,0,0,0,0,0,0,0,0,0,0,0,0,0,0,0,3,0,0,0,0,0,0,,MSB 1086-1,Gambusia affinis,JAR8898F,Salsuginus sp.,3,KL,KL,Adult,Gill,70% etoh,P6L38,5,MSB 1086-1,MONO.SALSP.GILL,,,,,,,,,,,,,,,,,,,,,,,,,,,,,,,,,,,,,,,,,,,,,,,,,
MSB:Fish:307,MSB 307-4,Gambusia affinis,1959,2,24,JAR8794F,BP,07-07-2025,07-07-2025,31,26,296,KL,F,Arthropod,,0,NA,0,0,0,0,0,0,0,0,0,0,0,0,0,0,0,0,0,0,0,0,0,0,0,0,,,,,,,,,,,,,,,,,,,,,,,,,,,,,,,,,,,,,,,,,,,,,,,,,,,,,,,,,,,,,,,,
MSB:Fish:5811,MSB 5811-5,Gambusia affinis,1987,9,9,JAR8810F,BP,07-07-2025,07-07-2025,32,26,411,GC,F,NA,,0,NA,0,0,0,0,0,0,0,0,0,0,0,0,0,0,0,0,0,4,0,0,0,0,0,0,,MSB 5811-5,Gambusia affinis,JAR8810F,Salsuginus sp.,4,GC,GC,Adult,Gill,70% etoh,P6L6B,5,MSB 5811-5,MONO.SALSP.GILL,,,,,,,,,,,,,,,,,,,,,,,,,,,,,,,,,,,,,,,,,,,,,,,,,
MSB:Fish:4750,MSB 4750-5,Gambusia affinis,1978,9,29,JAR8807F,EO,07-07-2025,07-07-2025,34,27,447,JG KL,NA,Arthropod,,0,NA,0,0,0,0,0,0,0,0,0,0,0,0,0,0,0,0,0,5,0,0,0,0,NA,0,,MSB 4750-5,Gambusia affinis,JAR8807F,Salsuginus sp.,5,KL,KL,Adult,Gill,70% etoh,P6L69,5,MSB 4750-5,MONO.SALSP.GILL,,,,,,,,,,,,,,,,,,,,,,,,,,,,,,,,,,,,,,,,,,,,,,,,,
MSB:Fish:4750,MSB 4750-2,Gambusia affinis,1978,9,29,JAR8808F,JG,07-07-2025,07-07-2025,41,36,1080,KL,F,NA,,0,NA,0,0,0,0,0,2,0,0,0,0,0,0,0,0,0,0,0,1,0,0,0,0,0,0,CYST.UNK.CAUDALFIN destroyed,MSB 4750-2,Gambusia affinis,JAR8808F,Salsuginus sp.,1,KL,KL,Adult,Gill,70% etoh,P6L3C,5,MSB 4750-2,MONO.SALSP.GILL,,,,,,,,,,,,,,,,,,,,,,,,,,,,,,,,,,,,,,,,,,,,,,,,,
MSB:Fish:4750,MSB 4750-3,Gambusia affinis,1978,9,29,JAR8809F,EO,07-07-2025,07-07-2025,44,35,886,GC,F,NA,,0,NA,0,0,0,0,0,0,0,0,0,0,0,0,0,0,0,0,0,7,0,0,0,0,NA,0,,MSB 4750-3,Gambusia affinis,JAR8809F,Salsuginus sp.,7,GC,GC,Adult,Gill,70% etoh,P6L6D,5,MSB 4750-3,MONO.SALSP.GILL,,,,,,,,,,,,,,,,,,,,,,,,,,,,,,,,,,,,,,,,,,,,,,,,,
MSB:Fish:1086,MSB 1086-5,Gambusia affinis,1939,4,22,JAR8792F,JG,07-07-2025,07-07-2025,46,35,1207,GC,F,NA,,0,NA,0,0,0,0,0,0,0,0,0,0,0,0,0,0,0,0,0,1,0,0,0,0,NA,0,,MSB 1086-5,Gambusia affinis,JAR8792F,Salsuginus sp.,1,GC,GC,Adult,Gill,70% etoh,P6L6C,5,MSB 1086-5,MONO.SALSP.GILL,,,,,,,,,,,,,,,,,,,,,,,,,,,,,,,,,,,,,,,,,,,,,,,,,
MSB:Fish:307,MSB 307-2,Gambusia affinis,1959,2,24,JAR8796F,JG,07-07-2025,07-07-2025,31,23,295,KL,F,Arthropod,,0,NA,0,0,0,0,0,0,0,0,0,0,0,0,0,0,0,0,0,1,0,0,0,0,NA,0,,MSB 307-2,Gambusia affinis,JAR8796F,Salsuginus sp.,1,KL,KL,Adult,Gill,70% etoh,P6L3B,5,MSB 307-2,MONO.SALSP.GILL,,,,,,,,,,,,,,,,,,,,,,,,,,,,,,,,,,,,,,,,,,,,,,,,,
MSB:Fish:307,MSB 307-3,Gambusia affinis,1959,2,24,JAR8795F,BP,07-07-2025,07-07-2025,31,25,277,KL,NA,Arthropod,,0,NA,0,0,0,0,0,0,0,0,0,0,0,0,0,0,0,0,0,2,0,0,0,0,NA,0,,MSB 307-3,Gambusia affinis,JAR8795F,Salsuginus sp.,2,KL,KL,Adult,Gill,70% etoh,P6L3A,5,MSB 307-3,MONO.SALSP.GILL,,,,,,,,,,,,,,,,,,,,,,,,,,,,,,,,,,,,,,,,,,,,,,,,,
MSB:Fish:5811,MSB 5811-2,Gambusia affinis,1987,9,9,JAR8804F,EO,07-07-2025,07-07-2025,41,34,755,GC,NA,Arthropod,,0,NA,0,0,0,0,0,0,0,0,0,0,0,0,0,0,0,0,0,4,0,0,0,0,0,0,,MSB 5811-2,Gambusia affinis,JAR8804F,Salsuginus sp.,4,GC,GC,Adult,Gill,70% etoh,P6L6A,5,MSB 5811-2,MONO.SALSP.GILL,,,,,,,,,,,,,,,,,,,,,,,,,,,,,,,,,,,,,,,,,,,,,,,,,
MSB:Fish:19170,MSB 19170-3,Gambusia affinis,1993,8,4,JAR8800F,BP,07-07-2025,07-07-2025,34,26,421,BP GC,F,NA,,0,NA,0,0,0,0,0,0,0,0,0,0,0,0,0,0,0,0,0,0,0,0,0,0,0,0,,,,,,,,,,,,,,,,,,,,,,,,,,,,,,,,,,,,,,,,,,,,,,,,,,,,,,,,,,,,,,,,
MSB:Fish:19170,MSB 19170-5,Gambusia affinis,1993,8,4,JAR8798F,EO,07-07-2025,07-07-2025,32,25,353,JG,F,NA,,0,NA,0,0,0,0,0,0,0,0,0,0,0,0,0,0,0,0,0,0,0,0,0,0,0,0,,,,,,,,,,,,,,,,,,,,,,,,,,,,,,,,,,,,,,,,,,,,,,,,,,,,,,,,,,,,,,,,
MSB:Fish:1086,MSB 1086-3,Gambusia affinis,1939,4,22,JAR8902F,BP,07-07-2025,07-07-2025,42,35,1023,KL,NA,Arthropod,,0,NA,0,0,0,0,0,2,0,0,0,0,0,0,0,0,0,0,0,0,0,0,0,0,0,0,CYST.UNK.CAUDALFIN destroyed when trying to remove,,,,,,,,,,,,,,,,,,,,,,,,,,,,,,,,,,,,,,,,,,,,,,,,,,,,,,,,,,,,,,,
MSB:Fish:5811,MSB 5811-1,Gambusia affinis,1987,9,9,JAR8803F,BP,07-07-2025,07-07-2025,39,31,706,EO GC,F,Arthropod,,0,NA,0,0,0,0,0,0,0,0,0,0,0,0,0,0,0,0,0,3,0,0,0,0,0,0,,MSB 5811-1,Gambusia affinis,JAR8803F,Salsuginus sp.,3,EO,EO,Adult,Gill,70% etoh,P6L4T,5,MSB 5811-1,MONO.SALSP.GILL,,,,,,,,,,,,,,,,,,,,,,,,,,,,,,,,,,,,,,,,,,,,,,,,,
MSB:Fish:19170,MSB 19170-1,Gambusia affinis,1993,8,4,JAR8802F,BP,07-07-2025,07-07-2025,31,24,355,GC,F,Arthropod,,0,NA,0,0,0,0,0,0,0,0,0,0,0,0,0,0,0,0,0,0,0,0,0,0,0,0,,,,,,,,,,,,,,,,,,,,,,,,,,,,,,,,,,,,,,,,,,,,,,,,,,,,,,,,,,,,,,,,
MSB:Fish:4750,MSB 4750-1,Gambusia affinis,1978,9,29,JAR8811F,BP,07-07-2025,07-07-2025,40,32,703,JG GC,F,Arthropod,,0,NA,0,0,0,0,0,0,0,0,0,0,0,0,0,0,0,0,0,0,0,0,0,0,0,0,,,,,,,,,,,,,,,,,,,,,,,,,,,,,,,,,,,,,,,,,,,,,,,,,,,,,,,,,,,,,,,,
MSB:Fish:4750,MSB 4750-4,Gambusia affinis,1978,9,29,JAR8813F,BP,07-07-2025,07-07-2025,39,31,703,KL,F,NA,,0,NA,0,0,0,0,0,0,0,0,0,0,0,0,0,0,0,0,0,8,0,0,0,0,NA,0,,MSB 4750-4,Gambusia affinis,JAR8813F,Salsuginus sp.,8,KL,KL,Adult,Gill,70% etoh,P6L3E,5,MSB 4750-4,MONO.SALSP.GILL,,,,,,,,,,,,,,,,,,,,,,,,,,,,,,,,,,,,,,,,,,,,,,,,,
MSB:Fish:5811,MSB 5811-4,Gambusia affinis,1987,9,9,JAR8806F,EO,07-07-2025,07-07-2025,34,27,481,KL,F,Arthropod,,0,NA,0,0,0,0,0,0,0,0,0,0,0,0,0,0,0,0,0,2,0,0,0,0,NA,0,,MSB 5811-4,Gambusia affinis,JAR8806F,Salsuginus sp.,2,KL,KL,Adult,Gill,70% etoh,P6L3D,5,MSB 5811-4,MONO.SALSP.GILL,,,,,,,,,,,,,,,,,,,,,,,,,,,,,,,,,,,,,,,,,,,,,,,,,
MSB:Fish:19170,MSB 19170-4,Gambusia affinis,1993,8,4,JAR8799F,EO,07-07-2025,07-07-2025,34,27,460,BP,F,NA,,0,NA,0,0,0,0,0,3,0,0,0,0,0,0,0,0,0,0,0,0,0,0,0,0,0,0,CYST.UNK.CAUDALFIN destroyed,,,,,,,,,,,,,,,,,,,,,,,,,,,,,,,,,,,,,,,,,,,,,,,,,,,,,,,,,,,,,,,
MSB:Fish:1098,MSB 1098-2,Gambusia affinis,1939,5,13,JAR8815F,EO,07-07-2025,07-07-2025,41,33,887,GC,F,NA,,0,NA,0,0,0,0,0,3,0,0,0,0,0,0,0,0,0,0,0,1,0,0,0,0,0,0,,MSB 1098-2,Gambusia affinis,JAR8815F,Salsuginus sp.,1,GC,GC,Adult,Gill,70% etoh,P6L68,5,MSB 1098-2,MONO.SALSP.GILL,,Unknown,3,GC,GC,Unknown,Caudal Fin,70% etoh,P6L67,5,MSB 1098-2,CYST.UNKN.CAUDALFIN,,,,,,,,,,,,,,,,,,,,,,,,,,,,,,,,,,,,,
MSB:Fish:1098,MSB 1098-4,Gambusia affinis,1939,5,13,JAR8819F,EO,07-07-2025,07-07-2025,32,25,352,KL,F,NA,,0,NA,0,0,0,0,0,5,0,0,0,0,0,0,0,0,0,0,0,1,0,0,0,0,0,0,,MSB 1098-4,Gambusia affinis,JAR8819F,Unknown cyst,5,KL,KL,Unknown,Caudal fin,70% etoh,P6L3G,5,MSB 1098-4,CYST.UNKN.CAUDALFIN,,Salsuginus sp. ,1,KL,KL,Adult,Gill,70% etoh,P6L3H,5,MSB 1098-4,MONO.SALSP.GILL,,,,,,,,,,,,,,,,,,,,,,,,,,,,,,,,,,,,,
MSB:Fish:5811,MSB 5811-3,Gambusia affinis,1987,9,9,JAR8805F,BP,07-07-2025,07-07-2025,35,27,556,JG KL,NA,Arthropod,,0,NA,0,0,0,0,0,0,0,0,0,0,0,0,0,0,0,0,0,5,0,0,0,1,0,0,cyst lost,MSB 5811-3,Gambusia affinis,JAR8805F,Salsuginus sp.,5,JG,JG,Adult,Gill,70% etoh,P6L3F,5,MSB 5811-3,MONO.SALSP.GILL,,,,,,,,,,,,,,,,,,,,,,,,,,,,,,,,,,,,,,,,,,,,,,,,,
MSB:Fish:19170,MSB 19170-2,Gambusia affinis,1993,8,4,JAR8801F,EO,07-07-2025,07-07-2025,35,27,481,BP KL,NA,NA,,0,NA,0,0,0,0,0,0,0,0,0,0,0,0,0,0,0,0,0,0,0,0,0,1,0,0,cyst destroyed,,,,,,,,,,,,,,,,,,,,,,,,,,,,,,,,,,,,,,,,,,,,,,,,,,,,,,,,,,,,,,,
MSB:Fish:1100,MSB 1100-3,Gambusia affinis,1939,2,26,JAR8823F,JG,07-08-2025,07-08-2025,33,25,326,KL,NA,NA,,0,NA,0,0,0,0,0,0,0,0,0,0,0,0,0,0,0,0,0,1,0,0,0,5,NA,0,,MSB 1100-3,Gambusia affinis,JAR8823F,Unknown cyst,5,KL,KL,NA,Gill,70% etoh,P6L5Q,5,MSB 1100-3,CYST.UNK.GILL,,Salsuginus sp. ,1,KL,KL,Adult,Gill,70% etoh,P6L5R,5,MSB 1100-3,MONO.SALSP.GILL,,,,,,,,,,,,,,,,,,,,,,,,,,,,,,,,,,,,,
MSB:Fish:1098,MSB 1098-3,Gambusia affinis,1939,5,13,JAR8817F,EO,07-07-2025,07-08-2025,30,24,257,KL,NA,"Arthropod, nematode",,0,NA,0,0,0,0,0,0,0,NA,0,0,0,0,0,0,1,0,0,1,0,0,0,0,0,0,,MSB 1098-3,Gambusia affinis,JAR8817F,Free living nematode,1,KL,KL,Adult,Intestine,70% etoh,P6L5O,5,MSB 1098-3,NEMA.STY.INTESTINE,"Pictured, not a parasite of fish",Salsuginus sp. ,1,KL,KL,Adult,Gill,70% etoh,P6L5P,5,MSB 1098-3,MONO.SALSP.GILL,,,,,,,,,,,,,,,,,,,,,,,,,,,,,,,,,,,,,
MSB:Fish:280,MSB 280-1,Gambusia affinis,1949,10,28,JAR8833F,BP,07-08-2025,07-08-2025,33,26,379,BP,NA,NA,Patterned cysts on caudal fin,0,NA,0,0,0,0,0,0,0,0,0,0,0,0,0,0,0,0,0,0,0,0,0,3,NA,0,1 cyst destroyed,MSB 280-1,Gambusia affinis ,JAR8833F,Unknown cyst,2,BP,BP,NA,Gill,70% etoh,P6L3V,5,MSB 280-1,CYST.UNK.GILL,,,,,,,,,,,,,,,,,,,,,,,,,,,,,,,,,,,,,,,,,,,,,,,,,
MSB:Fish:1098,MSB 1098-5,Gambusia affinis,1939,5,13,JAR8812F,EO,07-07-2025,07-08-2025,41,33,697,KL,NA,NA,"Fish already cut open. Patterned cysts on caudal fin, 3 on each.",0,NA,0,0,0,0,0,0,0,NA,0,0,0,0,0,0,0,0,0,1,0,0,0,0,0,0,,MSB 1098-5,Gambusia affinis,JAR8812F,Salsuginus sp.,1,KL,KL,Adult,Gill,70% etoh,P6L59,5,MSB 1098-5,MONO.SALSP.GILL,,,,,,,,,,,,,,,,,,,,,,,,,,,,,,,,,,,,,,,,,,,,,,,,,
MSB:Fish:1100,MSB 1100-2,Gambusia affinis,1939,2,26,JAR8827F,BP,07-08-2025,07-08-2025,28,25,318,EO ,F,Arthropod,Caudal fin damaged,0,NA,0,0,0,0,0,0,0,0,0,0,0,0,0,0,0,0,0,0,0,0,0,0,0,0,0,,,,,,,,,,,,,,,,,,,,,,,,,,,,,,,,,,,,,,,,,,,,,,,,,,,,,,,,,,,,,,,
MSB:Fish:4176,MSB 4176-2,Gambusia affinis,1978,5,21,JAR8816F,BP,07-08-2025,07-08-2025,39,31,798,EO,F,Arthropod,Cysts on caudal fin,0,NA,0,0,0,0,0,0,0,0,0,0,0,0,0,0,0,0,0,0,0,0,0,0,0,0,0,,,,,,,,,,,,,,,,,,,,,,,,,,,,,,,,,,,,,,,,,,,,,,,,,,,,,,,,,,,,,,,
MSB:Fish:280,MSB 280-4,Gambusia affinis,1949,10,28,JAR8828F,JG,07-08-2025,07-08-2025,43,35,824,JG,NA,Arthropod,,0,NA,0,0,0,0,0,0,0,0,0,0,0,0,0,0,0,0,0,0,0,0,0,0,0,0,0,,,,,,,,,,,,,,,,,,,,,,,,,,,,,,,,,,,,,,,,,,,,,,,,,,,,,,,,,,,,,,,
MSB:Fish:4176,MSB 4176-5,Gambusia affinis,1978,5,21,JAR8822F,JG,07-08-2025,07-08-2025,29,23,368,KL,F,NA,,0,NA,0,0,0,0,0,0,0,0,0,0,0,0,0,0,0,0,0,5,0,0,0,0,0,0,0,MSB 4176-5,Gambusia affinis,JAR8822F,Salsuginus sp.,5,KL,KL,Adult,Gill,70% etoh,P6L5S,5,MSB 4176-5,MONO.SALSP.GILL,,,,,,,,,,,,,,,,,,,,,,,,,,,,,,,,,,,,,,,,,,,,,,,,,
MSB:Fish:1081,MSB 1081-3,Gambusia affinis,1939,3,17,JAR8834F,BP,07-08-2025,07-08-2025,27,21,176,JG,NA,NA,,0,NA,0,0,0,0,0,0,0,0,0,0,0,0,0,0,0,0,0,2,0,0,0,2,0,0,,MSB 1081-3,Gambusia affinis,JAR8834F,Salsuginus sp.,2,JG,JG,Adult,Gill,70% etoh,P6L65,5,MSB 1081-3,MONO.SALSP.GILL,,Unknown cyst,2,JG,JG,NA,Gill,70% etoh,P6L66,5,MSB 1081-3,CYST.UNK.GILL,,,,,,,,,,,,,,,,,,,,,,,,,,,,,,,,,,,,,
MSB:Fish:1098,MSB 1098-1,Gambusia affinis,1939,5,13,JAR8814F,EO,07-08-2025,07-08-2025,46,37,1164,KL,F,NA,,0,NA,0,0,0,0,0,7,0,0,0,0,0,0,0,0,0,0,0,2,0,0,0,0,0,0,only cysts on right were removed,MSB 1098-1,Gambusia affinis,JAR8814F,Unknown cyst,3,KL,KL,NA,Caudal fin,70% etoh,P6L3I,5,MSB 1098-1,CYST.UNK.CAUDALFIN,,Salsuginus sp.,2,KL,KL,Adult,Gill,70% etoh,P6L3J,5,MSB 1098-1,MONO.SALSP.GILL,,,,,,,,,,,,,,,,,,,,,,,,,,,,,,,,,,,,,
MSB:Fish:4176,MSB 4176-1,Gambusia affinis,1978,5,21,JAR8821F,BP,07-08-2025,07-08-2025,38,31,741,JG,F,Arthropod,,0,NA,0,0,0,0,0,0,0,0,0,0,0,0,0,0,0,0,0,0,0,0,0,0,0,0,,,,,,,,,,,,,,,,,,,,,,,,,,,,,,,,,,,,,,,,,,,,,,,,,,,,,,,,,,,,,,,,
MSB:Fish:4176,MSB 4176-3,Gambusia affinis,1978,5,21,JAR8818F,JG,07-08-2025,07-08-2025,33,26,425,KL,F,Other: Other Fish/Fry,CYST.UNK in caudal fins present,0,NA,0,0,0,0,0,0,0,0,0,0,0,0,0,0,0,0,0,1,0,0,0,0,1,0,,MSB 4176-3,Gambusia affinis,JAR8818F,Myxidium sp.,1,KL,KL,NA,Gall Bladder,70% etoh,P6L5T,5,MSB 4176-3,MYXO.MYXID.GALLBLADDER,1 cluster,Salsuginus sp.,1,KL,KL,Adult,Gill,70% etoh,P6L5U,5,MSB 4176-3,MONO.SALSP.GILL,,,,,,,,,,,,,,,,,,,,,,,,,,,,,,,,,,,,,
MSB:Fish:1081,MSB 1081-5,Gambusia affinis,1939,3,17,JAR8835F,BP,07-08-2025,07-08-2025,28,22,226,EO,F,Arthropod,Cysts on caudal fin,0,NA,0,0,0,0,0,0,0,0,0,0,0,0,0,0,0,0,0,1,0,0,0,1,0,0,,MSB 1081-5,Gambusia affinis,JAR8835F,Unknown cyst,1,EO,EO,NA,Gill,70% etoh,P6L4U,5,MSB 1081-5,CYST.UNK.GILL,,Salsuginus sp.,1,EO,EO,Adult,Gill,70% etoh,P6L4V,5,MSB 1081-5,MONO.SALSP.GILL,,,,,,,,,,,,,,,,,,,,,,,,,,,,,,,,,,,,,
MSB:Fish:4176,MSB 4176-4,Gambusia affinis,1978,5,21,JAR8820F,BP,07-08-2025,07-08-2025,38,30,806,JG,F,NA,,0,NA,0,0,0,0,0,0,0,0,0,0,0,0,0,0,0,0,0,6,0,0,0,0,0,0,,MSB 4176-4,Gambusia affinis,JAR8820F,Salsuginus sp.,6,JG,JG,Adult,Gill,70% etoh,P6L64,5,MSB 4176-4,MONO.SALSP.GILL,,,,,,,,,,,,,,,,,,,,,,,,,,,,,,,,,,,,,,,,,,,,,,,,,
MSB:Fish:1100,MSB 1100-1,Gambusia affinis,1939,2,26,JAR8825F,JG,07-08-2025,07-08-2025,43,33,679,KL,F,NA,Caudal Fin damaged,0,NA,0,0,0,0,0,0,0,0,0,0,0,0,0,0,0,0,0,3,0,0,0,0,0,0,,MSB 1100-1,Gambusia affinis,JAR8825F,Salsuginus sp.,3,KL,KL,Adult,Gill,70% etoh,P6L5V,5,MSB 1100-1,MONO.SALSP.GILL,,,,,,,,,,,,,,,,,,,,,,,,,,,,,,,,,,,,,,,,,,,,,,,,,
MSB:Fish:1100,MSB 1100-4,Gambusia affinis,1939,2,26,JAR8824F,BP,07-08-2025,07-08-2025,28,24,303,KL,F,Arthropod,Caudal fin damaged,0,NA,0,0,0,0,0,NA,0,0,0,0,0,0,0,0,0,0,0,0,0,0,0,0,0,0,,,,,,,,,,,,,,,,,,,,,,,,,,,,,,,,,,,,,,,,,,,,,,,,,,,,,,,,,,,,,,,,
MSB:Fish:1081,MSB 1081-2,Gambusia affinis,1939,3,17,JAR8836,JG,07-08-2025,07-08-2025,29,24,239,BP,NA,Arthropod,Patterned cysts on caudal fin,0,NA,0,0,0,0,0,0,1,0,0,0,0,0,0,0,0,0,0,0,0,0,0,0,0,0,CYST.UNK.DORSALFIN destroyed,,,,,,,,,,,,,,,,,,,,,,,,,,,,,,,,,,,,,,,,,,,,,,,,,,,,,,,,,,,,,,,
MSB:Fish:1100,MSB 1100-5,Gambusia affinis,1939,2,26,JAR8829F,JG,07-08-2025,07-08-2025,26,23,226,KL,NA,NA,,0,NA,0,0,0,0,0,0,0,0,0,0,0,0,0,0,0,0,0,0,0,0,0,0,0,0,,,,,,,,,,,,,,,,,,,,,,,,,,,,,,,,,,,,,,,,,,,,,,,,,,,,,,,,,,,,,,,,
MSB:Fish:280,MSB 280-5,Gambusia affinis,1949,10,28,JAR8826F,JG,07-08-2025,07-08-2025,28,23,238,JG,NA,NA,,0,NA,0,0,0,0,0,0,0,0,0,0,0,0,0,0,0,0,0,0,0,0,0,0,NA,0,,,,,,,,,,,,,,,,,,,,,,,,,,,,,,,,,,,,,,,,,,,,,,,,,,,,,,,,,,,,,,,,
MSB:Fish:1081,MSB 1081-4,Gambusia affinis,1939,3,17,JAR8832F,JG,07-08-2025,07-08-2025,27,22,188,KL,F,NA,,0,NA,0,0,0,0,0,0,0,0,0,0,0,0,0,0,0,0,0,1,0,0,0,0,NA,0,,MSB 1081-4,Gambusia affinis,JAR8832F,Salsuginus sp.,1,KL,KL,Adult,Gill,70% etoh,P6L5X,5,MSB 1081-4,MONO.SALSP.GILL,,,,,,,,,,,,,,,,,,,,,,,,,,,,,,,,,,,,,,,,,,,,,,,,,
MSB:Fish:280,MSB 280-3,Gambusia affinis,1949,10,28,JAR8830F,BP,07-08-2025,07-08-2025,28,20,184,EO,F,Arthropod,"one of the fish organs, likely spleen, is covered in red/orange spots. Was pictured because odd, but not parasitic",0,NA,0,0,0,0,0,0,0,0,0,0,0,0,0,0,0,0,0,0,0,0,0,0,NA,0,,,,,,,,,,,,,,,,,,,,,,,,,,,,,,,,,,,,,,,,,,,,,,,,,,,,,,,,,,,,,,,,
MSB:Fish:280,MSB 280-2,Gambusia affinis,1949,10,28,JAR8831F,JG,07-08-2025,07-08-2025,42,33,733,KL,F,"Arthropod , spider",,0,NA,0,0,0,0,0,0,0,0,0,0,0,0,0,0,0,0,0,0,3,0,0,0,0,0,,MSB 280-2,Gambusia affinis,JAR8831F,Monogenea,3,KL,KL,NA,Gill,70% etoh,P6L5W,5,MSB 280-2,MONO.SS.GILL,,,,,,,,,,,,,,,,,,,,,,,,,,,,,,,,,,,,,,,,,,,,,,,,,
MSB:Fish:1081,MSB 1081-1,Gambusia affinis,1939,3,17,JAR8837F,BP,07-08-2025,07-08-2025,43,33,868,BP,F,Arthropod,"reselected, caudal fin cysts present",0,NA,0,0,0,0,0,0,0,0,0,0,0,0,0,0,0,0,0,4,0,0,0,0,0,0,,MSB 1081-1,Gambusia affinis,JAR8837F,Salsuginus sp.,4,BP,BP,Adult,Gill,70% etoh,P6L3U,5,MSB 1081-1,MONO.SALSP.GILL,,,,,,,,,,,,,,,,,,,,,,,,,,,,,,,,,,,,,,,,,,,,,,,,,
MSB:Fish:7971,MSB 7971-2,Gambusia affinis,1990,10,22,JAR8910F,BP,07-09-2025,07-09-2025,29,24,264,EO,F,Arthropod,Patterned cysts on caudal fin,0,NA,0,0,0,0,0,0,0,0,0,0,0,0,0,0,0,0,0,1,0,0,0,0,NA,0,,MSB 7971-2,Gambusia affinis,JAR8910F,Salsuginus sp.,1,EO,EO,Adult,Gill,70% etoh,P6L4Y,5,MSB 7971-2,MONO.SALSP.GOILL,,,,,,,,,,,,,,,,,,,,,,,,,,,,,,,,,,,,,,,,,,,,,,,,,
MSB:Fish:4385,MSB 4385-5,Gambusia affinis,1978,8,6,JAR8838F,EO,07-08-2025,07-09-2025,27,22,197,JG,F,NA,,0,NA,0,0,0,0,0,0,0,0,0,0,0,0,0,0,0,0,0,1,0,0,0,0,0,0,,MSB 4385-5,Gambusia affinis,JAR8838F,Salsuginus sp.,1,JG,JG,Adult,Gill,70% etoh,P6L5A,5,MSB 4385-5,MONO.SALSP.GILL,,,,,,,,,,,,,,,,,,,,,,,,,,,,,,,,,,,,,,,,,,,,,,,,,
MSB:Fish:4385,MSB 4385-3,Gambusia affinis,1978,8,6,JAR8845F,KL,07-08-2025,07-09-2025,27,23,204,KL,F,NA,,0,NA,0,0,0,0,0,0,0,0,0,0,2,0,0,0,0,0,0,2,0,0,0,0,0,0,,MSB 4385-3,Gambusia affinis,JAR8845F,Diplostomulum sp.,2,KL,KL,Metacercariae,Eye,70% etoh,P6L60,5,MSB 4385-3,TREM.DISP.EYE,,Salsuginus sp.,2,KL,KL,Adult,Gill,70% etoh,P6L61,5,MSB 4385-3,MONO.SALSP.GILL,,,,,,,,,,,,,,,,,,,,,,,,,,,,,,,,,,,,,
MSB:Fish:7971,MSB 7971-5,Gambusia affinis,1990,10,22,JAR8916F,EO,07-09-2025,07-09-2025,28,21,207,BP,F,Arthropod,Caudal fin cysts present,0,NA,0,0,0,0,0,0,0,0,0,0,0,0,0,0,0,0,0,0,0,0,0,0,1,0,,MSB 7971-5,Gambusia affinis,JAR8916F,Myxidium sp.,1,BP,BP,NA,Gall bladder,70% etoh,P6L3T,5,MSB 7971-5,MYXO.MYXID.GALLBLADDER,,,,,,,,,,,,,,,,,,,,,,,,,,,,,,,,,,,,,,,,,,,,,,,,,
MSB:Fish:4748,MSB 4748-3,Gambusia affinis,1978,9,5,JAR8907F,BP,07-09-2025,07-09-2025,34,27,362,EO,F,Arthropod,,0,NA,0,0,0,0,0,0,0,0,0,0,0,0,0,0,0,0,0,4,0,0,0,1,NA,0,,MSB 4748-3,Gambusia affinis,JAR8907F,Unknown cyst,1,EO,EO,NA,Gill,70% etoh,P6L4W,5,MSB 4748-3,CYST.UNK.GILL,,Salsuginus sp.,4,EO,EO,Adult,Gill,70% etoh,P6L4X,5,MSB 4748-3,MONO.SALSP.GILL,,,,,,,,,,,,,,,,,,,,,,,,,,,,,,,,,,,,,
MSB:Fish:4748,MSB 4748-1,Gambusia affinis,1978,9,5,JAR8904F,BP,07-09-2025,07-09-2025,33,25,374,JG,NA,Arthropod,,0,NA,0,0,0,0,0,0,0,0,0,0,0,0,0,0,0,0,0,2,0,0,0,0,0,0,,MSB 4748-1,Gambusia affinis,JAR8904F,Salsuginus sp.,2,JG,JG,Adult,Gill,70% etoh,P6L63,5,MSB 4748-1,MONO.SALSP.GILL,,,,,,,,,,,,,,,,,,,,,,,,,,,,,,,,,,,,,,,,,,,,,,,,,
MSB:Fish:4385,MSB 4385-1,Gambusia affinis,1978,8,6,JAR8841F,KL,07-08-2025,07-09-2025,25,21,161,KL,F,NA,,0,NA,0,0,0,0,0,0,0,0,0,0,1,0,0,0,0,0,0,1,0,0,0,0,NA,0,,MSB 4385-1,Gambusia affinis,JAR8841F,Diplostomulum sp.,1,KL,KL,Metacercariae,Eye,70% etoh,P6L5B,5,MSB 4385-1,TREM.DIPS.EYE,,Salsuginus sp.,1,KL,KL,Adult,Gill,70% etoh,P6L5C,5,MSB 4385-1,MONO.SALSP.GILL,,,,,,,,,,,,,,,,,,,,,,,,,,,,,,,,,,,,,
MSB:Fish:7971,MSB 7971-4,Gambusia affinis,1990,10,22,JAR8914F,BP,07-09-2025,07-09-2025,26,21,155,GC,NA,NA,,0,NA,0,0,0,0,0,0,0,0,0,0,0,0,0,0,0,0,0,2,0,0,0,0,NA,0,,MSB 7971-4,Gambusia affinis,JAR8914F,Salsuginus sp.,2,GC,GC,Adult,Gill,70% etoh,P6L62,5,MSB 7971-4,MONO.SALSP.GILL,,,,,,,,,,,,,,,,,,,,,,,,,,,,,,,,,,,,,,,,,,,,,,,,,
MSB:Fish:4385,MSB 4385-2,Gambusia affinis,1978,8,6,JAR8843F,EO,07-08-2025,07-09-2025,30,26,273,KL,NA,NA,,0,NA,0,0,0,0,0,0,0,0,0,0,3,0,0,0,0,0,0,1,0,0,0,0,0,0,,MSB 4385-2,Gambusia affinis,JAR8843F,Diplostomulum sp.,3,KL,KL,Metacercariae,Eye,70% etoh,P6L5Y,5,MSB 4385-2,TREM.DIPS.EYE,,Salsuginus sp.,1,KL,KL,ADULT,Gill,70% etoh,P6L5Z,5,MSB 4385-2,MONO.SALSP.GILL,,,,,,,,,,,,,,,,,,,,,,,,,,,,,,,,,,,,,
MSB:Fish:7971,MSB 7971-1,Gambusia affinis,1990,10,22,JAR8912F,EO,07-09-2025,07-09-2025,38,30,560,KL,F,Arthropod,,0,NA,0,0,0,0,0,0,0,0,0,0,0,0,0,0,0,0,0,0,2,0,0,0,0,0,,MSB 7971-1,Gambusia affinis,JAR8912F,Monogenea,2,KL,KL,NA,Gill,70% etoh,P6L5D,5,MSB 7971-1,MONO.SS.GILL,,,,,,,,,,,,,,,,,,,,,,,,,,,,,,,,,,,,,,,,,,,,,,,,,
MSB:Fish:7971,MSB 7971-3,Gambusia affinis,1990,10,22,JAR8908F,EO,07-09-2025,07-09-2025,33,25,370,BP,F,NA,"Caudal fin cysts present, mold growing over body",0,NA,0,0,0,0,0,0,0,0,0,0,0,0,0,0,0,0,0,0,0,0,0,0,1,0,,MSB 7971-3,Gambusia affinis,JAR8908F,Myxidium sp.,1,BP,BP,NA,Gall bladder,70% etoh,P6L3S,5,MSB 7971-3,MYXO.MYXID.GALLBLADDER,,,,,,,,,,,,,,,,,,,,,,,,,,,,,,,,,,,,,,,,,,,,,,,,,
MSB:Fish:4385,MSB 4385-4,Gambusia affinis,1978,8,6,JAR8839,KL,07-08-2025,07-09-2025,26,22,222,GC,F,NA,,0,NA,0,0,0,0,0,0,0,0,0,0,2,0,0,0,0,0,0,0,0,0,0,0,NA,0,,MSB 4385-4,Gambusia affinis,JAR8839F,Diplostomulum sp.,2,GC,GC,Metacercariae,Eye,70% etoh,P6L47,5,MSB 4385-4,TREM.DIPS.EYE,,,,,,,,,,,,,,,,,,,,,,,,,,,,,,,,,,,,,,,,,,,,,,,,,
MSB:Fish:4748,MSB 4748-4,Gambusia affinis,1978,9,5,JAR8906F,EO,07-09-2025,07-09-2025,29,23,213,GC,NA,NA,,0,NA,0,0,0,0,0,0,0,0,0,0,0,0,0,0,0,0,0,0,0,0,0,0,NA,0,,,,,,,,,,,,,,,,,,,,,,,,,,,,,,,,,,,,,,,,,,,,,,,,,,,,,,,,,,,,,,,,
MSB:Fish:4748,MSB 4748-2,Gambusia affinis,1978,9,5,JAR8909F,EO,07-09-2025,07-09-2025,36,28,522,JG,NA,Arthropod,,0,NA,0,0,0,0,0,0,0,0,0,0,0,0,0,0,0,0,0,0,0,0,0,0,NA,0,,,,,,,,,,,,,,,,,,,,,,,,,,,,,,,,,,,,,,,,,,,,,,,,,,,,,,,,,,,,,,,,
MSB:Fish:327,MSB 327-1,Gambusia affinis,1942,2,28,JAR8840F,EO,07-08-2025,07-09-2025,45,36,927,GC,F,Vegetation,,0,NA,0,0,0,0,0,0,0,0,0,0,0,0,0,0,0,0,0,0,0,0,0,0,0,0,,,,,,,,,,,,,,,,,,,,,,,,,,,,,,,,,,,,,,,,,,,,,,,,,,,,,,,,,,,,,,,,
MSB:Fish:327,MSB 327-4,Gambusia affinis,1942,2,28,JAR8842F,EO,07-08-2025,07-09-2025,32,25,257,GC,NA,Arthropod,,0,NA,0,0,0,0,0,0,0,0,0,0,0,0,0,0,0,0,0,0,0,0,0,0,0,0,,,,,,,,,,,,,,,,,,,,,,,,,,,,,,,,,,,,,,,,,,,,,,,,,,,,,,,,,,,,,,,,
MSB:Fish:327,MSB 327-3,Gambusia affinis,1942,2,28,JAR8846F,BP,07-08-2025,07-09-2025,45,36,910,GC,F,NA,,0,NA,0,0,0,0,0,0,0,0,0,0,0,0,0,0,0,0,0,0,0,0,0,0,0,0,,,,,,,,,,,,,,,,,,,,,,,,,,,,,,,,,,,,,,,,,,,,,,,,,,,,,,,,,,,,,,,,
MSB:Fish:327,MSB 327-5,Gambusia affinis,1942,2,28,JAR8844F,BP,07-08-2025,07-09-2025,25,20,131,GC,F,NA,Pectoral fin ripped missing half,0,NA,0,0,0,0,0,0,0,0,0,0,0,0,0,0,0,0,0,0,0,0,0,0,0,0,,,,,,,,,,,,,,,,,,,,,,,,,,,,,,,,,,,,,,,,,,,,,,,,,,,,,,,,,,,,,,,,
MSB:Fish:327,MSB 327-2,Gambusia affinis,1942,2,28,JAR8903F,EO,07-08-2025,07-09-2025,47,38,1118,JG,NA,NA,,0,NA,0,0,0,0,0,0,0,0,0,0,0,0,0,0,0,0,0,0,0,0,0,0,0,0,,,,,,,,,,,,,,,,,,,,,,,,,,,,,,,,,,,,,,,,,,,,,,,,,,,,,,,,,,,,,,,,
MSB:Fish:305,MSB 305-2,Gambusia affinis,1949,7,21,JAR8913F,BP,07-09-2025,07-09-2025,41,32,810,GC,NA,NA,,0,NA,0,0,0,0,0,0,0,0,0,0,0,0,0,0,0,0,0,17,0,0,0,0,NA,0,,MSB 305-2,Gambusia affinis,JAR8913F,Salsuginus sp.,17,GC,GC,Adult,Gill,70% etoh,P6L3X,5,MSB 305-2,MONO.SALSP.GILL,,,,,,,,,,,,,,,,,,,,,,,,,,,,,,,,,,,,,,,,,,,,,,,,,
MSB:Fish:305,MSB 305-3,Gambusia affinis,1949,7,21,JAR8915F,BP,07-09-2025,07-09-2025,39,31,840,KL,F,NA,,0,NA,0,0,0,0,0,0,0,0,0,0,0,0,0,0,0,0,0,30,0,0,0,0,0,0,,MSB 305-3,Gambusia affinis,JAR8915F,Salsuginus sp.,30,KL,KL,Adult,Gill,70% etoh,P6L48,5,MSB 305-3,MONO.SALSP.GILL,,,,,,,,,,,,,,,,,,,,,,,,,,,,,,,,,,,,,,,,,,,,,,,,,
MSB:Fish:4748,MSB 4748-5,Gambusia affinis,1978,9,5,JAR8905F,BP,07-09-2025,07-09-2025,30,24,278,GC,NA,Arthropod,,0,NA,0,0,0,0,0,0,0,0,0,0,1,0,0,0,0,0,0,0,0,0,0,0,0,0,,MSB 4748-5,Gambusia affinis,JAR8905F,Diplostomulum sp.,1,GC,GC,Adult,Eye,70% etoh,P6L3Y,5,MSB 4748-5,TREM.DIPS.EYE,,,,,,,,,,,,,,,,,,,,,,,,,,,,,,,,,,,,,,,,,,,,,,,,,
MSB:Fish:305,MSB 305-1,Gambusia affinis,1949,7,21,JAR8911F,BP,07-09-2025,07-09-2025,38,30,653,JG,F,Arthropod,,0,NA,0,0,0,0,0,0,0,0,0,0,0,0,0,0,0,0,0,16,0,0,0,0,0,0,,MSB 305-1,Gambusia affinis,JAR8911F,Salsuginus sp.,16,JG,JG,Adult,Gill,70% etoh,P6L5E,5,MSB 305-1,MONO.SALSP.GILL,,,,,,,,,,,,,,,,,,,,,,,,,,,,,,,,,,,,,,,,,,,,,,,,,
MSB:Fish:305,MSB 305-5,Gambusia affinis,1949,7,21,JAR8918F,BP,07-09-2025,07-09-2025,41,34,848,KL,NA,Arthropod,,0,NA,0,0,0,0,0,0,0,0,0,0,0,0,0,0,0,0,0,21,0,0,0,0,NA,0,,MSB 305-5,Gambusia affinis,JAR8918F,Salsuginus sp.,21,KL,KL,Adult,Gill,70% etoh,P6L49,5,MSB 305-5,MONO.SALSP.GILL,,,,,,,,,,,,,,,,,,,,,,,,,,,,,,,,,,,,,,,,,,,,,,,,,
MSB:Fish:2795,MSB 2795-4,Gambusia affinis,1969,4,2,JAR8920F,BP,07-09-2025,07-09-2025,29,24,236,KL,F,Arthropod,,0,NA,0,0,0,0,0,0,0,0,0,0,0,0,0,0,0,0,0,3,0,0,0,2,0,0,CYST.UNK lost,MSB 2795-4,Gambusia affinis,JAR8920F,Salsuginus sp.,3,KL,KL,Adult,Gill,70% etoh,P6L4A,5,MSB 2795-4,MONO.SALSP.GILL,,,,,,,,,,,,,,,,,,,,,,,,,,,,,,,,,,,,,,,,,,,,,,,,,
MSB:Fish:2795,MSB 2795-3,Gambusia affinis,1969,4,2,JAR8921F,BP,07-09-2025,07-09-2025,46,37,885,GC,NA,Arthropod,,0,NA,0,0,0,0,0,0,0,0,0,0,0,0,0,0,0,0,0,2,0,0,0,0,0,0,,MSB 2795-3,Gambusia affinis,JAR8921F,Salsuginus sp.,2,GC,GC,Adult,Gill,70% etoh,P6L46,5,MSB 2795-3,MONO.SALSP.GILL,,,,,,,,,,,,,,,,,,,,,,,,,,,,,,,,,,,,,,,,,,,,,,,,,
MSB:Fish:2795,MSB 2795-5,Gambusia affinis,1969,4,2,JAR8919F,BP,07-09-2025,07-09-2025,25,19,105,JG,NA,Arthropod,,0,NA,0,0,0,0,0,0,0,0,0,0,0,0,0,0,0,0,0,0,0,0,0,0,NA,0,,,,,,,,,,,,,,,,,,,,,,,,,,,,,,,,,,,,,,,,,,,,,,,,,,,,,,,,,,,,,,,,
MSB:Fish:305,MSB 305-4,Gambusia affinis,1949,7,21,JAR8917F,BP,07-09-2025,07-09-2025,26,21,146,EO,F,Arthropod,,0,NA,0,0,0,0,0,0,0,0,0,0,0,0,0,0,0,0,0,3,0,0,0,0,0,0,,MSB 305-4,Gambusia affinis,JAR8917F,Salsuginus sp.,3,EO,EO,Adult,Gill,70% etoh,P6L4Z,5,MSB 305-4,MONO.SALSP.GILL,,,,,,,,,,,,,,,,,,,,,,,,,,,,,,,,,,,,,,,,,,,,,,,,,
MSB:Fish:2795,MSB 2795-2,Gambusia affinis,1969,4,2,JAR8925F,BP,07-09-2025,07-09-2025,31,24,325,GC,NA,NA,,0,NA,0,0,0,0,0,0,0,0,0,0,0,0,0,0,0,0,0,2,0,0,0,0,NA,0,,MSB 2795-2,Gambusia affinis,JAR8925F,Salsuginus sp.,2,GC,GC,Adult,Gill,70% etoh,P6L45,5,MSB 2795-2,MONO.SALSP.GILL,,,,,,,,,,,,,,,,,,,,,,,,,,,,,,,,,,,,,,,,,,,,,,,,,
MSB:Fish:2795,MSB 2795-1,Gambusia affinis,1969,4,2,JAR8932F,BP,07-09-2025,07-09-2025,45,35,820,JG,NA,Arthropod,,0,NA,0,0,0,0,0,0,0,0,0,0,0,0,0,0,0,0,0,0,0,0,0,1,NA,0,,MSB 2795-1,Gambusia affinis,JAR8923F,Unknown cyst,1,JG,JG,NA,Gill,70% etoh,P6L4B,6,MSB 2795-1,CYST.UNK.GILL,,,,,,,,,,,,,,,,,,,,,,,,,,,,,,,,,,,,,,,,,,,,,,,,,
MSB:Fish:326,MSB 326-3,Gambusia affinis,1949,7,21,JAR8931F,KL,07-09-2025,07-09-2025,36,30,581,KL,NA,NA,,0,NA,0,0,0,0,0,0,0,0,0,0,0,0,0,0,0,0,0,0,0,0,0,0,NA,0,,,,,,,,,,,,,,,,,,,,,,,,,,,,,,,,,,,,,,,,,,,,,,,,,,,,,,,,,,,,,,,,
MSB:Fish:1082,MSB 1082-2,Gambusia affinis,1938,10,18,JAR8928F,EO,07-09-2025,07-09-2025,40,33,627,GC,F,Arthropod,,0,NA,0,0,0,0,0,0,0,0,0,0,0,0,0,0,0,0,0,5,0,0,0,0,0,0,,MSB 1082-2,Gambusia affinis,JAR8928F,Salsuginus sp.,5,GC,GC,Adult,Gill,70% etoh,P6L3Z,6,MSB 1082-2,MONO.SALSP.GILL,,,,,,,,,,,,,,,,,,,,,,,,,,,,,,,,,,,,,,,,,,,,,,,,,
MSB:Fish:326,MSB 326-4,Gambusia affinis,1949,7,21,JAR8933F,EO,07-09-2025,07-09-2025,33,27,421,KL,F,NA,,0,NA,0,0,0,0,0,0,0,0,0,0,0,0,0,0,0,0,0,2,0,0,0,0,NA,0,,MSB 326-4,Gambusia affinis,JAR8933F,Salsuginus sp.,2,KL,KL,Adult,Gill,70% etoh,P6L5F,6,MSB 326-4,MONO.SALSP.GILL,,,,,,,,,,,,,,,,,,,,,,,,,,,,,,,,,,,,,,,,,,,,,,,,,
MSB:Fish:1082,MSB 1082-1,Gambusia affinis,1938,10,18,JAR8930F,BP,07-09-2025,07-09-2025,41,32,722,EO,F,Arthropod,,0,NA,0,0,0,0,0,0,0,0,0,0,0,0,0,0,0,0,0,5,0,0,0,0,0,0,,MSB 1082-1,Gambusia affinis,JAR8930F,Salsuginus sp.,5,EO,EO,Adult,Gill,70% etoh,P6L50,6,MSB 1082-1,MONO.SALSP.GILL,,,,,,,,,,,,,,,,,,,,,,,,,,,,,,,,,,,,,,,,,,,,,,,,,
MSB:Fish:1082,MSB 1082-4,Gambusia affinis,1938,10,18,JAR8934F,BP,07-09-2025,07-09-2025,31,24,264,BP,NA,Arthropod,,0,NA,0,0,0,0,0,0,0,0,0,0,0,0,0,0,0,0,0,0,0,0,0,0,0,0,,,,,,,,,,,,,,,,,,,,,,,,,,,,,,,,,,,,,,,,,,,,,,,,,,,,,,,,,,,,,,,,
MSB:Fish:326,MSB 326-5,Gambusia affinis,1949,7,21,JAR8924F,EO,07-09-2025,07-09-2025,38,32,628,JG,F,NA,,0,NA,0,0,0,0,0,0,0,0,0,0,0,0,0,0,0,0,0,2,0,0,0,0,0,0,,MSB 326-5,Gambusia affinis,JAR8924F,Salsuginus sp.,2,JG,JG,Adult,Gill,70% etoh,P6L5G,6,MSB 326-5,MONO.SALSP.GILL,,,,,,,,,,,,,,,,,,,,,,,,,,,,,,,,,,,,,,,,,,,,,,,,,
MSB:Fish:326,MSB 326-1,Gambusia affinis,1949,7,21,JAR8922F,KL,07-09-2025,07-10-2025,33,27,355,KL,F,NA,,0,NA,0,0,0,0,0,0,0,0,0,0,0,0,0,0,0,0,0,2,0,0,0,14,0,0,,MSB 326-1,Gambusia affinis,JAR8922F,Unknown cyst,6,KL,KL,NA,Gill,70% etoh,P6L4C,6,MSB 326-1,CYST.UNK.GILL,saved 1 gill arch but too difficult to extract for a possible non-parasite,Salsuginus sp.,2,KL,KL,Adult,Gill,70% etoh,P6L4D,6,MSB 326-1,MONO.SALSP.GILL,,,,,,,,,,,,,,,,,,,,,,,,,,,,,,,,,,,,,
MSB:Fish:1085,MSB 1085-5,Gambusia affinis,1939,5,13,JAR8935F,JG,07-10-2025,07-10-2025,50,39,1499,GC,F,NA,,0,NA,0,0,0,0,0,0,0,0,0,0,0,0,0,0,0,0,0,1,0,0,0,0,0,0,,MSB 1085-5,Gambusia affinis,JAR8935F,Salsuginus sp.,1,GC,GC,Adult,Gill,70% etoh,P6L40,6,MSB 1085-5,MONO.SALSP.GILL,,,,,,,,,,,,,,,,,,,,,,,,,,,,,,,,,,,,,,,,,,,,,,,,,
MSB:Fish:326,MSB 326-2,Gambusia affinis,1949,7,21,JAR8926F,KL,07-09-2025,07-10-2025,34,28,560,GC,F,NA,,0,NA,0,0,0,0,0,0,0,0,0,0,0,0,0,0,0,0,0,3,0,0,0,0,NA,0,,MSB 326-2,Gambusia affinis,JAR8926F,Salsuginus sp.,3,GC,GC,Adult,Gill,70% etoh,P6L44,6,MSB 326-2,MONO.SALSP.GILL,,,,,,,,,,,,,,,,,,,,,,,,,,,,,,,,,,,,,,,,,,,,,,,,,
MSB:Fish:1085,MSB 1085-2,Gambusia affinis,1939,5,13,JAR8937F,JG,07-10-2025,07-10-2025,26,21,147,GC,M,NA,Caudal fin missing,0,NA,0,0,0,0,0,NA,0,0,0,0,0,0,0,0,0,0,0,0,0,0,0,0,NA,0,,,,,,,,,,,,,,,,,,,,,,,,,,,,,,,,,,,,,,,,,,,,,,,,,,,,,,,,,,,,,,,,
MSB:Fish:1085,MSB 1085-1,Gambusia affinis,1939,5,13,JAR8932F,JG,07-10-2025,07-10-2025,41,33,809,KL,F,NA,,0,NA,0,0,0,0,0,0,0,0,0,0,0,0,0,0,0,0,0,0,0,0,0,0,NA,0,,,,,,,,,,,,,,,,,,,,,,,,,,,,,,,,,,,,,,,,,,,,,,,,,,,,,,,,,,,,,,,,
MSB:Fish:1085,MSB 1085-4,Gambusia affinis,1939,5,13,JAR8941F,JG,07-10-2025,07-10-2025,44,36,1060,KL,F,Arthropod,,0,NA,0,0,0,0,0,0,0,0,0,0,0,0,0,0,0,0,0,0,0,0,0,0,NA,0,,,,,,,,,,,,,,,,,,,,,,,,,,,,,,,,,,,,,,,,,,,,,,,,,,,,,,,,,,,,,,,,
MSB:Fish:4453,MSB 4453-5,Gambusia affinis,1978,9,5,JAR8940F,EO,07-10-2025,07-10-2025,27,22,167,GC,M,Arthropod,,0,NA,0,0,0,0,0,0,0,0,0,0,0,0,0,0,0,0,0,0,0,0,0,0,0,0,,,,,,,,,,,,,,,,,,,,,,,,,,,,,,,,,,,,,,,,,,,,,,,,,,,,,,,,,,,,,,,,
MSB:Fish:1085,MSB 1085-3,Gambusia affinis,1939,5,13,JAR8939F,JG,07-10-2025,07-10-2025,42,34,861,KL,F,NA,,0,NA,0,0,0,0,0,0,0,0,0,0,0,0,0,0,0,0,0,0,0,0,0,0,0,0,,,,,,,,,,,,,,,,,,,,,,,,,,,,,,,,,,,,,,,,,,,,,,,,,,,,,,,,,,,,,,,,
MSB:Fish:1082,MSB 1082-5,Gambusia affinis,1938,10,18,JAR8927F,EO,07-09-2025,07-10-2025,25,21,140,KL,NA,NA,,0,NA,0,0,0,0,0,0,0,0,0,0,0,0,0,0,0,0,0,0,0,0,0,0,NA,0,,,,,,,,,,,,,,,,,,,,,,,,,,,,,,,,,,,,,,,,,,,,,,,,,,,,,,,,,,,,,,,,
MSB:Fish:1105,MSB 1105-1,Gambusia affinis,1939,1,20,JAR11362F,JG,07-10-2025,07-10-2025,30,24,202,GC,NA,Arthropod,,0,NA,0,0,0,0,0,0,0,0,0,0,0,0,0,0,0,0,0,4,0,0,0,0,NA,0,,MSB 1105-1,Gambusia affinis,JAR11362F,Salsuginus sp.,4,GC,GC,Adult,Gill,70% etoh,P6L42,6,MSB 1105-1,MONO.SALSP.GILL,,,,,,,,,,,,,,,,,,,,,,,,,,,,,,,,,,,,,,,,,,,,,,,,,
MSB:Fish:4453,MSB 4453-3,Gambusia affinis,1978,9,5,JAR8938F,EO,07-10-2025,07-10-2025,28,22,149,KL,M,NA,Red spotted spleen(?),0,NA,0,0,0,0,0,0,0,0,0,0,0,0,0,0,0,0,0,1,0,0,0,0,0,0,,MSB 4453-3,Gambusia affinis,JAR8938F,Salsuginus sp.,1,KL,KL,Adult,Gill,70% etoh,P6L5K,6,MSB 4453-3,MONO.SALSP.GILL,,,,,,,,,,,,,,,,,,,,,,,,,,,,,,,,,,,,,,,,,,,,,,,,,
MSB:Fish:3391,MSB 3391-2,Gambusia affinis,1965,5,18,JAR11366F,EO,07-10-2025,07-10-2025,28,23,188,GC,M,Arthropod,,0,NA,0,0,0,0,0,0,0,0,0,0,2,0,0,0,0,0,0,0,0,0,0,0,NA,0,,MSB 3391-2,Gambusia affinis,JAR11366F,Diplostomulum sp.,2,GC,GC,Metacercariae,Eye,70% etoh,P6L4P,6,MSB 3391-2,TREM.DIPS.EYE,,,,,,,,,,,,,,,,,,,,,,,,,,,,,,,,,,,,,,,,,,,,,,,,,
MSB:Fish:3391,MSB 3391-5,Gambusia affinis,1965,5,18,JAR11367F,EO,07-10-2025,07-10-2025,35,28,522,JG,F,Arthropod,,0,NA,0,0,0,0,0,0,0,0,0,0,3,0,0,0,0,0,0,0,0,0,0,0,0,0,,MSB 3391-5,Gambusia affinis,JAR11367F,Diplostomulum sp.,3,JG,JG,Metacercariae,Eye,70% etoh,P6L4O,6,MSB 3391-5,TREM.DIPS.EYE,,,,,,,,,,,,,,,,,,,,,,,,,,,,,,,,,,,,,,,,,,,,,,,,,
MSB:Fish:330,MSB 330-1,Gambusia affinis,1949,11,5,JAR11350F,EO,07-10-2025,07-10-2025,45,36,982,JG,NA,Arthropod,,0,NA,0,0,0,0,0,0,0,0,0,0,0,0,0,0,0,0,0,1,0,0,0,0,NA,0,,MSB 330-1,Gambusia affinis,JAR11350F,Salsuginus sp.,1,JG,JG,Adult,Gill,70% etoh,P6L4Q,6,MSB 330-1,MONO.SALSP.GILL,,,,,,,,,,,,,,,,,,,,,,,,,,,,,,,,,,,,,,,,,,,,,,,,,
MSB:Fish:4453,MSB 4453-2,Gambusia affinis,1978,9,5,JAR8936F,EO ,07-10-2025,07-10-2025,39,31,742,GC,F,Arthropod,,0,NA,0,0,0,0,0,0,0,0,0,0,0,0,0,0,0,0,0,3,0,0,0,0,0,0,,MSB 4453-2,Gambusia affinis,JAR8936F,Salsuginus sp.,3,GC,GC,Adult,Gill,70% etoh,P6L43,6,MSB 4453-2,MONO.SALSP.GILL,,,,,,,,,,,,,,,,,,,,,,,,,,,,,,,,,,,,,,,,,,,,,,,,,
MSB:Fish:1090,MSB 1090-1,Gambusia affinis,1939,6,9,JAR11348F,BP,07-10-2025,07-10-2025,39,30,751,GC,F,Arthropod,,0,NA,0,0,0,0,0,0,0,0,0,0,0,0,0,0,0,0,0,11,0,0,0,0,NA,0,,MSB 1090-1,Gambusia affinis,JAR11348F,Salsuginus sp.,11,GC,GC,Adult,Gill,70% etoh,P6L4N,6,MSB 1090-1,MONO.SALSP.GILL,,,,,,,,,,,,,,,,,,,,,,,,,,,,,,,,,,,,,,,,,,,,,,,,,
MSB:Fish:1082,MSB 1082-3,Gambusia affinis,1938,10,18,JAR8929F,EO,07-09-2025,07-10-2025,34,28,397,KL,F,NA,,0,NA,0,0,0,0,0,0,0,0,0,0,0,0,0,0,0,0,0,0,5,0,0,0,NA,0,,MSB 1082-3,Gambusia affinis,JAR8929F,Monogenea,5,KL,KL,NA,Gill,70% etoh,P6L5H,6,MSB 1082-3,MONO.SS.GILL,,,,,,,,,,,,,,,,,,,,,,,,,,,,,,,,,,,,,,,,,,,,,,,,,
MSB:Fish:4453,MSB 4453-1,Gambusia affinis,1978,9,5,JAR11359F,EO,07-10-2025,07-10-2025,36,30,577,KL,F,NA,,0,NA,0,0,0,0,0,0,0,0,0,0,0,0,0,0,0,0,0,4,0,0,0,0,NA,0,,MSB 4453-1,Gambusia affinis,JAR11359F,Salsuginus sp.,4,KL,KL,Adult,Gill,70% etoh,P6L5I,6,MSB 4453-1,MONO.SALSP.GILL,,,,,,,,,,,,,,,,,,,,,,,,,,,,,,,,,,,,,,,,,,,,,,,,,
MSB:Fish:3391,MSB 3391-4,Gambusia affinis,1965,5,18,JAR11364F,EO,07-10-2025,07-10-2025,33,27,348,KL,NA,NA,,0,NA,0,0,0,0,0,0,0,0,0,0,2,0,0,0,0,0,0,0,0,0,0,0,NA,0,,MSB 3391-4,Gambusia affinis,JAR11364F,Diplostomulum sp.,2,KL,KL,Metacercariae,Eye,70% etoh,P6L5J,6,MSB 3391-4,TREM.DIPS.EYE,,,,,,,,,,,,,,,,,,,,,,,,,,,,,,,,,,,,,,,,,,,,,,,,,
MSB:Fish:330,MSB 330-2,Gambusia affinis,1949,11,5,JAR11347F,JG,07-10-2025,07-10-2025,34,28,374,BP,NA,NA,,0,NA,0,0,0,0,0,0,1,0,0,0,0,0,0,0,0,0,0,0,2,0,0,0,0,0,CYST.UNK.DORSALFIN destroyed,MSB 330-2,Gambusia affinis,JAR11347F,Monogenea,2,BP,BP,Adult,Gill,70% etoh,P6L3Q,6,MSB 330-2,MONO.SS.GILL,,,,,,,,,,,,,,,,,,,,,,,,,,,,,,,,,,,,,,,,,,,,,,,,,
MSB:Fish:1105,MSB 1105-5,Gambusia affinis,1939,1,30,JAR11360F,JG,07-10-2025,07-10-2025,36,28,396,KL,NA,NA,,0,NA,0,0,0,0,0,0,0,0,0,0,1,0,0,0,0,0,0,0,1,0,0,0,0,0,,MSB 1105-5,Gambusia affinis,JAR11360F,Diplostomulum sp.,1,KL,KL,Metacercariae,Eye,70% etoh,P6L5N,6,MSB 1105-5,TREM.DIPS.EYE,,Monogenea,1,KL,KL,NA,Gill,70% etoh,P6L4L,6,MSB 1105-5,MONO.SS.GILL,,,,,,,,,,,,,,,,,,,,,,,,,,,,,,,,,,,,,
MSB:Fish:330,MSB 330-3,Gambusia affinis,1949,11,5,JAR11356F,EO,07-10-2025,07-10-2025,29,23,241,GC,NA,Arthropod,,0,NA,0,0,0,0,0,0,0,0,0,0,0,0,0,0,0,0,0,6,0,0,0,0,0,0,,MSB 330-3,Gambusia affinis,JAR11356F,Salsuginus sp.,6,GC,GC,Adult,Gill,70% etoh,P6L41,6,MSB 330-3,MONO.SALSP.GILL,,,,,,,,,,,,,,,,,,,,,,,,,,,,,,,,,,,,,,,,,,,,,,,,,
MSB:Fish:3391,MSB 3391-1,Gambusia affinis,1965,5,18,JAR11370F,EO,07-10-2025,07-10-2025,41,35,794,KL,F,NA,,0,NA,0,0,0,0,0,0,0,0,0,0,5,0,0,0,0,0,0,1,0,0,0,0,0,0,,MSB 3391-1,Gambusia affinis,JAR11370F,Diplostomulum sp.,5,KL,KL,Metacercariae,Eye,70% etoh,P6L5L,6,MSB 3391-1,TREM.DIPS.EYE,,Salsuginus sp.,1,KL,KL,Adult,Gill,70% etoh,P6L5M,6,MSB 3391-1,MONO.SALSP.GILL,,,,,,,,,,,,,,,,,,,,,,,,,,,,,,,,,,,,,
MSB:Fish:4453,MSB 4453-4,Gambusia affinis,1978,9,5,JAR8942F,EO,07-10-2025,07-10-2025,26,22,143,JG,NA,NA,,0,NA,0,0,0,0,0,0,0,0,0,0,0,0,0,0,0,0,0,0,0,0,0,0,NA,0,,,,,,,,,,,,,,,,,,,,,,,,,,,,,,,,,,,,,,,,,,,,,,,,,,,,,,,,,,,,,,,,
MSB:Fish:3391,MSB 3391-3,Gambusia affinis,1965,5,18,JAR11363F,EO,07-10-2025,07-10-2025,31,26,296,EO,F,Arthropod,,0,NA,0,0,0,0,0,0,0,0,0,0,0,0,0,0,0,0,0,0,0,0,0,0,NA,0,,,,,,,,,,,,,,,,,,,,,,,,,,,,,,,,,,,,,,,,,,,,,,,,,,,,,,,,,,,,,,,,
MSB:Fish:330,MSB 330-4,Gambusia affinis,1949,11,5,JAR11353F,JG,07-10-2025,07-10-2025,32,26,276,BP,NA,NA,Caudal fin cysts present,0,NA,0,0,0,0,0,0,0,0,0,0,0,0,0,0,0,0,0,0,0,0,0,0,0,0,,,,,,,,,,,,,,,,,,,,,,,,,,,,,,,,,,,,,,,,,,,,,,,,,,,,,,,,,,,,,,,,
MSB:Fish:330,MSB 330-5,Gambusia affinis,1949,11,5,JAR11369F,JG,07-10-2025,07-10-2025,26,22,195,EO,F,Arthropod,Cysts on caudal fin,0,NA,0,0,0,0,0,0,0,0,0,0,0,0,0,0,0,0,0,0,0,0,0,0,NA,0,,,,,,,,,,,,,,,,,,,,,,,,,,,,,,,,,,,,,,,,,,,,,,,,,,,,,,,,,,,,,,,,
MSB:Fish:1105,MSB 1105-2,Gambusia affinis,1939,1,30,JAR11365F,JG,07-10-2025,07-10-2025,27,23,158,JG,NA,NA,,0,NA,0,0,0,0,0,0,0,0,0,0,0,0,0,0,0,0,0,0,0,0,0,0,NA,0,,,,,,,,,,,,,,,,,,,,,,,,,,,,,,,,,,,,,,,,,,,,,,,,,,,,,,,,,,,,,,,,
MSB:Fish:1105,MSB 1105-4,Gambusia affinis,1939,1,30,JAR11368F,EO,07-10-2025,07-10-2025,40,32,456,EO,NA,Arthropod,Cyst on caudal fin,0,NA,0,0,0,0,0,0,0,0,0,0,0,0,0,0,0,0,0,0,0,0,0,0,0,0,,,,,,,,,,,,,,,,,,,,,,,,,,,,,,,,,,,,,,,,,,,,,,,,,,,,,,,,,,,,,,,,
MSB:Fish:1090,MSB 1090-4,Gambusia affinis,1939,6,9,JAR11354F,BP,07-10-2025,07-10-2025,25,19,132,GC,M,Arthropod,,0,NA,0,0,0,0,0,0,0,0,0,0,0,0,0,0,0,0,0,7,0,0,0,0,NA,0,,MSB 1090-4,Gambusia affinis,JAR11354F,Salsuginus sp.,7,GC,GC,Adult,Gill,70% etoh,P6L4M,6,MSB 1090-4,MONO.SALSP.GILL,,,,,,,,,,,,,,,,,,,,,,,,,,,,,,,,,,,,,,,,,,,,,,,,,
MSB:Fish:1090,MSB 1090-2,Gambusia affinis,1939,6,9,JAR11351F,BP,07-10-2025,07-10-2025,37,30,670,JG,F,NA,,0,NA,0,0,0,0,0,0,0,0,0,0,0,0,0,0,0,0,0,4,0,0,0,0,NA,0,,MSB 1090-2,Gambusia affinis,JAR11351F,Salsuginus sp.,4,JG,JG,Adult,Gill,70% etoh,P6L4K,6,MSB 1090-2,MONO.SALSP.GILL,,,,,,,,,,,,,,,,,,,,,,,,,,,,,,,,,,,,,,,,,,,,,,,,,
MSB:Fish:1105,MSB 1105-3,Gambusia affinis,1939,1,30,JAR11361F,JG,07-10-2025,07-10-2025,40,36,728,KL,NA,NA,Caudal fin damaged,0,NA,0,0,0,0,0,NA,0,0,0,0,0,0,0,0,0,0,0,0,0,0,0,0,0,0,,,,,,,,,,,,,,,,,,,,,,,,,,,,,,,,,,,,,,,,,,,,,,,,,,,,,,,,,,,,,,,,
MSB:Fish:1090,MSB 1090-5,Gambusia affinis,1939,6,9,JAR11349F,BP,07-10-2025,07-10-2025,29,24,323,KL,F,NA,,0,NA,0,0,0,0,0,0,0,0,0,0,0,0,0,0,0,0,0,6,0,0,0,0,NA,0,,MSB 1090-5,Gambusia affinis,JAR11349F,Salsuginus sp.,6,KL,KL,Adult,Gill,70% etoh,P6L4J,6,MSB 1090-5,MONO.SALSP.GILL,,,,,,,,,,,,,,,,,,,,,,,,,,,,,,,,,,,,,,,,,,,,,,,,,
MSB:Fish:1090,MSB 1090-3,Gambusia affinis,1939,6,9,JAR11357F,BP,07-10-2025,07-10-2025,33,25,483,EO,F,NA,,0,NA,0,0,0,0,0,0,0,0,0,0,0,0,0,0,0,0,0,3,0,0,0,0,NA,0,,MSB 1090-3,Gambusia affinis,JAR11357F,Salsuginus sp.,3,EO,EO,Adult,Gill,70% etoh,P6L51,6,MSB 1090-3,MONO.SALSP.GILL,,,,,,,,,,,,,,,,,,,,,,,,,,,,,,,,,,,,,,,,,,,,,,,,,
MSB:Fish:5822,MSB 5822-1,Gambusia affinis,1987,9,10,JAR11343F,BP,07-10-2025,07-10-2025,34,26,358,GC,F,Arthropod,,0,NA,0,0,0,0,0,0,0,0,0,0,0,0,0,0,0,0,0,2,0,0,0,0,1,0,,MSB 5822-1,Gambusia affinis,JAR11343F,Salsuginus sp.,2,GC,GC,Adult,Gill,70% etoh,P6L4I,6,MSB 5822-1,MONO.SALSP.GILL,,Myxidium sp. ,1,GC,GC,NA,Gall bladder,70% etoh,P6L4H,6,MSB 5822-1,MYXO.MYXID.GB,,,,,,,,,,,,,,,,,,,,,,,,,,,,,,,,,,,,,
MSB:Fish:324,MSB 324-2,Gambusia affinis,1950,10,18,JAR11336F,BP,07-10-2025,07-10-2025,45,36,1097,KL,F,NA,,0,NA,0,0,0,0,0,0,0,0,0,0,0,0,0,0,0,0,0,0,12,0,0,0,NA,0,,MSB 324-2,Gambusia affinis,JAR11336F,Monogenea,12,KL,KL,Adult,Gill,70% etoh,P6L4G,6,MSB 324-2,MONO.SS.GILL,,,,,,,,,,,,,,,,,,,,,,,,,,,,,,,,,,,,,,,,,,,,,,,,,
MSB:Fish:12531,MSB 12531-1,Gambusia affinis,1992,11,13,JAR11267F,EO,07-11-2025,07-11-2025,46,38,1030,GC,NA,NA,1980s+ only 30 mm & up,0,NA,0,0,0,0,0,0,0,0,0,0,0,0,0,0,0,0,0,0,0,0,0,0,0,0,,,,,,,,,,,,,,,,,,,,,,,,,,,,,,,,,,,,,,,,,,,,,,,,,,,,,,,,,,,,,,,,
MSB:Fish:324,MSB 324-1,Gambusia affinis,1950,10,18,JAR11335F,JG,07-10-2025,07-11-2025,39,33,691,KL,F,NA,,0,NA,0,0,0,0,0,0,0,0,0,0,0,0,0,0,0,1,0,0,0,0,0,0,NA,0,,MSB 324-1,Gambusia affinis,JAR11335F,Nematoda,1,KL,KL,Larval,Intestine,70% etoh,P6L4F,6,MSB 324-1,NEM.LARV.INTESTINE,Pictured,,,,,,,,,,,,,,,,,,,,,,,,,,,,,,,,,,,,,,,,,,,,,,,,
MSB:Fish:288,MSB 288-1,Gambusia affinis,1949,12,3,JAR11272F,BP,07-11-2025,07-11-2025,41,32,695,GC,F,NA,,0,NA,0,0,0,0,0,0,0,0,0,0,0,0,0,0,0,0,0,1,0,0,0,0,NA,0,,MSB 288-1,Gambusia affinis,JAR11272F,Salsuginus sp.,1,GC,GC,Adult,Gill,70% etoh,P6KUD,6,MSB 288-1,MONO.SALSP.GILL,,,,,,,,,,,,,,,,,,,,,,,,,,,,,,,,,,,,,,,,,,,,,,,,,
MSB:Fish:288,MSB 288-5,Gambusia affinis,1949,12,3,JAR11268F,EO,07-11-2025,07-11-2025,35,28,413,EO,F,Arthropod,Patterned cysts on caudal fin,0,NA,0,0,0,0,0,0,0,0,0,0,0,0,0,0,0,0,0,1,0,0,0,0,0,0,,MSBS 288-5,Gambusia affinis,JAR11268F,Salsuginus sp.,1,EO,EO,Adult,Gill,70% etoh,P6L52,6,MSB 288-5,MONO.SALSP.GILL,,,,,,,,,,,,,,,,,,,,,,,,,,,,,,,,,,,,,,,,,,,,,,,,,
MSB:Fish:12531,MSB 12531-3,Gambusia affinis,1992,11,13,JAR11264F,EO,07-11-2025,07-11-2025,35,28,445,KL,F,NA,1980s+ only 30 mm & up,0,NA,0,0,0,0,0,0,0,0,0,0,0,0,0,0,0,0,0,0,5,0,0,3,0,0,"Only collected 1 MONO.SS, accidentally dumped the dish before saving the rest",MSB 12531-3,Gambusia affinis,JAR11264F,Unknown cyst,3,KL,KL,NA,Gill,70% etoh,P6KU7,6,MSB 12531-3,CYST.UNK.GILL,,Monogenea,1,KL,KL,NA,Gill,70% etoh,P6KU6,6,MSB 12531-3,MONO.SS.GILL,Accidentally dumped the dish before saving the rest,,,,,,,,,,,,,,,,,,,,,,,,,,,,,,,,,,,,
MSB:Fish:324,MSB 324-4,Gambusia affinis,1950,10,18,JAR11338F,BP,07-10-2025,07-11-2025,46,36,1172,GC,NA,NA,,0,NA,0,0,0,0,0,0,0,0,0,0,0,0,0,0,0,0,0,6,0,0,0,0,NA,0,,MSB 324-4,Gambusia affinis,JAR11338F,Salsuginus sp.,6,GC,GC,Adult,Gill,70% etoh,P6KU5,6,MSB 324-4,MONO.SALSP.GILL,,,,,,,,,,,,,,,,,,,,,,,,,,,,,,,,,,,,,,,,,,,,,,,,,
MSB:Fish:12531,MSB 12531-4,Gambusia affinis,1992,11,13,JAR11265F,EO,07-11-2025,07-11-2025,31,25,317,KL,NA,NA,1980s+ only 30mm & up,0,NA,0,0,0,0,0,0,0,0,0,0,0,0,0,0,0,0,0,0,2,0,0,1,0,0,,MSB 12531-4,Gambusia affinis,JAR11265F,Monogenea,2,KL,KL,NA,Gill,70% etoh,P6KU4,6,MSB 12531-4,MONO.SS.GILL,,Unknown cyst,1,KL,KL,NA,Gill,70% etoh,P6KU3,6,MSB 12531-4,CYST.UNK.GILL,,,,,,,,,,,,,,,,,,,,,,,,,,,,,,,,,,,,,
MSB:Fish:288,MSB 288-2,Gambusia affinis,1949,12,3,JAR11271F,BP,07-11-2025,07-11-2025,30,27,461,BP,NA,Arthropod,Caudal fin cysts present,0,NA,0,0,0,0,0,0,0,0,0,0,0,0,0,0,0,0,0,1,0,0,0,0,0,0,,MSB 288-2,Gambusia affinis,JAR11271F,Salsuginus sp.,1,BP,BP,Adult,Gill,70% etoh,P6L3P,6,MSB 288-2,MONO.SALSP.GILL,,,,,,,,,,,,,,,,,,,,,,,,,,,,,,,,,,,,,,,,,,,,,,,,,
MSB:Fish:5822,MSB 5822-3,Gambusia affinis,1987,9,10,JAR11358F,BP,07-10-2025,07-11-2025,41,32,826,JG,F,Arthropod,,0,NA,0,0,0,0,0,0,0,0,0,0,1,0,0,0,0,0,0,0,0,0,0,0,NA,0,,MSB 5822-3,Gambusia affinis,JAR11358F,Diplostomulum sp.,1,JG,JG,Metacercariae,Eye,70% etoh,P6KU8,6,MSB 5822-3,TREM.DIPS.EYE,,,,,,,,,,,,,,,,,,,,,,,,,,,,,,,,,,,,,,,,,,,,,,,,,
MSB:Fish:324,MSB 324-3,Gambusia affinis,1950,10,18,JAR11337F,BP,07-10-2025,07-11-2025,49,39,1841,GC,NA,NA,,0,NA,0,0,0,0,0,0,0,0,0,0,0,0,0,0,0,0,0,5,0,0,0,0,NA,0,,MSB 324-3,Gambusia affinis,JAR11337F,Salsuginus sp.,5,GC,GC,Adult,Gill,70% etoh,P6KUA,6,MSB 324-3,MONO.SALSP.GILL,,,,,,,,,,,,,,,,,,,,,,,,,,,,,,,,,,,,,,,,,,,,,,,,,
MSB:Fish:4086,MSB 4086-3,Gambusia affinis,1978,9,29,JAR11342F,BP,07-11-2025,07-11-2025,31,24,340,JG,NA,Arthropod,,0,NA,0,0,0,0,0,0,0,0,0,0,5,0,0,0,0,0,0,2,0,0,0,0,NA,0,,MSB 4086-3,Gambusia affinis,JAR11342F,Salsuginus sp.,2,JG,JG,Adult,Gill,70% etoh,P6L4E,6,MSB 4086-3,MONO.SALSP.GILL,,Diplostomulum sp.,5,JG,JG,Metacercariae,Eye,70% etoh,P6KUB,6,MSB 4086-3,TREM.DIPS.EYE,,,,,,,,,,,,,,,,,,,,,,,,,,,,,,,,,,,,,
MSB:Fish:324,MSB 324-5,Gambusia affinis,1950,10,18,JAR11339F,BP,07-10-2025,07-11-2025,39,31,754,KL,F,Arthropod,,0,NA,0,0,0,0,0,0,0,0,0,0,0,0,0,0,0,0,0,0,4,0,0,0,0,0,,MSB 324-5,Gambusia affinis,JAR11339F,Monogenea,4,KL,KL,NA,Gill,70% etoh,P6KUC,6,MSB 324-5,MONO.SS.GILL,,,,,,,,,,,,,,,,,,,,,,,,,,,,,,,,,,,,,,,,,,,,,,,,,
MSB:Fish:4086,MSB 4086-1,Gambusia affinis,1978,9,29,JAR11345F,BP,07-11-2025,07-11-2025,41,32,795,KL,F,NA,,0,NA,0,0,0,0,0,0,0,0,0,0,0,0,0,0,0,0,0,0,6,0,0,0,0,0,,MSB 4086-1,Gambusia affinis,JAR11345F,Monogenea,6,KL,KL,NA,Gill,70% etoh,P6KU9,6,MSB 4086-1,MONO.SS.GILL,,,,,,,,,,,,,,,,,,,,,,,,,,,,,,,,,,,,,,,,,,,,,,,,,
MSB:Fish:12531,MSB 12531-2,Gambusia affinis,1992,11,13,JAR11263F,EO,07-11-2025,07-11-2025,34,27,414,KL,NA,NA,1980s+ only 30 mm & up,0,NA,0,0,0,0,0,0,0,0,0,0,0,0,0,0,0,0,0,0,3,1,0,0,0,0,,MSB 12531-2,Gambusia affinis,JAR11263F,Monogenea,3,KL,KL,NA,Gill,70% etoh,P6KU1,6,MSB 12531-2,MONO.SS.GILL,,Myxozoa,1,KL,KL,NA,Gill,70% etoh,P6KU2,6,MSB 12531-2,MYXO.G.GILL,"Pictured, 1 cluster",,,,,,,,,,,,,,,,,,,,,,,,,,,,,,,,,,,,
MSB:Fish:4086,MSB 4086-5,Gambusia affinis,1978,9,29,JAR11340F,BP,07-11-2025,07-11-2025,29,23,261,GC,M,NA,,0,NA,0,0,0,0,0,0,0,0,0,0,0,0,0,0,0,0,0,0,0,0,0,0,0,0,,,,,,,,,,,,,,,,,,,,,,,,,,,,,,,,,,,,,,,,,,,,,,,,,,,,,,,,,,,,,,,,
MSB:Fish:4486,MSB 4486-1,Gambusia affinis,1978,9,29,JAR11274F,JG,07-11-2025,07-11-2025,29,24,252,KL,F,Arthropod,,0,NA,0,0,0,0,0,0,0,0,0,0,0,0,0,0,0,0,0,0,2,0,0,0,0,0,,MSB 4486-1,Gambusia affinis,JAR11274F,Monogenea,2,KL,KL,NA,Gill,70% etoh,P6KTZ,6,MSB 4486-1,MONO.SS.GILL,,,,,,,,,,,,,,,,,,,,,,,,,,,,,,,,,,,,,,,,,,,,,,,,,
MSB:Fish:288,MSB 288-3,Gambusia affinis,1949,12,3,JAR11270F,EO,07-11-2025,07-11-2025,49,40,1240,KL,F,NA,,0,NA,0,0,0,0,0,0,0,0,0,0,0,0,0,0,0,0,0,0,3,0,0,0,NA,0,,MSB 288-3,Gambusia affinis,JAR11270F,Monogenea,3,KL,KL,NA,Gill,70% etoh,P6KU0,6,MSB 288-3,MONO.SS.GILL,,,,,,,,,,,,,,,,,,,,,,,,,,,,,,,,,,,,,,,,,,,,,,,,,
MSB:Fish:5822,MSB 5822-5,Gambusia affinis,1987,9,10,JAR11352F,BP,07-10-2025,07-11-2025,29,21,200,JG,NA,NA,,0,NA,0,0,0,0,0,0,0,0,0,0,0,0,0,0,0,0,0,0,0,0,0,0,NA,0,,,,,,,,,,,,,,,,,,,,,,,,,,,,,,,,,,,,,,,,,,,,,,,,,,,,,,,,,,,,,,,,
MSB:Fish:4086,MSB 4086-2,Gambusia affinis,1978,9,29,JAR11344F,BP,07-11-2025,07-11-2025,40,30,701,EO,F,Arthropod,Cysts on caudal fin,0,NA,0,0,0,0,0,0,0,0,0,0,0,0,0,0,0,0,0,0,0,0,0,0,NA,0,,,,,,,,,,,,,,,,,,,,,,,,,,,,,,,,,,,,,,,,,,,,,,,,,,,,,,,,,,,,,,,,
MSB:Fish:5822,MSB 5822-4,Gambusia affinis,1987,9,10,JAR11355F,JG,07-10-2025,07-11-2025,25,20,153,JG,NA,NA,,0,NA,0,0,0,0,0,0,0,0,0,0,0,0,0,0,0,0,0,0,0,0,0,0,0,0,,,,,,,,,,,,,,,,,,,,,,,,,,,,,,,,,,,,,,,,,,,,,,,,,,,,,,,,,,,,,,,,
MSB:Fish:5822,MSB 5822-2,Gambusia affinis,1987,9,10,JAR11346F,BP,07-10-2025,07-11-2025,36,29,480,GC,F,NA,,0,NA,0,0,0,0,0,0,0,0,0,0,0,0,0,0,0,0,0,0,0,0,0,0,0,0,,,,,,,,,,,,,,,,,,,,,,,,,,,,,,,,,,,,,,,,,,,,,,,,,,,,,,,,,,,,,,,,
MSB:Fish:288,MSB 288-4,Gambusia affinis,1949,12,3,JAR11269F,BP,07-11-2025,07-11-2025,28,22,247,BP,NA,NA,Caudal fin cysts present,0,NA,0,0,0,0,0,0,0,0,0,0,0,0,0,0,0,0,0,0,0,0,0,0,0,0,,,,,,,,,,,,,,,,,,,,,,,,,,,,,,,,,,,,,,,,,,,,,,,,,,,,,,,,,,,,,,,,
MSB:Fish:4486,MSB 4486-3,Gambusia affinis,1978,9,29,JAR11325F,KL,07-11-2025,07-11-2025,28,23,227,EO,F,Arthropod,Patterned cysts on caudal fin,0,NA,0,0,0,0,0,0,0,0,0,0,0,0,0,0,0,0,0,0,2,0,0,0,NA,0,,MSB 4486-3,Gambusia affinis,JAR11325F,Monogenea,2,EO,EO,NA,Gill,70% etoh,P6L53,6,MSB 4486-3,MONO.SS.GILL,,,,,,,,,,,,,,,,,,,,,,,,,,,,,,,,,,,,,,,,,,,,,,,,,
MSB:Fish:4486,MSB 4486-4,Gambusia affinis,1978,9,29,JAR11323F,KL,07-11-2025,07-11-2025,27,22,226,KL,NA,NA,,0,NA,0,0,0,0,0,0,0,0,0,0,0,0,0,0,0,0,0,0,4,0,0,1,0,0,,MSB 4486-4,Gambusia affinis,JAR11323F,Monogenea,4,KL,KL,NA,Gill,70% etoh,P6KTW,6,MSB 4486-4,MONO.SS.GILL,,Unknown cyst,1,KL,KL,NA,Gill,70% etoh,P6KTV,6,MSB 4486-4,CYST.UNK.GILL,,,,,,,,,,,,,,,,,,,,,,,,,,,,,,,,,,,,,
MSB:Fish:4486,MSB 4486-2,Gambusia affinis,1978,9,29,JAR11324F,JG,07-11-2025,07-11-2025,25,20,171,KL,M,NA,,0,NA,0,0,0,0,0,0,0,0,0,0,0,0,0,0,0,0,0,0,2,0,0,0,1,0,,MSB 4486-2,Gambusia affinis,JAR11324F,Myxidium sp.,1,KL,KL,NA,Gall bladder,70% etoh,P6KTU,6,MSB 4486-2,MYXO.MYXID.GALLBLADDER,,Monogenea,1,KL,KL,NA,Gill,70% etoh,P6KTT,6,MSB 4486-2,MONO.SS.GILL,,,,,,,,,,,,,,,,,,,,,,,,,,,,,,,,,,,,,
MSB:Fish:12531,MSB 12531-5,Gambusia affinis,1992,11,13,JAR11266F,EO,07-11-2025,07-11-2025,48,40,1190,BP,F,Arthropod,1980s+ only 30mm & up,0,NA,0,0,0,0,0,0,0,0,0,0,8,0,0,0,0,0,0,0,4,0,0,0,0,0,,MSB 12531-5,Gambusia affinis,JAR11266F,Monogenea,4,BP,BP,NA,Gill,70% etoh,P6L3O,6,MSB 12531-5,MONO.SS.GILL,,Diplostomulum sp.,8,BP,BP,Metacercariae,Eye,70% etoh,P6L3N,6,MSB 12531-5,TREM.DIPS.EYE,,,,,,,,,,,,,,,,,,,,,,,,,,,,,,,,,,,,,
MSB:Fish:4486,MSB 4486-5,Gambusia affinis,1978,9,29,JAR11273F,KL,07-11-2025,07-11-2025,25,20,158,KL,NA,Arthropod,,0,NA,0,0,0,0,0,0,0,0,0,0,0,0,0,0,0,0,0,0,2,0,0,0,1,0,1 MONO.SS lost,MSB 4486-5,Gambusia affinis,JAR11273F,Myxidium sp.,1,KL,KL,NA,Galll bladder,70% etoh,P6KTY,6,MSB 4486-5,MYXO.MYXID.GALLBLADDER,,Monogenea,1,KL,KL,NA,Gill,70% etoh,P6KTX,6,MSB 4486-5,MONO.SS.GILL,One lost,,,,,,,,,,,,,,,,,,,,,,,,,,,,,,,,,,,,
MSB:Fish:4086,MSB 4086-4,Gambusia affinis,1978,9,29,JAR11341F,BP,07-11-2025,07-11-2025,26,19,139,GC,F,Arthropod,,0,NA,0,0,0,0,0,0,0,0,0,0,0,0,0,0,0,0,0,2,0,0,0,0,0,0,,MSB 4086-4,Gambusia affinis,JAR11341F,Salsuginus sp.,2,GC,GC,Adult,Gill,70% etoh,P6KTS,6,MSB 4086-4,MONO.SALSP.GILL,,,,,,,,,,,,,,,,,,,,,,,,,,,,,,,,,,,,,,,,,,,,,,,,,
MSB:Fish:4172,MSB 4172-2,Gambusia affinis,1977,5,10,JAR11329F,JG,07-14-2025,07-14-2025,33,29,347,GC,F,Arthropod,,0,NA,0,0,0,0,0,0,0,0,0,0,0,0,0,0,0,0,0,2,0,0,0,0,NA,0,,MSB 4172-2,Gambusia affinis,JAR11329F,Salsuginus sp.,2,GC,GC,Adult,Gill,70% etoh,P6KTO,6,MSB 4172-2,MONO.SALSP.GILL,,,,,,,,,,,,,,,,,,,,,,,,,,,,,,,,,,,,,,,,,,,,,,,,,
MSB:Fish:4172,MSB 4172-3,Gambusia affinis,1977,5,10,JAR11330F,BP,07-14-2025,07-14-2025,27,21,170,KL,F,NA,,0,NA,0,0,0,0,0,0,0,0,0,0,0,0,0,0,0,0,0,2,0,0,0,0,0,0,,MSB 4172-3,Gambusia affinis,JAR11330F,Salsuginus sp.,2,KL,KL,Adult,Gill,70% etoh,P6KTP,6,MSB 4172-3,MONO.SALSP.GILL,,,,,,,,,,,,,,,,,,,,,,,,,,,,,,,,,,,,,,,,,,,,,,,,,
MSB:Fish:4172,MSB 4172-1,Gambusia affinis,1977,5,10,JAR11328F,BP,07-14-2025,07-14-2025,29,24,252,KL,NA,NA,,0,NA,0,0,0,0,0,0,0,0,0,0,0,0,0,0,0,0,0,2,0,0,0,0,NA,0,,MSB 4172-1,Gambusia affinis,JAR11328F,Salsuginus sp.,2,KL,KL,Adult,Gill,70% etoh,P6KTN,6,MSB 4172-1,MONO.SALSP.GILL,,,,,,,,,,,,,,,,,,,,,,,,,,,,,,,,,,,,,,,,,,,,,,,,,
MSB:Fish:6405,MSB 6405-1,Gambusia affinis,1989,10,16,JAR1131F,BP,07-14-2025,07-14-2025,32,24,325,KL,F,NA,1980s+ only 30mm and up,0,NA,0,0,0,0,0,0,0,0,0,0,0,0,0,0,0,0,0,0,2,0,0,0,NA,0,,MSB 6405-1,Gambusia affinis,JAR11316F,Monogenea,2,KL,KL,NA,Gill,70% etoh,P6KTQ,7,MSB 6405-1,MONO.SS.GILL,,,,,,,,,,,,,,,,,,,,,,,,,,,,,,,,,,,,,,,,,,,,,,,,,
MSB:Fish:6405,MSB 6405-4,Gambusia affinis,1989,10,16,JAR11312F,BP,07-14-2025,07-14-2025,37,29,435,GC,F,NA,1980s+ only 30mm and up,0,NA,0,0,0,0,0,0,0,0,0,0,0,0,0,0,0,0,0,1,0,0,0,0,NA,0,,MSB 6405-4,Gambusia affinis,JAR11312F,Salsuginus sp.,1,GC,GC,Adult,Gill,70% etoh,P6KTR,7,MSB 6405-4,MONO.SALSP.GILL,,,,,,,,,,,,,,,,,,,,,,,,,,,,,,,,,,,,,,,,,,,,,,,,,
MSB:Fish:1078,MSB 1078-1,Gambusia affinis,1939,1,30,JAR11299F,BP,07-14-2025,07-14-2025,40,31,647,JG,F,Arthropod,"<35.1° must be > 35mm, not random",0,NA,0,0,0,0,0,0,0,0,0,0,0,0,0,0,0,0,0,1,0,0,0,1,0,0,,MSB 1078-1,Gambusia affinis,JAR11299F,Salsuginus sp.,1,JG,JG,Adult,Gill,70% etoh,P6KTM,7,MSB 1078-1,MONO.SALSP.GILL,,Unknown Cyst,1,JG,JG,NA,Gill,70% etoh,P6KTL,7,MSB 1078-1,CYST.UNK.GILL,,,,,,,,,,,,,,,,,,,,,,,,,,,,,,,,,,,,,
MSB:Fish:6405,MSB 6405-5,Gambusia affinis,1989,10,16,JAR11314F,JG,07-14-2025,07-14-2025,34,27,398,JG,NA,Arthropod,1980s+ only 30mm and up,0,NA,0,0,0,0,0,0,0,0,0,0,0,0,0,0,0,0,0,0,0,0,0,0,NA,0,,,,,,,,,,,,,,,,,,,,,,,,,,,,,,,,,,,,,,,,,,,,,,,,,,,,,,,,,,,,,,,,
MSB:Fish:4172,MSB 4172-4,Gambusia affinis,1977,5,10,JAR11327F,BP,07-14-2025,07-14-2025,27,21,150,GC,M,Arthropod,,0,NA,0,0,0,0,0,0,0,0,0,0,0,0,0,0,0,0,0,4,0,0,0,0,0,0,,MSB 4172-4,Gambusia affinis,JAR11327F,Salsuginus sp.,4,GC,GC,Adult,Gill,70% etoh,P6KTK,7,MSB 4172-4,MONO.SALSP.GILL,,,,,,,,,,,,,,,,,,,,,,,,,,,,,,,,,,,,,,,,,,,,,,,,,
MSB:Fish:6405,MSB 6405-2,Gambusia affinis,1989,10,16,JAR11315F,JG,07-14-2025,07-14-2025,37,31,537,EO,F,Arthropod,"1980s+ only 30mm and up, patterned cysts on caudal fin",0,NA,0,0,0,0,0,0,0,0,0,0,0,0,0,0,0,0,0,0,0,0,0,0,NA,0,,,,,,,,,,,,,,,,,,,,,,,,,,,,,,,,,,,,,,,,,,,,,,,,,,,,,,,,,,,,,,,,
MSB:Fish:9004,MSB 9004-5,Gambusia affinis,1998,10,28,JAR11300F,JG,07-14-2025,07-14-2025,34,28,428,BP,F,Arthropod,1980s+only 30mm and up,0,NA,0,0,0,0,0,0,0,0,0,0,2,0,0,0,0,0,0,1,0,0,0,0,0,0,,MSB 9004-5,Gambusia affinis,JAR11300F,Salsuginus sp.,1,BP,BP,Adult,Gill,70% etoh,P6L3M,7,MSB 9004-5,MONO.SALSP.GILL,,Diplostomulum sp.,2,BP,BP,Metacercariae,Eye,70% etoh,P6L3L,7,MSB 9004-5,TREM.DIPS.EYE,,,,,,,,,,,,,,,,,,,,,,,,,,,,,,,,,,,,,
MSB:Fish:1078,MSB 1078-5,Gambusia affinis,1939,1,30,JAR11308F,BP,07-14-2025,07-14-2025,39,29,627,KL,NA,NA,"<35.1° must be >35mm, not random",0,NA,0,0,0,0,0,0,0,0,0,0,0,0,0,0,0,0,0,0,0,0,1,0,NA,0,,MSB 1078-5,Gambusia affinis,JAR11308F,Monogenea,1,KL,KL,Adult,Gill,70% etoh,P6KUS,7,MSB 1078-5,MONO.UNK.GILL,Couldn't I.D. -have Marteen look?,,,,,,,,,,,,,,,,,,,,,,,,,,,,,,,,,,,,,,,,,,,,,,,,
MSB:Fish:4172,MSB 4172-5,Gambusia affinis,1977,5,10,JAR11326F,JG,07-14-2025,07-14-2025,27,21,137,JG,NA,NA,,0,NA,0,0,0,0,0,0,0,0,0,0,0,0,0,0,0,0,0,3,0,0,0,0,0,0,,MSB 4172-5,Gambusia affinis,JAR11326F,Salsuginus sp.,3,JG,JG,Adult,Gill,70% etoh,P6KUQ,7,MSB 4172-5,MONO.SALSP.GILL,,,,,,,,,,,,,,,,,,,,,,,,,,,,,,,,,,,,,,,,,,,,,,,,,
MSB:Fish:4056,MSB 4056-1,Gambusia affinis,1978,5,19,JAR11319F,EO,07-14-2025,07-14-2025,37,30,644,GC,F,Arthropod,,0,NA,0,0,0,0,0,0,0,0,0,0,0,0,0,0,0,0,0,3,0,0,0,0,NA,0,,MSB 4056-1,Gambusia affinis,JAR11319F,Salsuginus sp.,3,GC,GC,Adult,Gill,70% etoh,P6KUR,7,MSB 4056-1,MONO.SALSP.GILL,,,,,,,,,,,,,,,,,,,,,,,,,,,,,,,,,,,,,,,,,,,,,,,,,
MSB:Fish:1078,MSB 1078-2,Gambusia affinis,1939,1,30,JAR11302F,JG,07-14-2025,07-14-2025,41,32,699,KL,NA,NA,"<35.1° must be >35mm, not random",0,NA,0,0,0,0,0,0,0,0,0,0,0,0,0,0,0,0,0,0,0,0,0,0,0,0,,,,,,,,,,,,,,,,,,,,,,,,,,,,,,,,,,,,,,,,,,,,,,,,,,,,,,,,,,,,,,,,
MSB:Fish:1079,MSB 1079-2,Gambusia affinis,1941,9,14,JAR11331F,JG,07-14-2025,07-14-2025,35,29,447,KL,NA,NA,,0,NA,0,0,0,0,0,0,0,0,0,0,0,0,0,0,0,0,0,0,0,0,0,0,NA,0,,,,,,,,,,,,,,,,,,,,,,,,,,,,,,,,,,,,,,,,,,,,,,,,,,,,,,,,,,,,,,,,
MSB:Fish:1078,MSB 1078-4,Gambusia affinis,1939,1,30,JAR11320F,JG,07-14-2025,07-14-2025,43,37,1027,GC,F,Arthropod,"<35.1° must be >35mm, not random",0,NA,0,0,0,0,0,0,0,0,0,0,0,0,0,0,0,0,0,0,0,0,0,0,0,0,,,,,,,,,,,,,,,,,,,,,,,,,,,,,,,,,,,,,,,,,,,,,,,,,,,,,,,,,,,,,,,,
MSB:Fish:9004,MSB 9004-1,Gambusia affinis,1990,10,28,JAR11303F,BP,07-14-2025,07-14-2025,33,27,388,BP,NA,Arthropod,"1980s+only 30mm and up, Caudal fin cysts present",0,NA,0,0,0,0,0,0,0,0,0,0,0,0,0,0,0,0,0,0,0,0,0,0,0,0,,,,,,,,,,,,,,,,,,,,,,,,,,,,,,,,,,,,,,,,,,,,,,,,,,,,,,,,,,,,,,,,
MSB:Fish:9004,MSB 9004-4,Gambusia affinis,1990,10,28,JAR11301F,JG,07-14-2025,07-14-2025,34,28,405,GC,NA,NA,1980s+only 30mm and up,0,NA,0,0,0,0,0,0,0,0,0,0,0,0,0,0,0,0,0,0,0,0,0,0,0,0,,,,,,,,,,,,,,,,,,,,,,,,,,,,,,,,,,,,,,,,,,,,,,,,,,,,,,,,,,,,,,,,
MSB:Fish:1079,MSB 1079-5,Gambusia affinis,1941,9,14,JAR11311F,JG,07-14-2025,07-14-2025,37,29,441,KL,NA,NA,,0,NA,0,0,0,0,0,0,0,0,0,0,0,0,0,0,0,0,0,0,0,0,0,0,0,0,,,,,,,,,,,,,,,,,,,,,,,,,,,,,,,,,,,,,,,,,,,,,,,,,,,,,,,,,,,,,,,,
MSB:Fish:9004,MSB 9004-2,Gambusia affinis,1990,10,28,JAR11306F,JG,07-14-2025,07-14-2025,32,25,351,KL,NA,Arthropod,1980s+only 30mm and up,0,NA,0,0,0,0,0,0,0,0,0,0,0,0,0,0,0,0,0,0,0,0,0,0,NA,0,,,,,,,,,,,,,,,,,,,,,,,,,,,,,,,,,,,,,,,,,,,,,,,,,,,,,,,,,,,,,,,,
MSB:Fish:1079,MSB 1079-4,Gambusia affinis,1941,9,14,JAR11333F,BP,07-14-2025,07-14-2025,44,33,754,GC,F,Arthropod,,0,NA,0,0,0,0,0,0,0,0,0,0,0,0,0,0,0,0,0,0,0,0,0,0,NA,0,,,,,,,,,,,,,,,,,,,,,,,,,,,,,,,,,,,,,,,,,,,,,,,,,,,,,,,,,,,,,,,,
MSB:Fish:1079,MSB 1079-3,Gambusia affinis,1941,9,14,JAR11332F,BP,07-14-2025,07-14-2025,33,25,457,GC,F,Arthropod,,0,NA,0,0,0,0,0,0,0,0,0,0,0,0,0,0,0,0,0,0,0,0,0,0,0,0,,,,,,,,,,,,,,,,,,,,,,,,,,,,,,,,,,,,,,,,,,,,,,,,,,,,,,,,,,,,,,,,
MSB:Fish:1079,MSB 1079-1,Gambusia affinis,1941,9,14,JAR11334F,BP,07-14-2025,07-14-2025,29,24,231,GC,NA,Arthropod,,0,NA,0,0,0,0,0,0,0,0,0,0,0,0,0,0,0,0,0,0,0,0,0,0,0,0,,,,,,,,,,,,,,,,,,,,,,,,,,,,,,,,,,,,,,,,,,,,,,,,,,,,,,,,,,,,,,,,
MSB:Fish:6405,MSB 6405-3,Gambusia affinis,1989,10,16,JAR11313F,JG,07-14-2025,07-14-2025,33,26,403,GC,F,NA,1980s+only 30mm and up,0,NA,0,0,0,0,0,0,0,0,0,0,0,0,0,0,0,0,0,0,0,0,0,0,NA,0,,,,,,,,,,,,,,,,,,,,,,,,,,,,,,,,,,,,,,,,,,,,,,,,,,,,,,,,,,,,,,,,
MSB:Fish:4056,MSB 4056-5,Gambusia affinis,1978,5,19,JAR11321F,EO,07-14-2025,07-14-2025,34,28,581,GC,F,Arthropod,,0,NA,0,0,0,0,0,0,0,0,0,0,0,0,0,0,0,0,0,2,0,0,0,0,0,0,,MSB 4056-5,Gambusia affinis,JAR11321F,Salsuginus sp.,2,GC,GC,Adult,Gill,70% etoh,P6KUP,7,MSB 4056-5,MONO.SALSP.GILL,,,,,,,,,,,,,,,,,,,,,,,,,,,,,,,,,,,,,,,,,,,,,,,,,
MSB:Fish:4056,MSB 4056-4,Gambusia affinis,1978,5,19,JAR11317F,EO,07-14-2025,07-14-2025,34,28,483,JG,F,Arthropod,,0,NA,0,0,0,0,0,0,0,0,0,0,0,0,0,0,0,0,0,0,0,0,0,1,NA,0,,MSB 4056-4,Gambusia affinis,JAR11317F,Unknown cyst,1,JG,JG,NA,Gill,70% etoh,P6KUN,7,MSB 4056-4,CYST.UNK.GILL,,,,,,,,,,,,,,,,,,,,,,,,,,,,,,,,,,,,,,,,,,,,,,,,,
MSB:Fish:515,MSB 515-1,Gambusia affinis,1949,11,19,JAR11307F,EO,07-14-2025,07-14-2025,43,36,964,KL,NA,"Arthropod, Bivalve",,0,NA,0,0,0,0,0,0,0,0,0,0,0,0,0,0,0,0,0,0,4,0,0,0,0,0,,MSB 515-1,Gambusia affinis,JAR11307F,Monogenea,4,KL,KL,NA,Gill,70% etoh,P6KUM,7,MSB 515-1,MONO.SS.GILL,,,,,,,,,,,,,,,,,,,,,,,,,,,,,,,,,,,,,,,,,,,,,,,,,
MSB:Fish:4056,MSB 4056-2,Gambusia affinis,1978,5,19,JAR11322F,EO,07-14-2025,07-14-2025,36,28,566,KL,F,NA,,0,NA,0,0,0,0,0,0,0,0,0,0,0,0,0,0,0,0,0,3,0,0,0,0,NA,0,,MSB 4056-2,Gambusia affinis,JAR11322F,Salsuginus sp.,3,KL,KL,Adult,Gill,70% etoh,P6KUO,7,MSB 4056-2,MONO.SALSP.GILL,,,,,,,,,,,,,,,,,,,,,,,,,,,,,,,,,,,,,,,,,,,,,,,,,
MSB:Fish:515,MSB 515-5,Gambusia affinis,1949,11,19,JAR11304F,EO,07-14-2025,07-14-2025,43,35,1190,JG,F,NA,,0,NA,0,0,0,0,0,0,0,0,0,0,0,0,0,0,0,0,0,0,2,0,0,0,NA,0,,MSB 515-5,Gambusia affinis,JAR11304F,Monogenea,2,JG,JG,NA,Gill,70% etoh,P6KUJ,7,MSB 515-5,MONO.SS.GILL,,,,,,,,,,,,,,,,,,,,,,,,,,,,,,,,,,,,,,,,,,,,,,,,,
MSB:Fish:515,MSB 515-3,Gambusia affinis,1949,11,19,JAR11290F,EO,07-14-2025,07-14-2025,39,32,785,GC,F,Arthropod,,0,NA,0,0,0,0,0,0,0,0,0,0,0,0,0,0,0,0,0,1,0,0,0,0,NA,0,,MSB 515-3,Gambusia affinis,JAR11290F,Salsuginus sp.,1,GC,GC,Adult,Gill,70% etoh,P6KUL,7,MSB 515-3,MONO.SALSP.GILL,,,,,,,,,,,,,,,,,,,,,,,,,,,,,,,,,,,,,,,,,,,,,,,,,
MSB:Fish:515,MSB 515-4,Gambusia affinis,1949,11,19,JAR11287F,EO,07-14-2025,07-14-2025,37,32,1145,KL,F,NA,,0,NA,0,0,0,0,0,0,0,0,0,0,0,0,0,0,0,0,0,0,1,0,0,0,0,0,,MSB 515-4,Gambusia affinis,JAR11287F,Monogenea,1,KL,KL,NA,Gill,70% etoh,P6KUK,7,MSB 515-4,MONO.SS.GILL,,,,,,,,,,,,,,,,,,,,,,,,,,,,,,,,,,,,,,,,,,,,,,,,,
MSB:Fish:3421,MSB 3421-1,Gambusia affinis,1972,6,19,JAR11296F,EO,07-14-2025,07-14-2025,36,29,612,KL,F,NA,,0,NA,0,0,0,0,0,0,0,0,0,0,0,0,0,0,0,0,0,2,0,0,0,0,NA,0,,MSB 3421-1,Gambusia affinis,JAR11296F,Salsuginus sp.,2,KL,KL,Adult,Gill,70% etoh,P6KUI,7,MSB 3421-1,MONO.SALSP.GILL,,,,,,,,,,,,,,,,,,,,,,,,,,,,,,,,,,,,,,,,,,,,,,,,,
MSB:Fish:515,MSB 515-2,Gambusia affinis,1949,11,19,JAR11310F,EO,07-14-2025,07-14-2025,37,30,662,GC,F,Arthropod,,0,NA,0,0,0,0,0,0,0,0,0,0,0,0,0,0,0,0,0,NA,NA,NA,NA,NA,0,0,,,,,,,,,,,,,,,,,,,,,,,,,,,,,,,,,,,,,,,,,,,,,,,,,,,,,,,,,,,,,,,,
MSB:Fish:1078,MSB 1078-3,Gambusia affinis,1939,1,30,JAR11305F,BP,07-14-2025,07-14-2025,43,35,798,KL,NA,NA,"<35.1° must be >35mm, not random",0,NA,0,0,0,0,0,0,0,0,0,0,0,0,0,0,0,0,0,0,0,0,0,0,0,0,,,,,,,,,,,,,,,,,,,,,,,,,,,,,,,,,,,,,,,,,,,,,,,,,,,,,,,,,,,,,,,,
MSB:Fish:3421,MSB 3421-2,Gambusia affinis,1972,6,19,JAR11288F,EO,07-14-2025,07-14-2025,46,37,1270,KL,F,Arthropod,,0,NA,0,0,0,0,0,0,0,0,0,0,0,0,0,0,0,0,0,0,0,0,0,0,NA,0,,,,,,,,,,,,,,,,,,,,,,,,,,,,,,,,,,,,,,,,,,,,,,,,,,,,,,,,,,,,,,,,
MSB:Fish:3421,MSB 3421-5,Gambusia affinis,1972,6,19,JAR11293F,EO,07-14-2025,07-14-2025,44,36,1076,KL,F,NA,,0,NA,0,0,0,0,0,0,0,0,0,0,0,0,0,0,0,0,0,17,0,0,0,0,NA,0,,MSB 3421-5,Gambusia affinis,JAR11293F,Salsuginus sp.,17,KL,KL,Adult,Gill,70% etoh,P6KUG,7,MSB 3421-5,MONO.SALSP.GILL,,,,,,,,,,,,,,,,,,,,,,,,,,,,,,,,,,,,,,,,,,,,,,,,,
MSB:Fish:9004,MSB 9004-3,Gambusia affinis,1990,10,28,JAR11309F,JG,07-14-2025,07-14-2025,40,32,595,KL,F,Arthropod,1980s+only 30mm and up,0,NA,0,0,0,0,0,0,0,0,0,0,0,0,0,0,0,0,0,0,0,0,0,0,0,0,,,,,,,,,,,,,,,,,,,,,,,,,,,,,,,,,,,,,,,,,,,,,,,,,,,,,,,,,,,,,,,,
MSB:Fish:3421,MSB 3421-4,Gambusia affinis,1972,6,19,JAR11294F,EO,07-14-2025,07-14-2025,40,33,736,KL,F,Arthropod,,0,NA,0,0,0,0,0,0,0,0,0,0,0,0,0,0,0,0,0,1,0,0,0,0,0,0,,MSB 3421-4,Gambusia affinis,JAR11294F,Salsuginus sp.,1,KL,KL,Adult,Gill,70% etoh,P6KUE,7,MSB 3421-4,MONO.SALSP.GILL,,,,,,,,,,,,,,,,,,,,,,,,,,,,,,,,,,,,,,,,,,,,,,,,,
MSB:Fish:3421,MSB 3421-3,Gambusia affinis,1972,6,19,JAR11291F,EO,07-14-2025,07-14-2025,42,35,996,KL,F,NA,,0,NA,0,0,0,0,0,0,0,0,0,0,0,0,0,0,0,0,0,2,0,0,0,0,NA,0,,MSB 3421-3,Gambusia affinis,JAR11291F,Salsuginus sp.,2,KL,KL,Adult,Gill,70% etoh,P6KUF,7,MSB 3421-3,MONO.SALSP.GILL,,,,,,,,,,,,,,,,,,,,,,,,,,,,,,,,,,,,,,,,,,,,,,,,,
MSB:Fish:4056,MSB 4056-3,Gambusia affinis,1978,5,19,JAR11318F,EO,07-14-2025,07-14-2025,37,28,549,JG,F,NA,,0,NA,0,0,0,0,0,0,0,0,0,0,3,0,0,0,0,0,0,4,0,0,0,0,NA,0,,MSB 4056-3,Gambusia affinis,JAR11318F,Diplostomulum sp. ,3,JG,JG,Metacercariae,Eye,70% etoh,P6KUH,7,MSB 4056-3,TREM.DIPS.EYE,,Salsuginus sp.,4,JG,JG,Adult,Gill,70% etoh,P6KVM,7,MSB 4056-3,MONO.SALSP.GILL,,,,,,,,,,,,,,,,,,,,,,,,,,,,,,,,,,,,,
MSB:Fish:4418,MSB 4418-1,Gambusia affinis,1978,8,3,JAR11292F,BP,07-14-2025,07-14-2025,43,34,1443,GC,F,Arthropod,"<35.1° must be >35mm, not random",0,NA,0,0,0,0,0,0,0,0,0,0,0,0,0,0,0,0,0,2,0,0,0,0,NA,0,,MSB 4418-1,Gambusia affinis,JAR11292F,Salsuginus sp.,2,GC,GC,Adult,Gill,70% etoh,P6KWG,7,MSB 4418-1,MONO.SALSP.GILL,Fish presenting with scoliosis,,,,,,,,,,,,,,,,,,,,,,,,,,,,,,,,,,,,,,,,,,,,,,,,
MSB:Fish:4418,MSB 4418-2,Gambusia affinis,1978,8,3,JAR11289F,BP,07-14-2025,07-14-2025,38,30,662,KL,F,"Arthropod, vegetation",,0,NA,0,0,0,0,0,0,0,0,0,0,0,0,0,0,0,0,0,0,0,0,0,0,0,0,,,,,,,,,,,,,,,,,,,,,,,,,,,,,,,,,,,,,,,,,,,,,,,,,,,,,,,,,,,,,,,,
