CatalogNumber,Individual_ID,Fish_Species,Year_Fish_Collected,month_fish_collected,day_fish_collected,Fish_Barcode,Dissector,Dissection_Date,Completion_Date,Total_Length_mm,Standard_Length_mm,Weight_mg,Examiner,Sex,Gut_Contents,Notes,SKIN,MUSCLE,BUCCAL_CAVITY,BODY_CAVITY,MONO.GYRO.PECTORALFIN,TREM.FIM.PECTORALFIN,COPE.LERN.PELVICFIN,MONO.GYRO.PELVICFIN,COPE.IMLER.ANALFIN,COPE.LERN.ANALFIN,MONO.GYRO.ANALFIN,TREM.FIM.CAUDALFIN,TREM.META.UNK.CAUDALFIN,MONO.GYRO.CAUDALFIN,CYST.UNK.CAUDALFIN,MONO.GYRO.DORSALFIN,GONAD,TREM.DIPLO.LIVER,TREM.D.LIVER,TREM.GOLD.LIVER,KIDNEY,TREM.DIPLO.EYE,TREM.EM.EYE,HEART,STOMACH,TREM.D.CONN,TREM.DIPLO.CONN,TREM.L.CONN,TREM.B.CONN,TREM.GOLD.CONN,TREM.UNK.CONN,NEM.CL.INT,NEMA.UNK.INT,MYXO.SUSP.GILL,CYST.UNK.GILL,MONO.DACT.GILL,MONO.GYRO.GILL,MONO.UNK.GILL,MYXO.B.GILL,META.UNK.GILL,GALL_BLADDER,MONO.GYRO.FLUSH,TREM.DLUM.FLUSH,TREM.META.UNK.FLUSH,TREM.B.FLUSH,TREM.D.FLUSH,TREM.DIPLO.FLUSH,TREM.UNK.FLUSH,TREM.L.FLUSH,TREM.RIDGE.FLUSH,COPE.LERN.FLUSH,Notes_details_about_parasites_missing,MSB:Fish_catalog_number,Fish_Species,Fish_Barcode,P1_Species,P1_Number_of_individuals,P1_collector,P1_identifier,P1_Life_Stage,P1_Organ_Found,P1_preservation,P1_barcode,P1_label:MSB_FISH_CATALOG_NUMBER,P1_label:PARASITE_CODE,P1 Box Number,P1 Notes,P2_Species,P2_Number_of_individuals,P2_collector,P2_identifier,P2_Life_Stage,P2_Organ,P2_preservation,P2_barcode,P2_label:SMB_FISH_CATALOG_NUMBER,P2_label:PARASITE_CODE,P2 Box Number,P2 Notes,P3_Species,P3_Number_of_individuals,P3_collector,P3_identifier,P3_Life_Stage,P3_Organ,P3_How_preserved,P3_barcode,P3_Label:fishID,P3_label:Parasites_Code,P3 Box Number,P3 Notes,Parasite Species 4,Number of individuals 4,parasite collector 4,parasite identifier 4,P4_Life_Stage,P4_Organ,P4_How_preserved,P4_barcode,P4_Label:fishID,P4_label:Parasites_Code,P4 Box_number,P4 Notes,P5_Species,P5_Number_of_individuals,P5_collector,P5_identifier,P5_Life_Stage,P5_Organ,P5_How_preserved,P5_barcode,P5_Label:fishID,P5_label:Parasites_Code,P5 Box Number,P5 Notes
MSB:Fish:5814,MSB 5814-1,Hybognathus amarus,1987,9,10,JAR8631F,KL,06-16-2025,,66,52,2223,KL,NA,NA,,0,0,0,0,0,0,0,0,0,0,0,0,0,0,0,0,0,0,0,0,0,0,0,0,0,0,0,0,0,0,0,0,0,0,0,0,0,0,0,0,0,0,0,0,0,0,0,0,0,0,0,,,,,,,,,,,,,,,,,,,,,,,,,,,,,,,,,,,,,,,,,,,,,,,,,,,,,,,,,,,,,,,,
MSB:Fish:5814,MSB 5814-2,Hybognathus amarus,1987,9,10,JAR8634F,JG,06-17-2025,,55,47,1856,CW,NA,Dirt,,0,0,0,0,0,0,0,0,0,0,0,0,0,0,0,0,0,0,0,0,0,0,0,0,0,0,0,0,0,0,0,0,0,0,0,0,0,0,0,0,NA,0,0,0,0,0,0,0,0,0,0,,,,,,,,,,,,,,,,,,,,,,,,,,,,,,,,,,,,,,,,,,,,,,,,,,,,,,,,,,,,,,,,
MSB:Fish:5814,MSB 5814-3,Hybognathus amarus,1987,9,10,JAR8630F,EO,06-18-2025,,67,52,2759,CLW CW,NA,NA,,0,0,0,0,0,0,0,0,0,0,0,0,0,0,0,0,NA,0,0,0,0,0,0,0,0,0,0,0,0,1,0,0,0,0,0,0,0,0,0,0,NA,0,0,0,0,0,0,0,0,0,0,,MSB 5814-3,Hybognathus amarus,JAR8630F,Digenea,1,CLW CW,CLW CW,Metacercariae,Connective tissue,70% etoh,P6JXV,MSB 5814-3,TREM.GOLD.CONNECTIVETISSUES,1,,,,,,,,,,,,,,,,,,,,,,,,,,,,,,,,,,,,,,,,,,,,,,,,,
MSB:Fish:5814,MSB 5814-5,Hybognathus amarus,1987,9,10,JAR8636F,JG,06-19-2025,,85,68,5700,KL,NA,NA,,0,0,0,0,0,0,0,0,0,0,0,0,0,0,0,0,0,0,0,0,0,0,0,0,0,0,0,0,0,0,0,0,0,0,0,0,0,0,0,0,0,0,0,0,0,0,0,0,0,0,0,,,,,,,,,,,,,,,,,,,,,,,,,,,,,,,,,,,,,,,,,,,,,,,,,,,,,,,,,,,,,,,,
MSB:Fish:19537,MSB 19537-3,Hybognathus amarus,1994,9,16,JAR8635F,EO,06-20-2025,,59,46,1370,CLW,NA,NA,white crystals in muscle tissue,0,0,0,0,0,0,0,0,0,0,0,0,0,0,0,0,NA,0,0,0,0,0,0,NA,0,0,0,0,0,0,0,0,0,0,0,0,0,0,0,0,NA,0,0,0,0,0,0,0,0,0,0,,,,,,,,,,,,,,,,,,,,,,,,,,,,,,,,,,,,,,,,,,,,,,,,,,,,,,,,,,,,,,,,
MSB:Fish:25010,MSB 25010-2,Hybognathus amarus,1995,8,2,JAR8650F,JG,06-16-2025,,37,30,475,KL,NA,NA,,0,0,0,0,0,0,0,0,0,0,0,0,0,0,0,0,0,0,0,0,0,0,0,0,0,0,0,0,1,0,0,0,0,0,0,0,0,0,0,0,NA,0,0,0,0,0,0,0,0,0,0,,MSB 25010-2,Hybognathus amarus,JAR8650F,Digenea,1,KL,KL,Metacercariae,Connective tissue,70% etoh,P6JXU,MSB 25010-2,TREM.B.CONNECTIVETISSUES,1,,,,,,,,,,,,,,,,,,,,,,,,,,,,,,,,,,,,,,,,,,,,,,,,,
MSB:Fish:19537,MSB 19537-2,Hybognathus amarus,1994,9,16,JAR8664F,EO,06-16-2025,,58,46,1650,CW,NA,Dirt,,0,0,0,0,0,0,0,0,0,0,0,0,0,0,0,0,0,0,0,0,0,0,0,0,0,0,1,0,0,0,0,0,0,0,0,0,0,0,0,0,0,0,0,0,0,0,0,0,0,0,0,,MSB 19537-2,Hybognathus amarus,JAR8664F,Diplostomatidae,1,CW,CW,Metacercariae,Connective tissue,70% etoh,P6JXT,MSB19537-2,TREM.DIPLO.CONNECTIVETISSUES,1,,,,,,,,,,,,,,,,,,,,,,,,,,,,,,,,,,,,,,,,,,,,,,,,,
MSB:Fish:5814,MSB 5814-4,Hybognathus amarus,1987,9,10,JAR8633F,EO,06-16-2025,,52,41,1282,KL,NA,NA,,0,0,0,0,0,0,0,0,0,0,0,0,0,0,0,0,0,0,0,0,0,0,0,0,0,0,2,0,0,0,0,0,0,0,0,0,0,0,0,0,NA,0,0,0,0,0,0,0,0,0,0,,MSB 5814-4,Hybognathus amarus,JAR8633F,Diplostomatidae,2,KL,KL,Metacercariae,Connective tissue,70% etoh,P6JXW,MSB 5814-4,TREM.DIPLO.CONNECTIVETISSUES,1,,,,,,,,,,,,,,,,,,,,,,,,,,,,,,,,,,,,,,,,,,,,,,,,,
MSB:Fish:5825,MSB 5825-5,Hybognathus amarus,1987,9,10,JAR8639F,BP,06-18-2025,,52,42,1542,CW,NA,Dirt,,0,0,0,0,0,0,0,0,0,0,0,0,0,0,0,0,0,0,0,0,0,0,0,0,0,0,2,0,0,0,0,0,0,0,0,0,0,0,0,0,0,0,0,0,0,0,0,0,0,0,0,,MSB 5825-5,Hybognathus amarus,JAR8639F,Diplostomatidae,2,CJW,CJW,Metacercariae,Connective tissue,70% etoh,P6JXQ,MSB 5825-5,TREM.DIPLO.CONNECTIVETISSUES,1,,,,,,,,,,,,,,,,,,,,,,,,,,,,,,,,,,,,,,,,,,,,,,,,,
MSB:Fish:25010,MSB 25010-3,Hybognathus amarus,1995,8,2,JAR8649F,EO,06-16-2025,,39,31,531,KL,NA,NA,,0,0,0,0,0,0,0,0,0,0,0,0,0,0,0,0,NA,0,0,0,0,0,0,0,0,0,0,0,0,0,0,0,0,0,0,0,0,0,0,0,NA,0,0,0,0,1,0,0,0,0,0,,MSB 25010-3,Hybognathus amarus,JAR8694F,Digenea,1,KL,KL,NA,Flush,70% etoh,P6JW8,MSB 25010-3,TREM.D.FLUSH,1,,,,,,,,,,,,,,,,,,,,,,,,,,,,,,,,,,,,,,,,,,,,,,,,,
MSB:Fish:5823,MSB 5823-3,Hybognathus amarus,1987,9,10,JAR8661F,BP,06-18-2025,,77,62,4671,CLW KL,NA,NA,,0,0,0,0,0,0,0,0,0,0,0,0,0,0,0,0,NA,0,0,0,0,0,0,0,0,0,4,0,0,0,0,0,0,0,0,0,0,0,0,0,NA,0,0,0,0,0,0,0,0,0,0,,MSB 5825-3,Hybognathus amarus,JAR8661F,Diplostomatidae,4,CLW KL,CLW KL,NA,Connective tissue,70% etoh,P6JXR,MSB 5825-3,TREM.DIPLO.CONNECTIVETISSUES,1,,,,,,,,,,,,,,,,,,,,,,,,,,,,,,,,,,,,,,,,,,,,,,,,,
MSB:Fish:25010,MSB 25010-1,Hybognathus amarus,1995,8,2,JAR8629F,EO,06-16-2025,,43,32,743,CW,NA,Dirt,,0,0,0,0,0,0,0,0,0,0,0,0,0,0,0,0,0,0,0,0,0,0,0,0,0,0,2,0,0,0,0,0,0,0,0,0,0,0,0,0,0,0,0,0,0,0,0,0,0,0,0,,MSB 25010-1,Hybognathus amarus,JAR8629F,Diplostomatidae,2,CW,CW,Metacercariae,Connective tissue,70% etoh,P6JXP,MSB 25010-1,TREM.DIPLO.CONNECTIVETISSUES,1,,,,,,,,,,,,,,,,,,,,,,,,,,,,,,,,,,,,,,,,,,,,,,,,,
MSB:Fish:5825,MSB 5825-1,Hybognathus amarus,1987,9,10,JAR8657F,BP,06-18-2025,,59,47,2305,BP KL,F,NA,,0,0,0,0,0,0,0,0,0,0,0,0,0,0,0,0,NA,0,0,0,0,0,0,0,0,0,0,0,0,0,0,0,0,0,0,0,0,0,0,0,NA,0,0,0,0,0,0,0,0,0,0,,,,,,,,,,,,,,,,,,,,,,,,,,,,,,,,,,,,,,,,,,,,,,,,,,,,,,,,,,,,,,,,
MSB:Fish:5825,MSB 5825-4,Hybognathus amarus,1987,9,10,JAR8663F,BP,06-18-2025,,63,49,2591,EO CW,NA,Dirt,,0,0,0,0,0,0,0,0,0,0,0,0,0,0,0,0,0,0,0,0,0,0,0,0,0,0,0,0,0,0,0,0,0,0,0,0,0,0,0,0,0,0,0,0,0,0,0,0,0,0,0,,,,,,,,,,,,,,,,,,,,,,,,,,,,,,,,,,,,,,,,,,,,,,,,,,,,,,,,,,,,,,,,
MSB:Fish:25010,MSB 25010-4,Hybognathus amarus,1995,8,2,JAR8652F,JG,06-16-2025,,35,28,503,JG CLW,NA,NA,,0,0,0,0,0,0,0,0,0,0,0,0,0,0,0,0,NA,0,0,0,0,0,0,0,0,0,0,0,0,0,0,0,1,0,0,0,0,0,0,0,NA,0,1,1,0,0,0,0,0,0,0,,MSB 25010-4,Hybognathus amarus,JAR8652F,Diplostomulum,1,JG CLW,JG CLW,Metacercariae,Flush,70% etoh,P6JW9,MSB 25010-4,TREM.DLUM,1,,Nematoda,1,JG CLW,JG CLW,Unknown,Flush,70% etoh,NA,MSB 25010-4,NEMA.UNK,1,,Digenea,1,JG CLW,JG CLW,Metacercariae,Flush,70% etoh,P6JWA,MSB 25010-4,TREM.META.UNK,1,,,,,,,,,,,,,,,,,,,,,,,,,
MSB:Fish:19537,MSB 19537-4,Hybognathus amarus,1994,9,16,JAR8638F,JG,06-16-2025,,53,44,1183,CLW,NA,NA,"Gills dried out, etoh was added back to dry gills 16:54, 06/18/2025, White ""cysts"" (on skin) that contain crystallized material-not parasitic",0,0,0,0,0,0,0,0,0,0,0,0,0,0,0,0,NA,0,0,0,0,0,0,0,0,0,0,0,0,0,0,0,0,0,0,0,NA,0,0,0,0,0,0,0,0,0,0,0,0,0,0,,,,,,,,,,,,,,,,,,,,,,,,,,,,,,,,,,,,,,,,,,,,,,,,,,,,,,,,,,,,,,,,
MSB:Fish:19537,MSB 19537-1,Hybognathus amarus,1994,9,16,JAR8632F,JG,06-16-2025,,54,48,1824,KL,NA,NA,,0,0,0,0,0,0,0,0,0,0,0,0,0,0,0,0,NA,0,0,0,0,0,0,0,0,0,0,0,0,0,0,0,0,0,0,0,0,0,0,0,NA,0,0,0,0,0,0,0,0,0,0,,,,,,,,,,,,,,,,,,,,,,,,,,,,,,,,,,,,,,,,,,,,,,,,,,,,,,,,,,,,,,,,
MSB:Fish:20526,MSB 20526-4,Hybognathus amarus,1994,7,27,JAR8669F,BP,06-20-2025,,34,26,375,CLW,NA,NA,,0,0,0,0,0,0,0,0,0,0,0,0,0,0,0,0,NA,1,0,0,0,0,0,0,0,0,4,0,0,0,0,0,0,0,0,0,1,0,0,0,NA,0,0,0,0,0,0,0,0,0,0,,MSB 20526-4,Hybognathus amarus,JAR8669F,Diplostomatidae,1,CLW,CLW,Metacercariae,Liver,70% etoh,P6JWB,MSB 20526-4,TREM.DIPLO.LIVER,1,,Diplostomatidae ,4,CLW,CLW,Metacercariae,Connective tissue,70% etoh,P6JWC,MSB 20526-4,TREM.DIPLO.CONN,1,,Gyrodactylidae,1,CLW,CLW,Adult,Gill,70% etoh,P6JWF,MSB 20526-4,MONO.GYRO.GILL,1,,,,,,,,,,,,,,,,,,,,,,,,,
MSB:Fish:5825,MSB 5825-2,Hybognathus amarus,1987,9,10,JAR8659F,BP,06-18-2025,,54,42,1606,CW,NA,Dirt,,0,0,0,0,0,0,0,0,0,0,0,0,0,0,0,0,0,0,0,0,0,0,0,0,0,0,4,0,0,0,0,0,0,0,0,0,0,0,0,0,NA,0,0,0,0,0,0,0,0,0,0,,MSB 5825-2,Hybognathus amarus,JAR8659F,Diplostomatidae,4,CW,CW,Metacercariae,Connective tissue,70% etoh,P6JXO,MSB 5825-2,TREM.DIPLO ,1,,,,,,,,,,,,,,,,,,,,,,,,,,,,,,,,,,,,,,,,,,,,,,,,,
MSB:Fish:20526,MSB 20526-5,Hybognathus amarus,1994,7,27,JAR8666F,EO,06-20-2025,,37,29,510,CW,NA,Dirt,,0,0,0,0,0,0,0,0,0,0,0,0,0,0,0,0,0,0,0,0,0,0,0,0,0,0,0,0,0,0,0,0,0,0,0,0,0,0,0,0,0,0,0,0,0,0,0,0,0,0,0,,,,,,,,,,,,,,,,,,,,,,,,,,,,,,,,,,,,,,,,,,,,,,,,,,,,,,,,,,,,,,,,
MSB:Fish:19537,MSB 19537-5,Hybognathus amarus,1994,9,16,JAR8637F,EO,06-16-2025,,47,38,760,CW,NA,Empty,"All intestines clear/see through, eye dried out (stuck on lid)",0,0,0,0,0,0,0,0,0,0,0,0,0,0,0,0,0,0,0,0,0,0,NA,0,0,0,2,0,0,0,0,0,0,0,0,0,0,0,0,0,NA,0,0,0,0,0,0,0,0,0,0,,MSB 19537-5,Hybognathus amarus,JAR8637F,Diplostomatidae,2,CW,CW,NA,Connective tissue,70% etoh,P6JXM,MSB 19537-5,TREM.DIPLO,1,,,,,,,,,,,,,,,,,,,,,,,,,,,,,,,,,,,,,,,,,,,,,,,,,
MSB:Fish:25010,MSB 25010-5,Hybognathus amarus,1995,8,2,JAR8651F,EO,06-16-2025,,38,30,494,KL,NA,NA,,0,0,0,0,0,0,0,0,0,0,0,0,0,0,0,0,NA,0,0,0,0,0,0,0,0,0,0,0,0,0,0,0,0,0,0,0,1,0,0,0,0,0,0,0,0,5,0,0,0,0,0,,MSB 25010-5,Hybognathus amarus,JAR8651F,Digenea,5,KL,KL,NA,Flush,70% etoh,P6JXL,MSB 25010-5,TREM.D ,1,,Gyrodactylidae,1,KL,KL,Adult,Gill,70% etoh,P6JXN,MSB 25010-5,MONO.GYRO,1,,,,,,,,,,,,,,,,,,,,,,,,,,,,,,,,,,,,,
MSB:Fish:1129,MSB 1129-5,Hybognathus amarus,1959,2,20,JAR8672F,JG,06-20-2025,,40,32,383,CW,NA,NA,,0,0,0,0,0,0,0,0,0,0,0,0,0,0,0,0,0,0,0,0,0,0,0,0,0,0,0,0,0,0,0,0,0,0,0,0,0,0,0,0,0,0,0,0,0,0,0,0,0,0,0,,,,,,,,,,,,,,,,,,,,,,,,,,,,,,,,,,,,,,,,,,,,,,,,,,,,,,,,,,,,,,,,
MSB:Fish:49970,MSB 49970-1,Hybognathus amarus,1994,5,5,JAR8641F,EO,06-20-2025,,66,52,2386,CLW,NA,NA,,0,0,0,0,0,0,0,0,0,0,1,0,0,0,0,0,NA,0,0,0,0,0,0,0,0,0,0,0,0,0,0,0,0,0,0,0,0,0,0,0,0,0,0,0,0,0,0,0,0,0,0,,MSB 49970-1,Hybognathus amarus,JAR8641F,Gyrodactylidae,1,CLW,CLW,ADULT,Anal fin,70% etoh,P6JWE,MSB 49970-1,,,,,,,,,,,,,,,,,,,,,,,,,,,,,,,,,,,,,,,,,,,,,,,,,,,
MSB:Fish:49970,MSB 49970-4,Hybognathus amarus,1994,5,5,JAR8648F,JG,06-20-2025,,65,53,2749,KL,F,NA,,0,0,0,0,0,0,0,0,0,0,0,0,0,0,0,0,0,0,0,0,0,0,0,0,0,0,0,0,0,0,0,0,0,0,0,0,0,0,0,0,NA,0,0,0,0,0,0,0,0,0,0,,,,,,,,,,,,,,,,,,,,,,,,,,,,,,,,,,,,,,,,,,,,,,,,,,,,,,,,,,,,,,,,
MSB:Fish:1129,MSB 1129-4,Hybognathus amarus,1959,2,20,JAR8671F,EO,06-20-2025,,41,31,580,JG KL,NA,NA,,0,0,0,0,0,0,0,0,0,0,0,0,0,0,0,0,NA,0,0,0,0,0,0,0,0,0,0,0,0,0,0,0,0,0,0,0,0,0,0,0,NA,0,0,0,0,0,0,0,0,0,0,,,,,,,,,,,,,,,,,,,,,,,,,,,,,,,,,,,,,,,,,,,,,,,,,,,,,,,,,,,,,,,,
MSB:Fish:49970,MSB 49970-5,Hybognathus amarus,1994,5,5,JAR8646F,EO,06-20-2025,,64,51,2231,EO KL,NA,NA,,0,0,0,0,0,0,0,0,0,0,0,0,0,0,0,0,NA,0,0,0,0,0,0,0,0,0,0,0,0,0,0,0,0,0,0,0,0,0,0,0,NA,0,0,0,0,1,0,0,0,0,0,,MSB 49970-5,Hybognathus amarus,JAR8646F,Digenea,1,KL,KL,NA,Flush,70% etoh,P6JYQ,MSB 49970-5,TREM.D,1,,,,,,,,,,,,,,,,,,,,,,,,,,,,,,,,,,,,,,,,,,,,,,,,,
MSB:Fish:20526,MSB 20526-2,Hybognathus amarus,1994,7,27,JAR8665F,BP,06-20-2025,,37,29,507,CW,NA,NA,Caudal fin damaged,0,0,0,0,0,0,0,0,0,0,0,NA,NA,NA,NA,0,NA,0,0,0,0,0,0,0,0,0,2,0,0,0,0,0,0,0,0,0,0,0,0,0,NA,0,0,0,0,0,0,0,0,0,0,,MSB 20526-2,Hybognathus amarus,JAR8665F,Diplostomatidae,2,CW,CW,Metacercariae,Connective tissue,70% etoh,P6JWG,MSB 20526-2,TREM.DIPLO.CONN,1,,,,,,,,,,,,,,,,,,,,,,,,,,,,,,,,,,,,,,,,,,,,,,,,,
MSB:Fish:1129,MSB 1129-1,Hybognathus amarus,1959,2,20,JAR8668F,JG,06-20-2025,,41,33,519,KL,NA,NA,,0,0,0,0,0,0,0,0,0,0,0,0,0,0,0,0,NA,0,0,0,0,0,0,0,0,0,0,0,0,0,0,0,0,0,0,0,0,0,0,0,NA,0,0,0,0,0,0,0,0,0,0,,,,,,,,,,,,,,,,,,,,,,,,,,,,,,,,,,,,,,,,,,,,,,,,,,,,,,,,,,,,,,,,
MSB:Fish:1129,MSB 1129-3,Hybognathus amarus,1959,2,20,JAR8673F,JG,06-20-2025,,43,36,659,CW,NA,NA,"1st parasite lost, 2nd broken",0,0,0,0,0,0,0,0,0,0,0,0,0,0,0,0,0,0,0,0,0,0,0,0,0,0,0,0,0,0,0,0,0,0,0,0,2,0,0,0,0,0,0,0,0,0,0,0,0,0,0,,MSB 1129-3,Hybognathus amarus,JAR8673F,Dactylogyrus,2,CW,CW,Adult,Gill,70% etoh ,P6JXJ,MSB 1129-3,MONO.DACT.GILL,1,,,,,,,,,,,,,,,,,,,,,,,,,,,,,,,,,,,,,,,,,,,,,,,,,
MSB:Fish:1129,MSB 1129-2,Hybognathus amarus,1959,2,20,JAR8674F,EO,06-20-2025,,46,34,697,CLW,NA,NA,Liver is tiny! Parasite destroyed under cover slip,0,0,0,0,0,0,0,0,0,0,0,0,0,0,0,0,NA,0,0,0,0,0,0,0,0,0,0,0,0,0,0,0,0,0,0,0,1,0,0,0,0,0,0,0,0,0,0,0,0,0,0,,MSB 1129-2,Hybognathus amarus,JAR8674F,Gyrodactylidae,1,CLW,CLW,NA,Gill,70% etoh,NA,MSb 1129-2,MONO.GYRO.GILL,1,,,,,,,,,,,,,,,,,,,,,,,,,,,,,,,,,,,,,,,,,,,,,,,,,
MSB:Fish:49970,MSB 49970-3,Hybognathus amarus,1994,5,5,JAR8645F,EO,06-20-2025,,69,55,2817,KL BP CW,NA,NA,,1,0,0,0,0,3,0,0,1,0,2,0,0,0,0,0,0,0,0,0,0,0,0,0,0,0,0,0,0,0,0,0,0,0,0,0,0,0,0,0,0,0,0,0,0,0,0,0,0,0,0,,MSB 49970-3,Hybognathus amarus,JAR8645F,Gyrodactylidae,5,KL,KL,Adult,"Skin, Pectoral fin, Anal fin",70% etoh,P6JXG,MSB 49970-3,MONO.GYRO,1,,Lernaea,1,KL,KL,NA,Anal fin,70% etoh,P6JXG,MSB 49970-3,COPE.IMLER,1,,,,,,,,,,,,,,,,,,,,,,,,,,,,,,,,,,,,,
MSB:Fish:20526,MSB 20526-3,Hybognathus amarus,1994,7,27,JAR8667F,EO,06-20-2025,,38,30,599,CLW,NA,NA,,0,0,0,0,0,0,0,0,0,0,0,0,0,0,0,0,NA,0,0,0,0,0,0,0,0,1,1,0,0,0,0,0,0,0,0,0,0,0,0,0,NA,0,0,0,0,0,0,0,0,0,0,,MSB 20526-3,Hybognathus amarus,JAR8667F,Digenea,1,CLW,CLW,Metacercariae,Connective tissue,70% etoh,P6JWH,MSB 20526-3,TREM.D.CONN,1,,Digenea,1,CLW,CLW,Metacercariae,Connective tissue,70% etoh,P6JWI,MSB 20526-3,TREM.DIPLO.CONN,1,,,,,,,,,,,,,,,,,,,,,,,,,,,,,,,,,,,,,
MSB:Fish:20526,MSB 20526-1,Hybognathus amarus,1994,7,27,JAR8647F,EO,06-20-2025,,53,44,1498,KL,NA,NA,,0,0,0,0,0,0,0,0,0,0,0,0,0,0,0,0,0,0,0,0,0,0,0,0,0,0,0,0,0,0,0,0,0,0,0,0,0,0,0,0,0,0,0,0,0,1,0,0,0,0,0,,MSB 20526-1,Hybognathus amarus,JAR8647,Digenea,1,KL,KL,Metacercariae,Flush,70% etoh,P6JYR,MSB 20526-1,TREM.D.FLUSH,1,,,,,,,,,,,,,,,,,,,,,,,,,,,,,,,,,,,,,,,,,,,,,,,,,
MSB:Fish:49970,MSB 49970-2,Hybognathus amarus,1994,5,5,JAR8643F,JG,06-20-2025,,63,52,2230,CW JG,NA,NA,,0,0,0,0,0,0,0,0,0,0,0,0,0,0,0,0,0,1,0,0,0,0,0,0,0,0,0,0,0,0,0,0,0,0,0,0,0,0,0,0,0,0,0,0,0,0,0,0,0,0,0,,MSB 49970-2,Hybognathus amarus,JAR8643F,Diplostomatidae,1,CW JG,CW,Metacercariae,Liver,70% etoh,P6JXF,MSB 49970-2,TREM.DIPLO.LIVER,1,,,,,,,,,,,,,,,,,,,,,,,,,,,,,,,,,,,,,,,,,,,,,,,,,
MSB:Fish:39103,MSB 39103-1,Hybognathus amarus,1997,10,15,JAR8670F,BP,06-23-2025,06-23-2025,57,53,2560,JG KL,NA,NA,,0,0,0,0,0,0,0,0,0,0,0,0,0,0,0,0,0,0,0,0,0,0,0,0,0,0,0,0,0,0,0,0,0,0,0,0,0,0,0,0,NA,0,0,0,0,0,0,0,0,0,0,,,,,,,,,,,,,,,,,,,,,,,,,,,,,,,,,,,,,,,,,,,,,,,,,,,,,,,,,,,,,,,,
MSB:Fish:4984,MSB 4984-5,Hybognathus amarus,1978,9,5,JAR8644F,BP,06-23-2025,06-23-2025,32,24,341,CW,NA,NA,,0,0,0,0,0,0,0,0,0,0,0,0,0,0,0,0,0,0,0,0,0,0,0,0,0,0,1,0,0,0,0,0,0,0,0,0,0,0,0,0,0,0,0,0,0,0,0,0,0,0,0,,MSB 49984-5,Hybognathus amarus,JAR8644F,Diplostomatidae,1,CW,CW,NA,Connective tissue,70% etoh,P6JX8,MSB 4984-5,TREM.DIPLO.CONN,1,,,,,,,,,,,,,,,,,,,,,,,,,,,,,,,,,,,,,,,,,,,,,,,,,
MSB:Fish:39103,MSB 39103-5,Hybognathus amarus,1997,10,15,JAR8678F,EO,06-23-2025,06-23-2025,60,47,2006,CW,NA,NA,,0,0,0,0,0,0,0,0,0,0,0,0,0,0,0,0,0,0,0,0,0,0,0,0,0,0,0,0,0,0,0,0,0,0,0,0,0,0,0,0,0,0,0,0,0,0,0,0,0,0,0,,,,,,,,,,,,,,,,,,,,,,,,,,,,,,,,,,,,,,,,,,,,,,,,,,,,,,,,,,,,,,,,
MSB:Fish:1131,MSB 1131-5,Hybognathus amarus,1959,2,24,JAR8682F,BP,06-23-2025,06-23-2025,53,44,1289,KL,NA,NA,,0,0,0,0,0,0,0,0,0,0,0,0,0,1,0,0,0,0,0,0,0,0,0,0,0,0,0,0,0,0,0,0,0,0,0,0,2,0,0,0,NA,0,0,0,0,0,0,0,0,0,0,,MSB 1131-5,Hybognathus amarus,JAR8682F,Gyrodactylidae ,1,KL,KL,Adult,Caudal fin,70% etoh,P6JXA,MSB 1131-5,MONO.GYRO.CAUDALFIN,1,,Gyrodactylidae ,2,KL,KL,Adult,Gill,70% etoh,P6JX9,MSB 1131-5,MONO.GYRO.GILL,1,,,,,,,,,,,,,,,,,,,,,,,,,,,,,,,,,,,,,
MSB:Fish:1155,MSB 1155-3,Hybognathus amarus,1943,6,23,JAR8685F,BP,06-23-2025,06-23-2025,69,56,3145,CW,NA,NA,,0,0,0,0,0,0,0,0,0,0,0,0,0,0,0,0,0,0,0,0,0,0,0,0,0,0,0,0,0,0,0,0,0,0,0,0,0,0,0,0,0,0,0,0,0,0,0,0,0,0,0,,,,,,,,,,,,,,,,,,,,,,,,,,,,,,,,,,,,,,,,,,,,,,,,,,,,,,,,,,,,,,,,
MSB:Fish:30282,MSB 30282-2,Hybognathus amarus,1996,5,16,JAR8653F,EO,06-23-2025,06-23-2025,64,50,2621,CW,NA,NA,,0,0,0,0,0,0,0,0,0,0,0,0,0,0,0,0,0,1,0,0,0,0,1,0,0,0,6,0,0,0,0,0,0,0,0,0,0,0,0,0,0,0,0,0,0,0,0,0,0,0,0,,MSB 30282-2,Hybognathus amarus,JAR8653F,Diplostomulum,1,CW,CW,Metacercariae,Eye,70% etoh,P6JXE,MSB 30282-2,TREM.EM.EYE,1,,Diplostomatidae,1,CW,CW,Metacercariae,Liver,70% etoh,P6JXD,MSB 30282-2,TREM.DIPLO.LIVER,1,,Diplostomatidae,6,CW,CW,Metacercariae,Connective tissue,70% etoh,P6JXB,MSB 30282-2,TREM.DIPLO.CONN,1,,,,,,,,,,,,,,,,,,,,,,,,,
MSB:Fish:4984,MSB 4984-4,Hybognathus amarus,1978,9,5,JAR8642F,JG,06-23-2025,06-23-2025,32,25,338,KL,NA,NA,,0,0,0,0,0,0,0,0,0,0,0,0,0,0,0,0,NA,0,0,0,0,0,0,0,0,0,0,0,0,0,0,0,0,0,0,0,0,0,0,0,0,0,0,0,1,0,0,0,0,0,0,,MSB 4984-4,Hybognathus amarus,JAR8642F,Digenea,1,KL,KL,Metacercariae,Flush,70% etoh,P6JXC,MSB 4984-4,TREM.B.FLUSH,1,,,,,,,,,,,,,,,,,,,,,,,,,,,,,,,,,,,,,,,,,,,,,,,,,
MSB:Fish:39103,MSB 39103-4,Hybognathus amarus,2997,10,15,JAR8676F,EO,06-23-2025,06-23-2025,69,54,3110,EO CLW,NA,NA,,0,0,0,0,0,0,0,0,0,0,0,0,0,0,0,0,NA,0,0,0,0,0,0,0,0,0,0,0,0,0,0,0,0,0,0,0,0,0,0,0,0,0,0,0,0,0,0,0,0,0,0,,,,,,,,,,,,,,,,,,,,,,,,,,,,,,,,,,,,,,,,,,,,,,,,,,,,,,,,,,,,,,,,
MSB:Fish:30282,MSB 30282-1,Hybognathus amarus,1996,5,16,JAR8654F,JG,06-23-2025,06-23-2025,58,49,2054,CLW,NA,NA,,0,0,0,0,0,0,0,0,0,0,0,0,0,0,0,0,NA,0,0,0,0,0,0,0,0,0,1,0,0,0,0,0,0,0,0,0,0,0,0,0,NA,0,0,0,0,0,0,0,0,0,0,,MSB 30282-1,Hybognathus amarus,JAR8654F,Diplostomatidae,1,CLW,CLW,Metacercariae,Connective tissue,70% etoh,P6JWJ,MSB 30282-1,TREM.DIPLO.CONN,1,,,,,,,,,,,,,,,,,,,,,,,,,,,,,,,,,,,,,,,,,,,,,,,,,
MSB:Fish:30282,MSB 30282-3,Hybognathus amarus,1996,5,16,JAR8656F,EO,06-23-2025,06-23-2025,71,56,3863,KL,NA,NA,,0,0,0,0,0,0,0,0,0,0,0,0,0,0,0,0,0,0,0,0,0,0,0,0,0,0,0,0,0,0,0,0,0,0,0,0,0,0,0,0,0,0,0,0,0,0,0,0,0,0,0,,,,,,,,,,,,,,,,,,,,,,,,,,,,,,,,,,,,,,,,,,,,,,,,,,,,,,,,,,,,,,,,
MSB:Fish:4984,MSB 4984-2,Hybognathus amarus,1978,9,5,JAR8662F,BP,06-23-2025,06-23-2025,38,30,541,CLW,NA,NA,,0,0,0,0,0,0,0,0,0,0,0,0,0,0,0,0,NA,0,0,0,0,0,0,0,0,0,2,0,0,0,0,0,0,0,0,0,0,0,0,0,NA,0,0,0,0,0,0,0,0,0,0,,MSB 4984-2,Hybognathus amarus,JAR8662F,Diplostomatidae,2,CLW,CLW,Metacercariae,Connective tissue,70% etoh,P6JWK,MSB 4984-2,TREM.DIPLO.CONN,1,,,,,,,,,,,,,,,,,,,,,,,,,,,,,,,,,,,,,,,,,,,,,,,,,
MSB:Fish:1131,MSB 1131-3,Hybognathus amarus,1959,2,24,JAR8693F,BP,06-23-2025,06-23-2025,54,44,1280,CW,F,NA,,0,0,0,0,0,0,0,0,0,0,0,0,0,0,0,0,0,0,0,0,0,0,0,0,0,0,0,0,0,0,0,0,0,0,0,1,0,0,0,0,0,0,0,0,0,0,0,0,0,0,0,,MSB 1131-3,Hybognathus amarus,JAR8693F,Dactylogyrus,1,CW,CW,Adult,Gill,70% etoh,P6JX6,MSB 1131-3,MONO.DACT.GILL,1,,,,,,,,,,,,,,,,,,,,,,,,,,,,,,,,,,,,,,,,,,,,,,,,,
MSB:Fish:30282,MSB 20282-5,Hybognathus amarus,1996,5,16,JAR8655F,JG,06-23-2025,06-23-2025,72,59,3808,CLW,NA,NA,,0,0,0,0,0,0,0,0,0,0,0,0,0,0,0,0,NA,0,0,0,0,0,0,0,0,0,0,0,0,0,0,0,0,0,0,0,0,0,0,0,NA,0,0,0,0,0,0,0,0,0,0,,,,,,,,,,,,,,,,,,,,,,,,,,,,,,,,,,,,,,,,,,,,,,,,,,,,,,,,,,,,,,,,
MSB:Fish:4984,MSB 4984-1,Hybognathus amarus,1978,9,5,JAR8660F,EO,06-23-2025,06-23-2025,39,30,621,CLW,NA,NA,,0,0,0,0,0,0,0,0,0,0,0,0,0,0,0,0,NA,0,0,0,0,0,0,0,0,0,3,0,0,0,0,0,0,0,0,0,0,0,0,0,NA,0,0,0,0,0,0,0,0,0,0,,MSB 4984-1,Hybognathus amarus,JAR8660F,Diplostomatidae,3,CLW,CLW,Metacercariae,Connective tissue,70% etoh,P6JWL,MSB 4984-1,TREM.DIPLO.CONN,1,,,,,,,,,,,,,,,,,,,,,,,,,,,,,,,,,,,,,,,,,,,,,,,,,
MSB:Fish:1155,MSB 1155-4,Hybognathus amarus,1943,6,23,JAR8683F,EO,06-23-2025,06-23-2025,54,45,1684,BP KL,F,NA,"Caudal Fin Damaged, unknown cysts from gills pictured not collected",0,0,0,0,0,0,0,0,0,0,0,NA,NA,NA,NA,0,0,0,0,0,0,0,0,0,0,0,0,0,0,0,0,0,0,0,8,0,0,0,0,0,NA,0,0,0,0,0,0,0,0,0,0,,,,,,,,,,,,,,,,,,,,,,,,,,,,,,,,,,,,,,,,,,,,,,,,,,,,,,,,,,,,,,,,
MSB:Fish:1131,MSB 1131-4,Hybognathus amarus,1959,2,24,JAR8680F,EO,06-23-2025,06-23-2025,52,43,1316,KL,NA,NA,Caudal fin damaged ,0,0,0,0,0,0,0,0,0,0,0,0,0,0,0,0,NA,0,0,0,0,0,0,0,0,0,0,0,0,0,0,0,0,0,0,0,0,0,0,0,0,0,0,0,0,0,0,0,0,0,0,,,,,,,,,,,,,,,,,,,,,,,,,,,,,,,,,,,,,,,,,,,,,,,,,,,,,,,,,,,,,,,,
MSB:Fish:30282,MSB 30282-4,Hybognathus amarus,1996,5,16,JAR8658F,BP,06-23-2025,06-23-2025,58,46,1814,JG KL,F,Arthropod,,0,0,0,0,0,0,0,0,0,0,0,0,0,0,0,0,0,0,0,0,0,0,0,0,0,0,0,0,0,0,0,0,0,0,0,0,0,0,0,0,0,0,0,0,0,0,0,0,0,0,0,,,,,,,,,,,,,,,,,,,,,,,,,,,,,,,,,,,,,,,,,,,,,,,,,,,,,,,,,,,,,,,,
MSB:Fish:1155,MSB 1155-5,Hybognathus amarus,1943,6,23,JAR8687F,EO,06-23-2025,06-23-2025,53,45,1706,KL,NA,NA,Caudal fin damaged,0,0,0,0,0,0,0,0,0,0,0,NA,NA,NA,NA,0,0,0,0,0,0,0,0,0,0,0,0,0,0,0,0,0,0,0,0,0,0,0,0,0,0,0,0,0,0,0,0,0,0,0,0,,,,,,,,,,,,,,,,,,,,,,,,,,,,,,,,,,,,,,,,,,,,,,,,,,,,,,,,,,,,,,,,
MSB:Fish:39103,MSB 39103-3,Hybognathus amarus,1997,10,15,JAR8675F,BP,06-23-2025,06-23-2025,61,47,2132,KL,NA,NA,,0,0,0,0,0,0,0,0,0,0,0,0,0,0,0,0,0,0,0,0,0,0,0,0,0,0,2,0,1,0,0,0,0,0,0,0,0,0,0,0,0,0,0,0,0,0,0,0,0,0,0,,MSB 39103-3,Hybognathus amarus,JAR8675F,Digenea,1,KL,KL,Metacercariae,Connective tissue,70% etoh,P6JX7,MSB 39103-3,TREM.B.CONN,1,,Diplostomatidae,2,KL,KL,NA,Connective tissue,70% etoh,P6JZ1,MSB 39103-3,TREM.DIPLO.CONN,1,,,,,,,,,,,,,,,,,,,,,,,,,,,,,,,,,,,,,
MSB:Fish:1131,MSB 1131-2,Hybognathus amarus,1959,2,24,JAR8691F,JG,06-23-2025,06-23-2025,63,51,1849,CLW,NA,NA,Caudal fin not entire-bits are broken off,0,0,0,0,0,0,0,0,0,0,0,NA,NA,NA,NA,0,NA,0,0,0,0,0,0,0,0,0,0,0,0,0,0,0,0,0,0,0,0,0,0,0,0,0,0,0,0,0,0,0,0,0,0,,,,,,,,,,,,,,,,,,,,,,,,,,,,,,,,,,,,,,,,,,,,,,,,,,,,,,,,,,,,,,,,
MSB:Fish:1131,MSB 1131-2,Hybognathus amarus,1959,2,24,JAR8689F,EO,06-23-2025,06-23-2025,60,47,1798,CW,NA,NA,,0,0,0,0,0,0,0,0,0,0,0,0,0,0,0,0,0,0,0,0,0,0,0,0,0,0,0,0,0,0,0,0,0,0,0,0,0,0,0,0,0,0,0,0,0,0,0,0,0,0,0,,,,,,,,,,,,,,,,,,,,,,,,,,,,,,,,,,,,,,,,,,,,,,,,,,,,,,,,,,,,,,,,
MSB:Fish:4984,MSB 4984-3,Hybognathus amarus,1978,9,5,JAR8640F,EO,06-23-2025,06-23-2025,38,29,504,CLW,NA,NA,"Disintergrated under slip. Not 100% whether this was a psite or gut contents, could've been some kind of free-living worm.",0,0,0,0,0,0,0,0,0,0,0,0,0,0,0,0,NA,0,0,0,0,0,0,0,0,0,0,0,0,0,0,0,0,0,0,0,0,0,0,0,NA,0,0,0,0,0,0,0,0,1,0,,MSB 4984-3,Hybognathus amarus,JAR8640,Digenea,1,CLW,CLW,?,,70% etoh,P6JWM,MSB 4984-3,TREM.RIDGE.FLUSH,1,,,,,,,,,,,,,,,,,,,,,,,,,,,,,,,,,,,,,,,,,,,,,,,,,
MSB:Fish:39103,MSB 39103-2,Hybognathus amarus,1997,10,15,JAR8677F,JG,06-23-2025,06-23-2025,69,56,3012,KL,NA,NA,,0,0,0,0,0,0,0,0,0,0,0,0,0,0,0,0,0,0,0,0,0,0,0,0,0,0,0,0,1,0,0,0,0,0,0,0,0,0,0,0,0,0,0,0,0,0,0,0,0,0,0,,MSB 39103-2,Hybognathus amarus,JAR8677F,Digenea,1,KL,KL,Metacercariae,Connective tissue,70% etoh,P6JZ3,MSB 39103-2,TREM.B.CONN,2,,,,,,,,,,,,,,,,,,,,,,,,,,,,,,,,,,,,,,,,,,,,,,,,,
MSB:Fish:1155,MSB 1155-2,Hybognathus amarus,1943,6,23,JAR8681F,EO,06-23-2025,06-23-2025,63,50,2536,KL,NA,NA,Caudal fin damaged,0,0,0,0,0,0,0,0,0,0,0,NA,NA,NA,NA,0,0,0,0,0,0,0,0,0,0,0,0,0,0,0,0,0,0,0,0,16,0,0,0,0,NA,0,0,0,0,0,0,0,0,0,0,,MSB 1155-2,Hybognathus amarus,JAR8681F,Dactylogyrus,12,KL,KL,NA,Gill,70% etoh,P6JZ2,MSB 1155-2,MONO.DACT.GILL,1,,,,,,,,,,,,,,,,,,,,,,,,,,,,,,,,,,,,,,,,,,,,,,,,,
MSB:Fish:1155,MSB1155-1,Hybognathus amarus,2943,6,23,JAR8679F,BP,06-23-2025,06-23-2025,62,50,2170,BP CW KL,NA,NA,,0,0,0,0,0,0,0,0,0,0,0,0,0,0,0,0,0,0,0,0,0,0,0,0,0,0,3,0,0,0,0,0,0,0,0,7,0,0,0,0,0,0,0,0,0,0,1,1,0,0,0,,MSB 1155-1,Hybognathus amarus,JAR8679F,Dactylogyrus,7,KL,KL CW,Adult,Gill,70% etoh,P6JZ0,MSB 1155-1,MONO.DACT.GILL,2,,Digenea,1,NA,KL CW,Unknown,Flush,NA,NA,MSB 1155-1,TREM.UNK.FLUSH,2,,Diplostomatidae,1,KL CW,KL CW,Metacercariae,Flus,70% etoh,P6JX5,MSB 1155-1,TREM.DIPLO.FLUSH,2,,Diplostomatidae,3,CW KL,CW KL,Metacercariae,Connective tissue,70% etoh,P6JX4,MSB 1155-1,TREM.DIPLO.CONN,2,,,,,,,,,,,,,
MSB:Fish:4161,MSB 4161-3,Hybognathus amarus,1977,8,5,JAR8700F,BP,06-24-2025,06-24-2025,39,29,511,CW,NA,NA,"Dark spots seen on gills, but no clear material under scope, possibly dead cysts",0,0,0,0,0,0,0,0,0,0,0,0,0,0,0,0,0,0,0,0,0,0,0,0,0,0,1,0,0,0,0,0,0,0,0,0,0,0,0,0,0,0,0,0,0,0,0,0,0,0,0,,MSB 4161-3,Hybognathus amarus,JAR8700F,Diplostomatidae,1,CW,CW,Metacercariaee,Connective tissue,70% etoh,P6JYF,MSB 4161-3,TREM.DIPLO.CONN,2,,,,,,,,,,,,,,,,,,,,,,,,,,,,,,,,,,,,,,,,,,,,,,,,,
MSB:Fish:1150,MSB 1150-1,Hybognathus amarus,1939,6,9,JAR8708F,BP,06-24-2025,06-24-2025,63,50,2550,KL,NA,NA,,0,0,0,0,0,0,0,0,0,0,0,0,0,0,0,0,0,0,0,0,0,0,0,0,0,0,0,0,0,0,0,0,0,0,0,17,0,0,0,0,0,0,0,0,0,0,0,0,0,0,0,,MSB 1150-1,Hybognathus amarus,JAR8708F,Dactylogyrus,17,KL,KL,Adult,Gill,70% etoh,P6JZ7,MSB 1150-1,MONO.DACT.GILL,2,,,,,,,,,,,,,,,,,,,,,,,,,,,,,,,,,,,,,,,,,,,,,,,,,
MSB:Fish:4161,MSB 4161-5,Hybognathus amarus,1977,8,5,JAR8703F,JG,06-24-2025,06-24-2025,36,29,444,CLW,NA,NA,TREM.DIPLO.EYE found in soft tissues of the eye,0,0,0,0,0,0,0,0,0,0,0,0,0,0,0,0,NA,0,0,0,0,1,0,0,0,0,22,0,0,0,0,0,0,0,0,0,0,0,0,0,0,0,0,0,0,0,3,0,0,0,0,,MSB 4161-5,Hybognathus amarus,JAR8703F,Diplostomatidae,22,CLW,CLW,Metacercariae,Connective tissue,70% etoh,P6JWR,MSB 4161-5,TREM.DIPLO.CONN,2,,Diplostomatidae,1,CLW,CLW,Metacercariae,Eye,70% etoh,P6JWQ,MSB 4161-5,TREM.DIPLO.EYE,2,,Diplostomatidae,3,CLW,CLW,Metacercariae,Flush,70% etoh,P6JWS,MSB 4161-5,TREM.DIPLO.FLUSH,2,,,,,,,,,,,,,,,,,,,,,,,,,
MSB:Fish:1150,MSB 1150-3,Hybognathus amarus,1939,6,9,JAR8712F,BP,06-24-2025,06-24-2025,71,54,4462,CW,F,Dirt,Lots of eggs,0,0,0,0,0,0,0,0,0,0,0,0,0,0,0,0,0,0,0,0,0,0,0,0,0,0,1,0,0,0,0,0,0,0,0,0,0,0,0,0,0,0,0,0,0,0,0,0,0,0,0,,MSB 1150-3,Hybognathus amarus,JAR8712F,Diplostomatidae,1,CW,CW,Metacercariae,Connective tissue,70% etoh,P6JYE,MSB 1150-3,TREM.DIPLO.CONN,2,,,,,,,,,,,,,,,,,,,,,,,,,,,,,,,,,,,,,,,,,,,,,,,,,
MSB:Fish:4161,MSB 4161-1,Hybognathus amarus,1977,8,5,JAR8696F,JG,06-24-2025,06-24-2025,53,43,1166,KL,NA,NA,,0,0,0,0,0,0,0,0,0,0,0,0,0,0,0,0,NA,5,0,0,0,0,0,0,0,0,71,0,0,0,0,0,0,0,0,0,0,0,0,0,0,0,0,0,0,0,0,0,0,0,0,,MSB 4161-1,Hybognathus amarus,JAR8696F,Diplostomatidae,71,KL,KL,Metacercariae,Connective tissue,70% etoh,P6JZ5,MSB 4161-1,TREM.DIPLO.CONN,2,,Diplostomatidae,5,KL,KL,NA,Liver,70% etoh,P6JZ6,MSB 4161-1,TREM.DIPLO.LIVER,2,,,,,,,,,,,,,,,,,,,,,,,,,,,,,,,,,,,,,
MSB:Fish:1132,MSB 1132-3,Hybognathus amarus,1947,10,25,JAR8688F,JG,06-23-2025,06-24-2025,77,64,4621,CLW,NA,NA,,0,0,0,0,0,0,0,0,0,0,0,0,0,0,0,0,NA,4,0,0,0,0,0,0,0,0,56,0,0,0,0,0,0,0,0,0,0,0,0,0,0,0,0,0,0,0,1,0,0,0,0,,MSB 1132-3,Hybognathus amarus,JAR8688F,Diplostomatidae,56,CLW,CLW,Metacercariae,Connective tissue,70% etoh,P6JWO,MSB 1132-3,TREM.DIPLO.CONN,2,,Diplostomatidae,4,CLW,CLW,Metacercariae,Liver,70% etoh,P6JWN,MSB 1132-3,TREM.DIPLO.LIVER,2,,Diplostomatidae,1,CLW,CLW,Metacercariae,Flush,70% etoh,NA,MSB 1132-3,TREM.DIPLO.FLUSH,2,,,,,,,,,,,,,,,,,,,,,,,,,
MSB:Fish:1132,MSB 1132-1,Hybognathus amarus,1947,10,25,JAR8684F,JG,06-23-2025,06-24-2025,71,58,3310,CW,NA,Dirt,,0,0,0,0,0,0,0,0,0,0,0,0,0,0,0,0,0,0,0,0,0,0,0,0,0,0,1,0,0,9,0,0,0,0,0,0,0,0,0,0,0,0,0,0,0,0,0,0,0,0,0,,MSB 1132-1,Hybognathus amarus,JAR8684F,Digenea,1,CW,CW,Metacercariae,Connective tissue,70% etoh,P6JYB,MSB 1132-1,TREM.GOLD.CONN,2,,Digenea,8,CW,CW,Metacercariae,Connective tissue,70% etoh,P6JYC,MSB 1132-1,TREM.GOLD.CONN,2,,Diplostomatidae,1,CW,CW,Metacercariae,Connective tissue,70% etoh,P6JYD,MSB 1132-1,TREM.DIPLO.CONN,2,,,,,,,,,,,,,,,,,,,,,,,,,
MSB:Fish:1132,MSB 1132-4,Hybognathus amarus,1947,10,25,JAR8694F,JG,06-23-2025,06-24-2025,63,54,2744,KL,NA,NA,,0,0,0,0,0,0,0,0,0,0,0,0,0,0,0,0,NA,0,0,0,0,0,0,0,0,0,0,0,1,0,0,0,0,0,0,0,0,0,0,0,0,0,0,0,0,0,0,0,0,0,0,,MSB 1132-4,Hybognathus amarus,JAR8694F,Digenea,1,KL,KL,Metacercariae,Connective tissue,70% etoh,P6JZ4,MSB 1132-4,TREM.B.CONN,2,,,,,,,,,,,,,,,,,,,,,,,,,,,,,,,,,,,,,,,,,,,,,,,,,
MSB:Fish:1132,MSB 1132-5,Hybognathus amarus,2947,10,25,JAR8692F,JG,06-23-2025,06-24-2025,61,49,1975,CW,NA,Dirt,,0,0,0,0,0,0,0,0,0,0,0,0,0,0,0,0,0,0,0,0,0,0,0,0,0,0,3,0,0,0,0,0,0,0,0,0,0,0,0,0,0,0,0,0,0,0,0,0,0,0,0,,MSB 1132-5,Hybognathus amarus,JAR8692F,Diplostomatidae,3,CW,CW,Metacercariae,Connective tissue,70% etoh,P6JX2,MSB 1132-5,TREM.DIPLO.CONN,2,,,,,,,,,,,,,,,,,,,,,,,,,,,,,,,,,,,,,,,,,,,,,,,,,
MSB:Fish:1150,MSB 1150-4,Hybognathus amarus,1939,6,9,JAR8716F,JG,06-24-2025,06-24-2025,65,53,3213,KL,F,NA,,0,0,0,0,0,0,0,0,0,0,0,0,0,0,0,0,0,0,0,0,0,0,0,0,0,0,0,0,0,0,0,0,0,0,0,6,1,0,0,0,NA,0,0,0,0,0,0,0,0,0,0,,MSB 1150-4,Hybognathus amarus,JAR8716F,Dactylogyrus,6,KL,KL,Adult,Gill,70% etoh,P6JZ8,MSB 1150-4,MONO.DACT.GILL,2,,Gyrodactylidae,1,KL,KL,,Gill,70% etoh,P6JZ9,MSB 1150-4,MONO.GYRO.GILL,2,,,,,,,,,,,,,,,,,,,,,,,,,,,,,,,,,,,,,
MSB:Fish:4096,MSB 4096-4,Hybognathus amarus,1978,9,5,JAR8717F,EO,06-24-2025,06-24-2025,45,35,856,CW,NA,Dirt,,0,0,0,0,0,0,0,0,0,0,0,0,0,0,0,0,0,0,0,1,0,0,0,0,0,0,1,0,0,9,0,0,0,0,0,0,0,0,0,0,0,0,0,0,0,0,0,0,0,0,0,,MSB 4096-4,Hybognathus amarus,JAR8717F,Digenea,1,CW,CW,Metacercariae,Liver,70% etoh,P6JYG,MSB 4096-4,TREM.GOLD.LIVER,2,,Digenea,9,CW,CW,Metacercariae,Connective tissue,70% etoh,P6JYH,MSB 4069-4,TREM.GOLD.CONN,2,,Diplostomatidae,1,CW,CW,Metacercariae,Connective tissue,70% etoh,P6JYI,MSB 4096-4,TREM.DIPLO.CONN,2,,,,,,,,,,,,,,,,,,,,,,,,,
MSB:Fish:1130,MSB 1130-1,Hybognathus amarus,1949,10,29,JAR8690F,JG,06-24-2025,06-24-2025,71,58,3286,JG KL,F,NA,,0,0,0,0,0,0,0,0,0,0,0,0,0,0,0,0,0,0,0,0,0,0,0,0,0,0,0,0,0,1,0,0,0,0,0,0,0,0,0,0,NA,0,0,0,0,0,0,0,0,0,0,,MSB 1130-1,Hybognathus amarus,JAR8690F,Digenea,1,KL,KL,Metacercariae,Connective tissue,70% etoh,P6JZA,MSB 1130-1,TREM.GOLD.CONN,2,,,,,,,,,,,,,,,,,,,,,,,,,,,,,,,,,,,,,,,,,,,,,,,,,
MSB:Fish:1150,MSB 1150-5,Hybognathus amarus,1939,6,9,JAR8710F,BP,06-24-2025,06-24-2025,60,49,2576,CW,F,Dirt,1 lost,0,0,0,0,0,0,0,0,0,0,0,0,0,0,0,0,0,0,0,0,0,0,0,0,0,0,0,0,0,0,0,0,0,0,0,8,0,0,0,0,0,0,0,0,0,0,0,0,0,0,0,,MSB 1150-5,Hybognathus amarus,JAR8710F,Dactylogyrus,7,CW,CW,Adult,Gill,70% etoh,P6JYJ,MSB 1150-5,MONO.DACT.GILL,2,,,,,,,,,,,,,,,,,,,,,,,,,,,,,,,,,,,,,,,,,,,,,,,,,
MSB:Fish:4161,MSB 4161-4,Hybognathus amarus,1977,8,5,JAR8702F,JG,06-24-2025,06-24-2025,41,31,632,CLW,NA,NA,White mold on fish. trem.ridge.flush and trem.d.flush not encysted.,0,0,0,0,0,0,0,0,0,0,0,0,0,0,0,0,NA,0,0,0,0,0,0,0,0,0,22,0,0,0,0,0,0,0,0,0,0,0,0,0,0,0,0,0,0,1,6,0,0,5,0,,MSB 4161-4,Hybognathus amarus,JAR8702F,Diplostomatidae,6,CLW,CLW,Metacercariae,Flush,70% etoh,P6JWW,MSB 4161-4,TREM.DIPLO.FLUSH,2,,Diplostomatidae,22,CLW,CLW,Metacercariae,Connective tissue,70% etoh,P6JWY,MSB 4161-4,TREM.DIPLO.CONN,2,,Digenea,5,CLW,CLW,larvae,Connective tissue,70% etoh,P6JWT,MSB 4161-4,TREM.RIDGE.FLUSH,2,,Digenea,1,CLW,CLW,Larvae,Flush,70% etoh,P6JWU,MSB 4161-4,TREM.D.FLUSH,2,,,,,,,,,,,,,
MSB:Fish:4096,MSB 4096-1,Hybognathus amarus,1978,9,5,JAR8718F,BP,06-24-2025,06-24-2025,44,36,1043,KL,NA,NA,,0,0,0,0,0,0,0,0,0,0,0,0,0,0,0,0,0,0,0,0,0,0,0,0,0,0,0,0,5,0,0,0,0,0,0,0,0,0,0,0,0,0,0,0,0,0,0,0,0,0,0,,MSB 4096-1,Hybognathus amarus,JAR8718F,Digenea,5,KL,KL,Metacercariae,Connective tissue,70% etoh,P6JZB,MSB 4096-1,TREM.B.CONN,2,,,,,,,,,,,,,,,,,,,,,,,,,,,,,,,,,,,,,,,,,,,,,,,,,
MSB:Fish:4096,MSB 4096-5,Hybognathus amarus,1978,9,5,JAR8715F,BP,06-24-2025,06-24-2025,41,33,774,KL,NA,NA,,0,0,0,0,0,0,0,0,0,0,0,0,0,0,0,0,0,0,0,0,0,0,0,0,0,0,0,0,0,0,0,0,0,0,0,0,0,0,0,0,NA,0,0,0,0,0,0,0,0,0,0,,,,,,,,,,,,,,,,,,,,,,,,,,,,,,,,,,,,,,,,,,,,,,,,,,,,,,,,,,,,,,,,
MSB:Fish:7593,MSB 7593-3,Hybognathus amarus,1988,5,25,JAR8706F,BP,06-24-2025,06-24-2025,58,45,2248,BP KL,F,NA,,0,0,0,0,0,2,0,0,0,0,0,0,0,0,0,0,0,0,0,0,0,0,0,0,0,0,1,0,0,0,0,0,0,0,0,0,0,0,0,0,0,0,0,0,0,0,0,0,0,0,0,,MSB 7593-3,Hybognathus amarus,JAR8706F,Digenea,2,BP,KL,Metacercariae,Pectoral fin,70% etoh ,P6JZD,MSB 7593-3,TREM.FIM.PECTORALFIN,2,,Diplostomatidae,1,KL,KL,Metacercariae,Connective tissue,70% etoh,P6JZC,MSB 7593-3,TREM.DIPLO.CONN,2,,,,,,,,,,,,,,,,,,,,,,,,,,,,,,,,,,,,,
MSB:Fish:4096,MSB 4096-3,Hybognathus amarus,1978,9,5,JAR8713F,BP,06-24-2025,06-24-2025,49,39,1118,EO CW,F,NA,,0,0,0,0,0,0,0,0,0,0,0,0,0,0,0,0,0,0,0,0,0,0,0,0,0,0,0,0,0,0,0,0,0,0,0,0,0,0,0,0,0,0,0,0,0,0,0,0,0,0,0,,,,,,,,,,,,,,,,,,,,,,,,,,,,,,,,,,,,,,,,,,,,,,,,,,,,,,,,,,,,,,,,
MSB:Fish:1130,MSB 1130-5,Hybognathus amarus,1949,10,29,JAR8701F,EO,06-24-2025,06-25-2025,57,48,2022,KL,NA,NA,,0,0,0,0,0,1,0,0,0,0,0,0,0,0,0,0,0,0,0,0,0,0,0,0,0,0,0,0,2,0,0,0,0,0,0,1,0,0,0,0,0,0,0,0,0,0,0,0,0,0,0,,MSB 1130-5,Hybognathus amarus,JAR8701,Digenea,1,KL,KL,Metacercariae,Pectoral fin,70% etoh,P6JZI,MSB 1130-5,TREM.FIM.PECTORALFIN,2,,Digenea,2,KL,KL,Metacercariae,Connective tissue,70% etoh,P6JZJ,MSB 1130-5,TREM.B.CONN,2,,Dactylogyrus sp. 1,1,KL,KL,Adult,Gill,70% etoh,P6JYM,MSB 1130-5,MONO.DACT.GILL,2,,,,,,,,,,,,,,,,,,,,,,,,,
MSB:Fish:25023,MSB 25023-5,Hybognathus amarus,1995,8,2,JAR8719F,EO,06-25-2025,06-25-2025,40,31,571,KL,NA,NA,,0,0,0,0,0,0,0,0,0,0,0,0,0,0,0,0,0,0,0,0,0,0,0,0,0,0,0,0,2,0,0,0,0,0,0,0,0,0,0,0,NA,0,0,0,0,0,0,0,0,0,0,,MSB 25023-5,Hybognathus amarus,JAR8719F,Digenea,2,KL,KL,Metacercariae,Connective tissue,70% etoh,P6JXX,MSB 25023-5,TREM.B.CONN,2,,,,,,,,,,,,,,,,,,,,,,,,,,,,,,,,,,,,,,,,,,,,,,,,,
MSB:Fish:1132,MSB 1132-2,Hybognathus amarus,1947,10,25,JAR8686F,JG,06-23-2025,06-25-2025,73,62,3934,CW,NA,Dirt,,0,0,0,0,0,0,0,0,0,0,0,0,0,0,0,0,0,0,0,0,0,0,0,0,0,0,50,0,0,0,0,0,0,0,0,0,0,0,0,0,0,0,0,0,0,0,0,0,0,0,0,,MSB 1132-2,Hybognathus amarus,JAR8686F,Diplostomatidae,50,CW,CW,Metacercariae,Connective tissue,70% etoh,P6JYL,MSB 1132-2,TREM.DIPLO.CONN,2,,,,,,,,,,,,,,,,,,,,,,,,,,,,,,,,,,,,,,,,,,,,,,,,,
MSB:Fish:4096,MSB 4096-2,Hybognathus amarus,1978,9,5,JAR8711F,EO,06-24-2025,06-25-2025,44,34,903,CW,NA,Dirt,,0,0,0,0,0,0,0,0,0,0,0,0,0,0,0,0,0,0,0,0,0,0,0,0,0,0,6,0,0,0,0,0,0,0,0,0,0,0,0,0,0,0,0,0,0,0,0,0,0,0,0,,MSB 4096-2,Hybognathus amarus,JAR8711F,Diplostomatidae,6,CW,CW,Metacercariae,Connective tissue,70% etoh,P6JYK,MSB 4096-2,TREM.DIPLO.CONN,2,,,,,,,,,,,,,,,,,,,,,,,,,,,,,,,,,,,,,,,,,,,,,,,,,
MSB:Fish:1130,MSB 1130-4,Hybognathus amarus,1949,10,29,JAR8699F,BP,06-24-2025,06-25-2025,62,47,2068,CLW,NA,NA,,0,0,0,0,0,0,0,0,0,0,0,0,0,0,0,0,0,0,0,0,0,0,0,0,0,0,1,0,0,0,0,0,0,0,0,0,0,0,0,0,0,0,0,0,0,0,0,0,0,0,0,,MSB 1130-4,Hybognathus amarus,JAR8699F,Diplostomatidae,1,CLW,CLW,Metacercariae,Connective tissue,70% etoh,P6JWZ,MSB 1130-4,TREM.DIPLO.CONN,2,,,,,,,,,,,,,,,,,,,,,,,,,,,,,,,,,,,,,,,,,,,,,,,,,
MSB:Fish:4161,MSB 4161-2,Hybognathus amarus,1977,8,5,JAR8698F,JG,06-24-2025,06-25-2025,44,35,753,JG KL,NA,NA,,0,0,0,0,0,0,0,0,0,0,0,0,0,0,0,0,0,0,0,0,0,0,0,0,0,0,48,0,0,0,0,0,0,0,0,0,0,0,0,0,0,0,0,0,0,0,0,0,0,1,0,,MSB 4161-2,Hybognathus amarus,JAR8698F,Digenea,1,JG KL,JG KL,Metacercariae,Flush,70% etoh,P6JZE,MSB 4161-2,TREM.RIDGE.FLUSH,2,,Diplostomatidae,48,JG KL,JG KL,Metacercariae,Connective tissue,70% etoh,P6JZF,MSB 4161-2,TREM.DIPLO.CONN,2,,,,,,,,,,,,,,,,,,,,,,,,,,,,,,,,,,,,,
MSB:Fish:1150,MSB 1150-2,Hybognathus amarus,1939,6,9,JAR8714F,JG,06-24-2025,06-25-2025,72,61,4536,CLW,F,NA,Many eggs,0,0,0,0,0,0,0,0,0,0,0,0,0,0,0,0,0,0,0,0,0,0,0,0,0,0,0,0,0,0,0,0,0,0,0,1,0,0,0,0,NA,0,0,0,0,0,0,0,0,0,0,,MSB 1150-2,Hybognathus amarus,JAR8714F,Dactylogyrus sp. 1,1,CLW,CLW,Adult,Gill,70% etoh,P6JX0,MSB 1150-2,MONO.DACT.GILL,2,,,,,,,,,,,,,,,,,,,,,,,,,,,,,,,,,,,,,,,,,,,,,,,,,
MSB:Fish:1130,MSB 1130-2,Hybognathus amarus,1949,10,29,JAR8695F,BP,06-24-2025,06-25-2025,68,54,3151,KL,F,NA,,0,0,0,0,0,0,0,0,0,0,0,0,0,0,0,0,0,0,0,0,0,0,0,0,0,0,0,0,4,0,0,0,0,0,0,1,0,0,0,0,0,0,0,0,0,0,0,0,0,0,0,,MSB 1130-2,Hybognathus amarus,JAR8695F,Dactylogyrus sp. 1,1,KL,KL,Adult,Gill,70% etoh,P6JZG,MSB 1130-2,MONO.DACT.GILL,2,,Digenea,4,KL,KL,Adult,Connective tissue,70% etoh,P6JZH,MSB 1130-2,TREM.B.CONN,2,,,,,,,,,,,,,,,,,,,,,,,,,,,,,,,,,,,,,
MSB:Fish:7593,MSB 7593-5,Hybognathus amarus,1988,5,25,JAR8709F,BP,06-24-2025,06-25-2025,62,51,2400,BP CLW,NA,NA,,0,0,0,0,0,0,0,0,0,0,0,0,0,0,0,0,0,0,0,0,0,0,0,0,0,0,0,0,0,0,0,0,0,0,0,0,0,0,0,0,NA,0,0,0,0,0,0,0,0,0,0,,,,,,,,,,,,,,,,,,,,,,,,,,,,,,,,,,,,,,,,,,,,,,,,,,,,,,,,,,,,,,,,
MSB:Fish:7593,MSB 7593-2,Hybognathus amarus,1988,5,25,JAR8705F,EO,06-24-2025,06-25-2025,64,50,2324,JG CW,NA,NA,,0,0,0,0,0,0,0,0,0,0,0,0,0,0,0,0,0,0,0,0,0,0,0,0,0,0,0,0,0,0,0,0,0,0,0,0,0,0,0,0,NA,0,0,0,0,0,0,0,0,0,0,,,,,,,,,,,,,,,,,,,,,,,,,,,,,,,,,,,,,,,,,,,,,,,,,,,,,,,,,,,,,,,,
MSB:Fish:25023,MSB 25023-3,Hybognathus amarus,1995,8,2,JAR8723F,EO,06-25-2025,06-25-2025,38,29,422,CW,NA,NA,,0,0,0,0,0,0,0,0,0,0,0,0,0,0,0,0,0,0,0,0,0,0,0,0,0,0,0,0,0,0,0,0,0,0,0,0,0,0,0,0,0,0,0,0,0,0,0,0,0,0,0,,,,,,,,,,,,,,,,,,,,,,,,,,,,,,,,,,,,,,,,,,,,,,,,,,,,,,,,,,,,,,,,
MSB:Fish:1130,MSB 1130-3,Hybognathus amarus,1949,10,29,JAR8697F,JG,06-24-2025,06-25-2025,61,49,1811,JG CW,NA,NA,,0,0,0,0,0,0,0,0,0,0,0,0,0,0,0,0,0,0,0,0,0,0,0,0,0,0,0,0,0,0,0,0,0,0,0,0,0,0,0,0,0,0,0,0,0,0,0,0,0,0,0,,,,,,,,,,,,,,,,,,,,,,,,,,,,,,,,,,,,,,,,,,,,,,,,,,,,,,,,,,,,,,,,
MSB:Fish:7593,MSB 7593-1,Hybognathus amarus,1988,5,25,JAR8704F,BP,06-24-2025,06-25-2025,64,50,3600,KL,F,NA,,0,0,0,0,0,0,0,0,0,0,0,0,0,0,0,0,0,0,0,0,0,0,0,0,0,0,9,0,0,0,0,0,0,0,0,0,0,0,0,0,NA,0,0,0,0,0,0,0,0,0,0,,MSB 7593-1,Hybognathus amarus,JAR8704F,Diplostomatidae,9,KL,KL,Metacercariae,Connective tissue,70% etoh,P6JXY,MSB 7593-1,TREM.DIPLO.CONN,2,,,,,,,,,,,,,,,,,,,,,,,,,,,,,,,,,,,,,,,,,,,,,,,,,
MSB:Fish:7593,MSB 7593-4,Hybognathus amarus,1988,5,25,JAR8707F,EO,06-24-2025,06-25-2025,61,48,1922,BP KL,F,NA,,0,0,0,0,0,0,0,0,0,0,0,0,0,0,0,0,0,0,0,0,0,0,0,0,0,0,10,0,0,0,0,0,0,0,0,0,0,0,0,0,0,0,0,0,0,0,0,0,0,0,0,,MSB 7593-4,Hybognathus amarus,JAR8707F,Diplostomatidae,10,BP KL,BP KL,Metacercariae,Connective tissue,70% etoh,P6JXZ,MSB 7593-4,TREM.DIPLO.CONN,2,,,,,,,,,,,,,,,,,,,,,,,,,,,,,,,,,,,,,,,,,,,,,,,,,
MSB:Fish:68528,MSB 68528-5,Hybognathus amarus,1984,8,16,JAR8733F,BP,06-25-2025,06-25-2025,47,37,1014,CLW,NA,NA,50% ISOH,0,0,0,0,0,0,0,0,0,0,0,0,0,0,0,0,NA,0,0,0,0,0,0,0,0,0,0,0,0,0,0,0,0,0,0,0,1,0,0,0,NA,0,0,0,0,0,0,0,0,0,0,,MSB 68528-5,Hybognathus amarus,JAR8733F,Gyrodactylidae sp 1,1,CLW,CLW,Adult,Gill,50% ISOH,P6JX1,MSB 68528-5,MONO.GYRO.GILL,2,,,,,,,,,,,,,,,,,,,,,,,,,,,,,,,,,,,,,,,,,,,,,,,,,
MSB:Fish:30810,MSB 30910-1,Hybognathus amarus,1996,2,7,JAR8734F,EO,06-25-2025,06-25-2025,68,54,2437,CW,NA,empty,MYXO.SUSP found in gill raker,0,0,0,0,0,0,0,0,0,0,3,0,0,0,0,5,0,0,0,0,0,0,0,0,0,0,1,0,0,0,0,0,0,1,0,0,0,0,0,0,0,0,0,0,0,0,0,0,0,0,0,,MSB 30810-1,Hybognathus amarus,JAR8734F,non-parasitic ,1,CW,CW,Unknown,Gill raker,70% etoh,P6JYN,MSB 30810-1,MXYO.SUSP.GILL,2,Determined it was not a parasite,Gyrodactylidae,3,CW,CW,Adult,Anal fin,70% etoh,P6JYO,MSB 30810-1,MONO.GYRO.FIN,2,,Gyrodactylidae sp 2,5,CW,CW,Adult,Dorsal fin,70% etoh,P6JYP,MSB 30810-1,MONO.GYRO.FIN,2,,Diplostomatidae,1,CW,CW,Metacercariae,Connective tissue,70% etoh,P6JYA,MSB 30810-1,TREM.DIPLO.CONN,2,,,,,,,,,,,,,
MSB:Fish:25023,MSB 25023-2,Hybognathus amarus ,1995,8,2,JAR8725F,EO,06-25-2025,06-25-2025,36,29,560,KL,NA,NA,,0,0,0,0,0,0,0,0,0,0,0,0,0,0,0,0,0,0,0,0,0,0,0,0,0,0,0,0,0,0,0,0,0,0,0,0,0,0,0,0,NA,0,0,0,0,1,0,0,0,0,0,,MSB 25023-2,Hybognathus amarus,JAR8725F,Digenea,1,KL,KL,Metacercariae,Flush,70% etoh,P6JY0,MSB 25023-2,TREM.D.FLUSH,2,,,,,,,,,,,,,,,,,,,,,,,,,,,,,,,,,,,,,,,,,,,,,,,,,
MSB:Fish:25023,MSB 25023-4,Hybognathus amarus,1995,8,2,JAR8721F,EO,06-25-2025,06-25-2025,37,29,524,CW,NA,NA,"Vouchered, but destroyed",0,0,0,0,0,0,0,0,0,0,0,0,0,0,0,0,0,0,0,0,0,0,0,0,0,0,1,0,0,0,0,0,0,0,0,0,0,0,0,0,0,0,0,0,0,0,0,0,0,0,0,,MSB 25023-4,Hybognathus amarus,JAR8721F,Diplostomatidae,1,CW,CW,Metacercariae,Connective tissue,70% etoh,P6JY9,MSB 25023-4,TREM.DIPLO.CONN,2,,,,,,,,,,,,,,,,,,,,,,,,,,,,,,,,,,,,,,,,,,,,,,,,,
MSB:Fish:25023,MSB 25023-1,Hybognathus amarus,1995,8,2,JAR8720F,EO,06-25-2025,06-26-2025,39,30,586,JG EO KL,NA,NA,,0,0,0,0,0,0,0,0,0,0,0,0,0,0,0,0,0,0,0,0,0,0,0,0,0,0,0,0,0,0,0,0,0,0,0,0,0,0,0,0,0,0,0,0,0,0,0,0,0,0,0,,,,,,,,,,,,,,,,,,,,,,,,,,,,,,,,,,,,,,,,,,,,,,,,,,,,,,,,,,,,,,,,
MSB:Fish:43490,MSB 43490-3,Hybognathus amarus,1999,10,11,JAR8749F,BP,06-26-2025,06-26-2025,61,49,2200,CLW,F,NA,,0,0,0,0,0,0,0,0,0,0,0,0,0,0,0,0,NA,0,0,0,0,0,0,0,0,0,0,0,0,0,0,0,0,0,0,0,0,0,0,0,0,0,0,0,0,0,0,0,0,0,0,,,,,,,,,,,,,,,,,,,,,,,,,,,,,,,,,,,,,,,,,,,,,,,,,,,,,,,,,,,,,,,,
MSB:Fish:30410,MSB 30410-4,Hybognathus amarus,1996,6,28,JAR8738F,JG,06-25-2025,06-26-2025,75,61,4376,CLW,F,NA,Gravid!,0,0,0,0,0,0,0,0,0,0,0,0,0,0,0,0,0,0,0,0,0,0,0,0,0,0,17,0,0,0,0,0,0,0,0,0,0,0,0,0,0,0,0,0,0,3,0,0,0,0,0,,MSB 30410-4,Hybognathus amarus,JAR8738F,Digenea,3,CLW,CLW,Metacercariae,Flush,70% etoh,P6L08,MSB 30410-4,TREM.D.FLUSH,2,,Diplostomatidae,17,CLW,CLW,Metacercariae,Connective tissue,70% etoh,P6L09,MSB 30410-4,TREM.DIPLO.CONN,2,,,,,,,,,,,,,,,,,,,,,,,,,,,,,,,,,,,,,
MSB:Fish:43490,MSB 43490-1,Hybognathus amarus,1999,10,11,JAR8745F,BP,06-26-2025,06-26-2025,72,57,3244,CW,NA,NA,,0,0,0,0,0,0,0,0,0,0,0,0,0,0,0,0,0,0,0,0,0,0,0,0,0,0,0,0,0,0,0,0,0,0,0,0,0,0,0,0,0,0,0,0,0,0,0,0,0,0,0,,,,,,,,,,,,,,,,,,,,,,,,,,,,,,,,,,,,,,,,,,,,,,,,,,,,,,,,,,,,,,,,
MSB:Fish:43480,MSB 43490-2,Hybognathus amarus,1999,10,11,JAR8747F,JG,06-26-2025,06-26-2025,61,55,2713,CLW,NA,NA,,0,0,0,0,0,0,0,0,0,0,0,0,0,0,0,0,0,0,0,0,0,0,0,0,0,0,0,0,0,0,0,0,0,0,0,0,0,0,0,0,NA,0,0,0,0,0,0,0,0,0,0,,,,,,,,,,,,,,,,,,,,,,,,,,,,,,,,,,,,,,,,,,,,,,,,,,,,,,,,,,,,,,,,
MSB:Fish:30810,MSB 30810-4,Hybognathus amarus,1996,2,7,JAR8739F,BP,06-25-2026,06-26-2025,66,52,2148,CW,NA,NA,,0,0,0,0,0,0,0,0,0,0,0,0,1,1,0,0,0,0,0,0,0,0,0,0,0,0,0,0,0,0,0,0,0,0,0,0,0,0,0,0,0,0,0,0,0,0,0,0,0,0,0,"TREM.META.UNK.CAUDALFIIN destroyed, not collected",MSB 30810-4,Hybognathus amarus,JAR8739F,Gyrodactylidae,1,CW,CW,NA,Caudal fin,70% etoh,P6JY1,MSB 30810-4,MONO.GYRO.CAUDALFIN,2,,,,,,,,,,,,,,,,,,,,,,,,,,,,,,,,,,,,,,,,,,,,,,,,,
MSB:Fish:30810,MSB 30810-3,Hybognathus amarus,1996,2,7,JAR8737F,EO,06-25-2026,06-25-2025,55,43,1306,KL,F,NA,,0,0,0,0,1,0,0,1,0,0,0,0,0,0,0,4,0,0,0,0,0,0,0,0,0,0,0,0,0,0,0,0,0,0,0,0,0,0,0,0,0,0,0,0,0,0,0,0,0,0,0,,MSB 30810-3,Hybognathus amarus,JAR8737F,Gyrodactylidae,5,KL,KL,NA,"Pectoral fin, Pelvic fin, Dorsal fin",70% etoh,P6JY8,MSB 30810-3,MONO.GYRO,2,,,,,,,,,,,,,,,,,,,,,,,,,,,,,,,,,,,,,,,,,,,,,,,,,
MSB:Fish:30410,MSB 30410-2,Hybognathus amarus,1996,6,28,JAR8742F,BP,06-25-2025,06-26-2025,66,53,3676,CW,F,NA,,0,0,0,0,0,0,0,0,0,0,0,0,0,0,0,0,0,1,0,0,0,0,0,0,0,0,10,0,0,0,0,0,0,0,0,0,0,0,0,0,0,0,0,0,0,5,4,0,0,0,0,,MSB 30410-2,Hybognathus amarus,JAR8742F,Diplostomatidae,10,CW,CW,Metacercariae,Connective tissue,70% etoh,P6JY4,MSB 30410-2,TREM.DIPLO.CONN,2,,Digenea,5,CW,CW,Adult,Flush,70% etoh,P6JY5,MSB 30410-2,,2,,Diplostomatidae,4,CW,CW,Metacercariae,Flush,70% etoh,P6JY6,MSB 30410-2,TREM.DIPLO.FLUSH,2,,Diplostomatidae,1,CW,CW,Metacercariae,Liver,70% etoh,P6JY7,MSB 30410-2,TREM.DIPLO.LIVER,2,,,,,,,,,,,,,
MSB:Fish:68528,MSB 68528-4,Hybognathus amarus,1984,8,16,JAR8730F,EO,06-25-2025,06-26-2025,68,55,2391,KL,NA,,50% ISOH,0,0,0,0,0,0,1,0,0,0,0,0,0,0,0,0,0,0,0,0,0,0,0,0,0,0,0,0,0,0,0,0,0,0,0,0,0,0,0,0,NA,0,0,0,0,0,2,0,0,0,0,,MSB 68528-4,Hybognathus amarus,JAR8730F,Lernaea sp.,1,KL,KL,Adult,Pelvic fin,70% etoh,P6L2B,MSB 68528-4,COPE.LERN.PELVICFIN,2,,Diplostomatidae,2,KL,KL,Metacercariae,Flush,70% etoh,P6L2C,MSB 68528-4,TREM.DIPLO.FLUSH,2,,,,,,,,,,,,,,,,,,,,,,,,,,,,,,,,,,,,,
MSB:Fish:30410,MSB 30410-1,Hybognathus amarus,1996,6,28,JAR8736F,BP,06-25-2025,06-26-2025,72,59,NA,CLW,F,NA,,0,0,0,0,0,0,0,0,0,0,0,0,0,0,0,0,0,0,0,0,0,0,0,0,0,0,10,0,0,0,0,0,0,0,0,0,0,0,0,0,0,0,0,0,0,4,0,0,0,3,0,"TREM.RIDGE.FLUSH 1 attached to intestine, TREM.D.FLUSH 1 attached to swim bladder (oral sucker attached) the others attached to gall bladder",MSB 30410-1,Hybognathus amarus,JAR8736F,Digenea,3,CLW,CLW,Larvae,Flush,70% etoh,P6L0A,MSB 30410-1,TREM.RIDGE.FLUSH,2,,Diplostomatidae,10,CLW,CLW,Larvae,Connective tissue,70% etoh,P6L0B,MSB 30410-1,TREM.DIPLO.CONN,3,,Digenea,4,CLW,CLW,Larvae,Flush,70% etoh,P6L0C,MSB 30410-1,TREM.D.FLUSH,3,,,,,,,,,,,,,,,,,,,,,,,,,
MSB:Fish:68528,MSB 68528-1,Hybognathus amarus,1984,8,16,JAR8731F,EO,06-25-2025,06-26-2025,69,55,3206,KL,NA,NA,50% ISOH,0,0,0,0,0,0,0,0,0,0,0,0,0,0,0,0,0,0,0,0,0,0,0,0,0,0,0,0,0,0,0,1,0,0,0,0,0,0,0,0,0,0,0,0,0,0,2,0,0,0,0,,MSB 68528-1,Hybognathus amarus,JAR8731F,Diplostomatidae,2,KL,KL,NA,Flush,70% etoh,P6L2D,MSB 68528-1,TREM.DIPLO.FLUSH,3,,Nematoda,1,KL,KL,NA,Intestine,70% etoh,P6L2E,MSB 68528-1,NEM.CL.INT,3,,,,,,,,,,,,,,,,,,,,,,,,,,,,,,,,,,,,,
MSB:Fish:30810,MSB 30810-2,Hybognathus amarus,1996,2,7,JAR8735F,BP,06-25-2025,06-26-2025,59,48,1673,JG KL,F,NA,,0,0,0,0,0,0,0,0,0,0,0,0,0,0,0,1,0,0,0,0,0,0,0,0,0,0,0,0,0,0,0,0,0,0,0,0,0,0,0,0,NA,0,0,0,0,0,0,0,0,0,0,,MSB 30810-2,Hybognathus amarus,JAR8735F,Gyrodactylidae,1,KL,KL,Adult,Dorsal fin,70% etoh,P6L2F,MSB 30810-2,MONO.GYRO.DORSALFIN,3,,,,,,,,,,,,,,,,,,,,,,,,,,,,,,,,,,,,,,,,,,,,,,,,,
MSB:Fish:30410,MSB 30410-5,Hybognathus amarus,1996,6,28,JAR8743F,BP,06-25-2025,06-26-2025,69,58,2424,BP CW ,NA,NA,TREM on swim bladder?,0,0,0,0,0,0,0,0,0,1,0,0,0,0,0,0,0,0,0,0,0,0,0,0,0,1,2,0,0,0,0,0,0,0,0,0,0,0,0,0,0,0,0,0,0,2,1,0,0,3,0,,MSB 30410-5,Hybognathus amarus,JAR8743F,Lernaea sp.,1,CW,BP,Adult,Anal fin,70% etoh,P6JYZ,MSB 30410-5,COPE.LERN.ANALFIN,3,,Digenea,3,CW,BP,Adult,Flush,70% etoh,P6JYT,MSB 30410-5,TREM.RIDGE.FLUSH,3,,Digenea,3,CW,BP,Adult,"Connective tissue, flush",70% etoh,P6JYU,MSB 30410-5,TREM.D,3,,Diplostomatidae,2,CW,BP,Metacercariae,Connective tissue,70% etoh,P6JYV,MSB 30410-5,TREM.DIPLO.CONN,3,,Diplostomatidae,1,CW,BP,Metacercariae,Flush,70% etoh,P6JY2,MSB 30410-5,TREM.DIPLO.FLUSH,3,
MSB:Fish:68528,MSB 68528-2,Hybognathus amarus,1984,8,16,JAR8728F,EO,06-25-2025,06-26-2025,72,57,2986,KL,F,NA,50% ISOH,0,0,0,0,0,0,0,0,0,0,0,0,0,0,0,0,0,0,0,0,0,0,0,0,0,0,0,0,0,0,0,0,0,0,0,0,0,0,0,0,NA,0,0,0,0,0,0,0,0,0,0,,,,,,,,,,,,,,,,,,,,,,,,,,,,,,,,,,,,,,,,,,,,,,,,,,,,,,,,,,,,,,,,
MSB:Fish:43490,MSB 43490-4,Hybognathus amarus,1999,10,11,JAR8744F,JG,06-26-2025,06-26-2025,67,54,2031,EO CLW,F,NA,,0,0,0,0,0,0,0,0,0,0,0,0,0,0,0,0,0,0,0,0,0,0,0,0,0,0,2,0,0,0,0,0,0,0,0,0,0,0,0,0,0,0,0,0,0,0,0,0,0,0,0,,MSB 43490-4,Hybognathus amarus,JAR8744F,Diplostomatidae,2,CLW,CLW,Metacercariae,Connective tissue,70% etoh,P6L0D,MSB 43490-4,TREM.DIPLO.CONN,3,,,,,,,,,,,,,,,,,,,,,,,,,,,,,,,,,,,,,,,,,,,,,,,,,
MSB:Fish:30410,MSB 30410-3,Hybognathus amarus,1996,6,28,JAR8740F,BP,06-25-2025,06-27-2025,74,59,4025,KL,F,NA,,0,0,0,0,0,0,0,0,0,0,0,0,0,0,0,0,0,0,0,0,0,0,0,0,0,0,11,0,4,0,0,0,0,0,0,0,0,0,0,0,0,0,0,0,0,3,0,0,0,0,0,,MSB 30410-3,Hybognathus amarus,JAR8740F,Digenea,3,kl,kl,Metacercariae,flush,70% etoh,P6L2H,MSB 30410-3,TREM.D.FLUSH,3,,Diplostomatidae,11,KL,KL,Metacercariae,Connective tissue,70% etoh,P6L2I,MSB 30410-3,TREM.DIPLO.CONN,3,,Digenea,4,KL,KL,Metacercariae,Connective tissue,70% etoh,P6L2J,MSB 30410-3,TREM.B.CONN,3,,,,,,,,,,,,,,,,,,,,,,,,,
MSB:Fish:43490,MSB 43490-5,Hybognathus amarus,1999,10,11,JAR8746F,BP,06-26-2025,06-27-2025,60,51,2094,CLW,F,NA,,0,0,0,0,0,0,0,0,0,0,0,0,0,0,0,0,0,1,0,0,0,0,0,0,0,0,4,0,0,0,0,0,0,0,0,0,0,0,0,0,NA,0,0,0,0,0,0,0,0,0,0,,MSB 43490-5,Hybognathus amarus,JAR8746F,Diplostomatidae,1,CLW,CLW,Metacercariae,Liver,70% etoh,P6L0E,MSB 43490-5,TREM.DIPLO.LIVER,3,,Diplostomatidae,4,CLW,CLW,Metacercariae,Connective tissue,70% etoh,P6L0F,MSB 43490-5,TREM.DIPLO.CONN,3,,,,,,,,,,,,,,,,,,,,,,,,,,,,,,,,,,,,,
MSB:Fish:68528,MSB 68528-3,Hybognathus amarus,1984,8,16,JAR8732F,BP,06-25-2025,06-27-2025,67,53,2767,JG CW,NA,NA,50% ISOH,0,0,0,0,0,0,0,0,0,0,0,0,0,0,0,0,0,0,0,0,0,0,,0,0,0,6,0,0,0,0,0,0,0,0,0,0,0,0,0,0,0,0,0,0,0,1,0,0,0,0,,MSB 68528-3,Hybognathus amarus,JAR8732F,Diplostomatidae,1,CW,CW,Metacercariae,flush,70% etoh,P6L2L,MSB 68528-3,TREM.DIPLO.FLUSH,3,,Diplostomatidae,6,CW,CW,Metacercariae,Connective tissue,70% etoh,P6L2M,MSB 68528-3,TREM.DIPLO.CONN,3,,,,,,,,,,,,,,,,,,,,,,,,,,,,,,,,,,,,,
MSB:Fish:30810,MSB 30810-5,Hybognathus amarus,1996,2,7,JAR8741F,BP,06-25-2025,06-27-2025,63,52,2142,CW,NA,NA,,0,0,0,0,7,0,0,0,0,0,0,0,0,0,0,10,0,0,0,0,0,0,0,0,0,0,0,0,0,0,0,0,0,0,0,0,0,0,0,0,0,1,0,0,0,0,0,0,0,0,0,,MSB 30810-5,Hybognathus amarus,JAR8741F,Gyrodactylidae,10,CW,CW,Adult,dorsal fin,70% etoh,P6JY3,MSB 30810-5,MONO.GYRO.FIN,3,,Gyrodactylidae,7,CW,CW,Adult,Pectoral fin,70% etoh,P6L2G,MSB 30810-5,MONO.GYRO.FIN,3,,Gyrodactylidae,1,CW,CW,Adult,Flush,70% etoh,P6L2K,MSB 30810-5,MONO.GYRO.FLUSH,3,,,,,,,,,,,,,,,,,,,,,,,,,
MSB:Fish:4423,MSB 4423-4,Hybognathus amarus,1978,8,3,JAR8724F,BP,06-30-2025,06-30-2025,44,36,880,KL,NA,NA,,0,0,0,0,0,0,0,0,0,0,0,0,0,0,0,0,0,0,0,0,0,0,0,0,0,0,12,0,0,0,0,0,0,0,0,0,0,0,0,0,0,0,0,0,0,0,0,0,0,0,0,,MSB 4423-4,Hybognathus amarus,JAR8724F,Diplostomatidae,12,KL,KL,Metacercariae,Connective tissue,70% etoh,P6L1I,MSB 4423-4,TREM.DIPLO.CONN,3,,,,,,,,,,,,,,,,,,,,,,,,,,,,,,,,,,,,,,,,,,,,,,,,,
MSB:Fish:4423,MSB 4423-1,Hybognathus amarus,1978,8,3,JAR8758F,EO,06-30-2025,06-30-2025,46,37,1128,GC,NA,Vegetation,,0,0,0,0,0,0,0,0,0,0,0,0,0,0,0,0,0,0,0,0,0,0,0,0,0,0,3,0,0,0,0,0,0,0,0,0,0,0,0,0,0,0,0,0,0,4,1,0,0,0,0,1 TREM.DIPLO.FLUSH destroyed while popping cyst,MSB 4423-1,Hybognathus amarus,JAR8758F,Digenea,4,GC,GC,Metacercariae,Connective tissue,70% etoh,P6L0G,MSB 4423-1,TREM.D.FLUSH,3,,Diplostomatidae,3,GC,GC,Metacercariae,Connective tissue,70% etoh,P6L0H,MSB 4423-1,TREM.DIPLO.CONN,3,,,,,,,,,,,,,,,,,,,,,,,,,,,,,,,,,,,,,
MSB:Fish:7788,MSB 7788-2,Hybognathus amarus,1988,5,25,JAR8769F,BP,06-30-2025,06-30-2025,69,53,2804,KL,NA,NA,,0,0,0,0,0,0,0,0,0,0,0,0,0,0,0,0,0,0,0,0,0,0,0,0,0,0,0,0,0,0,0,0,0,0,0,0,1,0,0,0,NA,0,0,0,0,0,0,0,0,0,0,,MSB 7788-2,Hybognathus amarus,JAR8769F,Gyrodactylidae sp 1,1,KL,KL,Adult,Gill,70% etoh,P6L1K,MSB 7788-2,MONO.GYRO.GILL,3,,,,,,,,,,,,,,,,,,,,,,,,,,,,,,,,,,,,,,,,,,,,,,,,,
MSB:Fish:4384,MSB 4384-1,Hybognathus amarus,1978,9,23,JAR8750F,BP,06-30-2025,06-30-2025,67,55,3024,CW,NA,NA,,0,0,0,0,0,0,0,0,0,0,0,0,0,0,0,0,0,0,0,0,0,0,0,0,0,0,15,0,0,0,0,0,0,0,0,0,0,0,0,0,0,0,0,0,0,0,0,0,0,0,0,,MSB 4384-1,Hybognathus amarus,JAR8750F,Diplostomatidae,15,CW,CW,Metacercariae,Connective tissue,70% etoh,P6L1L,MSB 4384-1,TREM.DIPLO.CONN,3,,,,,,,,,,,,,,,,,,,,,,,,,,,,,,,,,,,,,,,,,,,,,,,,,
MSB:Fish:4384,MSB 4384-2,Hybognathus amarus,1978,9,23,JAR8757F,EO,06-30-2025,06-30-2025,64,49,2390,CW,NA,NA,,0,0,0,0,0,0,0,0,0,0,0,0,0,0,0,0,0,0,0,0,0,0,0,0,0,0,4,0,0,0,0,0,0,0,0,0,0,0,0,0,0,0,0,0,0,0,0,0,0,0,1,,MSB 4384-2,Hybognathus amarus,JAR8757F,Lernaea sp.,1,CW,CW,Adult,Flush,70% etoh,P6L1H,MSB 4384-2,COPE.LERN.FLUSH,3,,Diplostomatidae,4,CW,CW,Metacercariae,Connective tissue,70% etoh,P6L1J,MSB 4384-2,TREM.DIPLO.CONN,3,,,,,,,,,,,,,,,,,,,,,,,,,,,,,,,,,,,,,
MSB:Fish:4384,MSB 4384-3,Hybognathus amarus,1978,9,23,JAR8748F,BP,06-30-2025,06-30-2025,55,44,1919,KL,F,NA,,0,0,0,0,0,0,0,0,0,0,0,0,0,0,0,0,0,0,0,0,0,0,0,0,0,0,0,0,0,0,0,0,0,0,0,0,0,0,0,0,0,0,0,0,0,0,0,0,0,0,0,,,,,,,,,,,,,,,,,,,,,,,,,,,,,,,,,,,,,,,,,,,,,,,,,,,,,,,,,,,,,,,,
MSB:Fish:4432,MSB 4432-3,Hybognathus amarus,1978,9,8,JAR8727F,BP,06-30-2025,06-30-2025,39,31,570,CW,NA,NA,,0,0,0,0,0,0,0,0,0,0,0,0,0,0,0,0,0,0,0,0,0,0,0,0,0,0,2,0,0,0,0,0,0,0,0,0,0,0,0,1,0,0,0,0,0,0,0,0,0,0,0,,MSB 4432-3,Hybognathus amarus,JAR8727F,Digenea,1,CW,CW,Metacercariae,Gill,70% etoh,P6L1M,MSB 4432-3,META.UNK.GILL,3,encysted but nondescript ,Diplostomatidae,2,CW,CW,Metacercariae,Connective tissue,70% etoh,P6L1N,MSB 4432-3,TREM.DIPLO.CONN,3,,,,,,,,,,,,,,,,,,,,,,,,,,,,,,,,,,,,,
MSB:Fish:4384,MSB 4384-4,Hybognathus amarus,1978,9,23,JAR8752F,EO,06-30-2025,06-30-2025,63,49,2458,GC,NA,Vegetation,,0,0,0,0,0,0,0,0,0,0,0,0,0,0,0,0,0,0,0,0,0,0,0,0,0,0,2,0,0,0,0,0,0,0,0,0,0,0,0,0,0,0,0,0,0,0,0,0,0,2,0,,MSB 4384-4,Hybognathus amarus,JAR8752F,Digenea,2,GC,GC,Metacercariae,Flush,70% etoh,P6L0I,MSB 4384-4,TREM.RIDGE.FLUSH,3,,Diplostomatidae,2,GC,GC,Metacercariae,Connective tissue,70% etoh,P6L0J,MSB 4384-4,TREM.DIPLO.CONN,3,,,,,,,,,,,,,,,,,,,,,,,,,,,,,,,,,,,,,
MSB:Fish:4384,MSB 4384-5,Hybognathus amarus,1978,9,23,JAR8756F,BP,06-30-2025,06-30-2025,63,51,2594,KL,NA,NA,,0,0,0,0,0,0,0,0,0,0,0,0,0,0,0,0,0,0,0,0,0,0,0,0,0,0,6,0,3,0,0,0,0,0,0,0,0,0,0,0,0,0,0,0,0,0,0,0,0,1,0,,MSB 4384-5,Hybognathus amarus,JAR8756F,Diplostomatidae,6,KL,KL,Metacercariae,Connective tissue,70% etoh,P6L1O,MSB 4384-5,TREM.DIPLO.CONN,3,,Digenea,3,KL,KL,Metacercariae,Connective tissue,70% etoh,P6L1P,MSB 4384-5,TREM.B.CONN,3,,Digenea,1,KL,KL,Metacercariae,Flush,70% etoh,P6L1Q,MSB 4384-5,TREM.RIDGE.FLUSH,3,,,,,,,,,,,,,,,,,,,,,,,,,
MSB:Fish:4432,MSB 4432-4,Hybognathus amarus,1978,9,8,JAR8729F,EO,06-30-2025,06-30-2025,39,29,548,CW,NA,NA,,0,0,0,0,0,0,0,0,0,0,0,0,0,0,0,0,0,0,0,0,0,0,0,0,0,0,5,0,0,0,0,0,0,0,0,0,0,0,0,0,0,0,0,0,0,0,0,0,0,0,0,,MSB 4432-4,Hybognathus amarus,JAR8729F,Diplostomatidae,5,CW,CW,Metacercariae,Connective tissue,70% etoh,P6L1T,MSB 4432-4,TREM.DIPLO.CONN,3,,,,,,,,,,,,,,,,,,,,,,,,,,,,,,,,,,,,,,,,,,,,,,,,,
MSB:Fish:30075,MSB 30075-3,Hybognathus amarus,1996,4,10,JAR8774F,JG,06-30-2025,06-30-2025,57,46,1641,GC,NA,NA,,0,0,0,0,0,0,0,0,0,0,0,0,0,0,0,0,0,0,0,0,0,0,0,0,0,0,2,0,0,0,0,0,0,0,0,0,0,0,0,0,NA,0,0,0,0,0,0,0,0,0,0,,MSB 30075-3,Hybognathus amarus,JAR8774F,Diplostomatidae,2,GC,GC,Metacercariae,Connective tissue,70% etoh,P6L0K,MSB 30075-3,TREM.DIPLO.CONN,3,,,,,,,,,,,,,,,,,,,,,,,,,,,,,,,,,,,,,,,,,,,,,,,,,
MSB:Fish:4432,MSB 4432-5,Hybognathus amarus,1978,9,8,JAR8753F,BP,06-30-2025,06-30-2025,35,26,360,JG GC,NA,NA,,0,0,0,0,0,0,0,0,0,0,0,0,0,0,0,0,0,0,0,0,0,0,0,0,0,0,3,0,0,0,0,0,0,0,0,0,0,0,0,0,0,0,0,0,0,0,0,0,0,0,0,,MSB 4432-5,Hybognathus amarus,JAR8753F,Diplostomatidae,3,GC,GC,Metacercariae,Connective tissue,70% etoh,P6L0L,MSB 4432-5,TREM.DIPLO.CONN,3,,,,,,,,,,,,,,,,,,,,,,,,,,,,,,,,,,,,,,,,,,,,,,,,,
MSB:Fish:30075,MSB 30075-5,Hybognathus amarus,1996,4,10,JAR8776,EO,06-30-2025,06-30-2025,68,54,3090,EO KL ,F,NA,,0,0,0,0,0,0,0,0,0,0,0,0,0,0,0,0,0,0,0,0,0,0,0,0,0,0,0,0,0,0,0,0,0,0,0,0,0,0,0,0,NA,0,0,0,0,0,0,0,0,0,0,,,,,,,,,,,,,,,,,,,,,,,,,,,,,,,,,,,,,,,,,,,,,,,,,,,,,,,,,,,,,,,,
MSB:Fish:30075,MSB 30075-2,Hybognathus amarus,1996,4,10,JAR8778F,EO,06-30-2025,06-30-2025,70,57,3072,CW,NA,NA,,0,0,0,0,0,0,0,0,0,0,0,0,0,0,0,0,0,0,0,0,0,0,0,0,0,0,0,0,0,0,0,0,0,0,0,0,0,0,0,0,0,0,0,0,0,1,0,0,0,0,0,,MSB 30075-2,Hybognathus amarus,JAR8778F,Digenea,1,CW,CW,Adult,Flush,70% etoh,P6L1U,MSB 30075-2,TREM.D.FLUSH,3,,,,,,,,,,,,,,,,,,,,,,,,,,,,,,,,,,,,,,,,,,,,,,,,,
MSB:Fish:1154,MSB 1154-3,Hybognathus amarus,1949,10,21,JAR8768,BP,06-30-2025,06-30-2025,60,48,1790,BP,NA,NA,,0,0,0,0,0,0,0,0,0,0,0,0,0,0,0,0,0,0,0,0,0,0,0,0,0,2,0,0,0,0,0,0,0,0,0,4,0,2,0,0,0,0,0,0,0,0,0,0,0,0,0,Lost 1 MONO and broken,MSB 1154-3,Hybognathus amarus,JAR8768F,Monogenean unknown sp.,1,BP,BP,NA,Gill,70% etoh,P6L1S,MSB 1154-3,MONO.UNK.GILL,3,Lost 1 mono and broken,Dactylogyrus,4,BP,BP,Adult,Gill,70% etoh,P6L1R,MSB 1154-3,MONO.DACT.GILL,3,,Diplostomatidae,2,BP,BP,NA,Connective tissue,70% etoh,P6JYW,MSB 1154-3,TREM.DIPLO.CONN,3,,,,,,,,,,,,,,,,,,,,,,,,,
MSB:Fish:7788,MSB 7788-5,Hybognathus amarus,1988,5,25,JAR8762F,EO,06-30-2025,06-30-2025,60,47,2139,KL,NA,NA,,0,0,0,0,0,0,0,0,0,0,0,0,0,0,0,0,0,0,0,0,0,0,0,0,0,0,0,0,0,0,0,0,0,0,0,0,0,0,0,0,0,0,0,0,1,0,0,0,0,0,0,,MSB 7788-5,Hybognathus amarus,JAR8762F,Digenea,1,KL,KL,NA,Flush,70% etoh,P6L0Q,MSB 7788-5,TREM.B.FLUSH,3,,,,,,,,,,,,,,,,,,,,,,,,,,,,,,,,,,,,,,,,,,,,,,,,,
MSB:Fish:30075,MSB 30075-1,Hybognathus amarus,1996,4,10,JAR8777F,JG,06-30-2025,06-30-2025,55,45,1416,KL,F,NA,,0,0,0,0,0,0,0,0,0,0,0,1,0,0,0,0,0,0,0,0,0,0,0,0,0,0,0,0,2,0,0,0,0,0,0,0,0,0,0,0,0,0,0,0,0,0,0,0,0,0,0,TREM.FIM not removed because it would cause damage to fin,MSB 30075-1,Hybognathus amarus,JAR8777F,Digenea,2,KL,KL,NA,Connective tissue,70% etoh,P6L1V,MSB 30075-1,TREM.B.CONN,3,,,,,,,,,,,,,,,,,,,,,,,,,,,,,,,,,,,,,,,,,,,,,,,,,
MSB:Fish:1154,MSB 1154-5,Hybognathus amarus,1949,10,21,JAR8772F,BP,06-30-2025,06-30-2025,44,34,644,BP,F,NA,,0,0,0,0,0,0,0,0,0,0,0,0,0,0,0,0,0,0,0,0,0,0,0,0,0,0,2,0,0,0,0,0,0,0,0,0,0,0,0,0,0,0,0,0,0,0,0,0,0,0,0,,MSB 1154-5,Hybognathus amarus,JAR8772F,Diplostomatidae,2,BP,BP,NA,Connective tissue,70% etoh,P6L0R,MSB 1154-5,TREM.DIPLO.CONN,3,,,,,,,,,,,,,,,,,,,,,,,,,,,,,,,,,,,,,,,,,,,,,,,,,
MSB:Fish:30075,MSB 30075-4,Hybognathus amarus,1996,4,10,JAR8775F,EO,06-30-2025,06-30-2025,63,49,2305,GC,NA,NA,,0,0,0,0,0,0,0,0,0,0,0,0,0,0,0,0,0,0,1,0,0,0,0,0,0,0,1,0,0,0,0,0,0,0,0,0,0,0,0,0,0,0,0,0,0,0,0,0,1,0,0,,MSB 30075-4,Hybognathus amarus,JAR8775F,Digenea,1,GC,GC,Metacercariae,Flush,70% etoh,P6L0N,MSB 30075-4,TREM.L.FLUSH,3,,Digenea,1,GC,GC,Metacercariae,Liver,70% etoh,P6L1G,MSB 30075-4,TREM.D.LIVER,3,,Diplostomatidae,1,GC,GC,NA,Connective tissue,70% etoh,P6L1F,MSB 30075-4,TREM.DIPLO.CONN,3,,,,,,,,,,,,,,,,,,,,,,,,,
MSB:Fish:1154,MSB 1154-4,Hybognathus amarus,1949,10,21,JAR8770F,EO,06-30-2025,06-30-2025,54,43,1207,CW,NA,NA,,0,0,0,0,0,0,0,0,0,0,0,0,0,0,0,0,0,0,0,0,0,0,0,0,0,0,3,0,0,0,0,0,0,0,0,0,0,0,0,0,0,0,0,0,0,0,0,0,0,0,0,,MSB 1154-4,Hybognathus amarus,JAR8770F,Diplostomatidae,3,CW,CW,Metacercariae,Connective tissue,70% etoh,P6L0S,MSB 1154-4,TREM.DIPLO.CONN,3,,,,,,,,,,,,,,,,,,,,,,,,,,,,,,,,,,,,,,,,,,,,,,,,,
MSB:Fish:4432,MSB 4432-2,Hybognathus amarus,1978,9,8,JAR8722F,EO,06-30-2025,07-01-2025,52,42,1431,EO GC,NA,NA,,0,0,0,0,0,0,0,0,0,0,0,0,0,0,0,0,0,0,0,0,0,0,0,0,0,0,0,0,0,0,0,0,0,0,0,0,0,0,0,0,0,0,0,0,0,0,0,0,0,1,0,,MSB 4432-2,Hybognathus amarus,JAR8722F,Digenea,1,GC,GC,NA,Flush,70% etoh,P6L1E,MSB 4432-2,TREM.RIDGE.FLUSH,3,,,,,,,,,,,,,,,,,,,,,,,,,,,,,,,,,,,,,,,,,,,,,,,,,
MSB:Fish:4423,MSB 4423-5,Hybognathus amarus,1978,8,3,JAR8751F,EO,06-30-2025,07-01-2025,42,33,832,CW,NA,NA,,0,0,0,0,0,0,0,0,0,0,0,0,0,0,0,0,0,0,0,0,0,0,0,0,0,0,9,0,0,0,0,0,0,0,0,0,0,0,0,0,0,0,0,0,0,0,0,0,0,0,0,,MSB 4423-5,Hybognathus amarus,JAR8751F,Diplostomatidae,9,CW,CW,Metacercariae,Connective tissue,70% etoh,P6L0T,MSB 4423-5,TREM.DIPLO.CONN,3,,,,,,,,,,,,,,,,,,,,,,,,,,,,,,,,,,,,,,,,,,,,,,,,,
MSB:Fish:4423,MSB 4423-3,Hybognathus amarus,1978,8,3,JAR8726F,EO,06-30-2025,07-01-2025,47,37,1155,KL,NA,NA,,0,0,0,0,0,0,0,0,0,0,0,0,0,0,0,0,0,0,0,0,0,0,0,0,0,0,16,0,0,0,0,0,0,0,0,0,0,0,0,0,0,0,0,0,0,1,0,0,0,2,0,,MSB 4423-3,Hybognathus amarus,JAR8726F,Diplostomatidae,16,KL,KL,Metacercariae,Connective tissue,70% etoh,P6L0W,MSB 4423-3,TREM.DIPLO.CONN,3,,Digenea,1,KL,KL,Metacercariae,Flush,70% etoh,P6L0U,MSB 4423-3,TREM.D.FLUSH,3,,Digenea,2,KL,KL,Metacercariae,Flush,70% etoh,P6L0V,MSB 4423-3,TREM.RIDGE.FLUSH,3,,,,,,,,,,,,,,,,,,,,,,,,,
MSB:Fish:1160,MSB 1160-1,Hybognathus amarus,1939,1,28,JAR8781F,JG,07-01-2025,07-01-2025,51,43,1112,GC,NA,NA,,0,0,0,0,0,0,0,0,0,0,0,0,0,0,0,0,0,0,0,0,0,0,0,0,0,0,93,0,0,0,0,0,0,0,0,1,0,0,0,0,0,0,0,0,0,0,0,0,0,0,0,,MSB 1160-1,Hybognathus amarus,JAR8781F,Dactylogyrus,1,GC,GC,Adult,Gill,70% etoh,P6L1D,MSB 1160-1,MONO.DACT.GILL,3,,Diplostomatidae,93,GC,GC,Metacercariae,Connective tissue,70% etoh,P6L1C,MSB 1160-1,TREM.DIPLO.CONN,3,,,,,,,,,,,,,,,,,,,,,,,,,,,,,,,,,,,,,
MSB:Fish:4423,MSB 4423-2,Hybognathus amarus,1978,8,3,JAR8754F,BP,06-30-2025,07-01-2025,49,38,1164,CW,NA,NA,,0,0,0,0,0,0,0,0,0,0,0,0,0,0,0,0,0,0,0,0,0,0,0,0,0,0,2,0,0,0,0,0,0,0,0,0,0,0,0,0,0,0,0,0,0,0,0,0,0,0,0,,MSB 4423-2,Hybognathus amarus,JAR8754F,Diplostomatidae,2,CW,CW,Metacercariae,Connective tissue,70% etoh,P6L1X,MSB 4423-2,TREM.DIPLO.CONN,3,,,,,,,,,,,,,,,,,,,,,,,,,,,,,,,,,,,,,,,,,,,,,,,,,
MSB:Fish:4987,MSB 4987-5,Hybognathus amarus,1977,7,6,JAR8788F,JG,07-01-2025,07-01-2025,40,33,672,GC,NA,NA,,0,0,0,0,0,0,0,0,0,0,0,0,0,0,0,0,0,0,0,0,0,0,0,0,0,0,27,0,0,0,0,0,0,0,0,0,0,0,3,0,0,0,0,0,0,0,0,0,0,0,0,,MSB 4987-5,Hybognathus amarus,JAR8788F,Myxozoan unknown sp.,3,GC,GC,Myxo spore,Gill,70% etoh,P6L1A,MSB 4987-5,MYXO.B.GILL,3,,Diplostomatidae,27,GC,GC,Metacercariae,Connective tissue,70% etoh,P6L19,MSB 4987-5,TREM.DIPLO.CONN,3,,,,,,,,,,,,,,,,,,,,,,,,,,,,,,,,,,,,,
MSB:Fish:1154,MSB 1154-2,Hybognathus amarus,1949,10,21,JAR8773F,EO,06-30-2025,07-01-2025,66,52,2229,KL,F,NA,,0,0,0,0,0,0,0,0,0,0,0,0,0,0,0,0,0,0,0,0,0,0,0,0,0,0,0,0,0,0,0,0,0,0,0,6,0,0,0,0,0,0,0,0,0,0,0,0,0,0,0,,MSB 1154-2,Hybognathus amarus,JAR8773F,Dactylogyrus,6,KL,KL,NA,Gill,70% etoh,P6L0Y,MSB 1154-2,MONO.DACT.GILL,3,,,,,,,,,,,,,,,,,,,,,,,,,,,,,,,,,,,,,,,,,,,,,,,,,
MSB:Fish:7788,MSB 7788-4,Hybognathus amarus,2988,5,25,JAR8764F,BP,06-30-2025,07-01-2025,56,45,1819,BP,NA,NA,,0,0,0,0,0,0,0,0,0,0,0,0,0,0,0,0,NA,0,0,0,0,0,0,0,0,0,2,0,0,0,0,0,0,0,0,0,0,0,0,0,0,0,0,0,0,0,0,0,0,0,0,,MSB 7788-4,Hybognathus amarus,JAR8764F,Diplostomatidae,2,BP,BP,Metacercariae,Connective tissue,70% etoh,P6JYX,MSB 7788-4,TREM.DIPLO.CONN,4,,,,,,,,,,,,,,,,,,,,,,,,,,,,,,,,,,,,,,,,,,,,,,,,,
MSB:Fish:4206,MSB 4206-2,Hybognathus amarus,1978,9,8,JAR8850F,EO,07-01-2025,07-01-2025,40,31,665,CW,NA,NA,,0,0,0,0,0,0,0,0,0,0,0,0,0,0,0,0,0,0,0,0,0,0,0,0,0,0,2,0,0,0,0,0,0,0,0,0,0,0,0,0,0,0,0,0,0,0,0,0,0,0,0,,MSB 4206-2,Hybognathus amarus,JAR8850F,Diplostomatidae,2,CW,CW,Metacercariae,Connective tissue,70% etoh,P6L1Y,MSB 4206-2,TREM.DIPLO.CONN,4,,,,,,,,,,,,,,,,,,,,,,,,,,,,,,,,,,,,,,,,,,,,,,,,,
MSB:Fish:4206,MSB 4206-4,Hybognathus amarus,1978,9,8,JAR8852F,EO,07-01-2025,07-01-2025,37,29,503,GC,NA,NA,,0,0,0,0,0,0,0,0,0,0,0,0,0,0,0,0,0,0,0,0,0,0,0,0,0,0,2,0,0,0,0,0,0,0,0,0,0,0,0,0,0,0,0,0,0,0,0,0,0,0,0,,MSB 4206-4,Hybognathus amarus,JAR8852F,Diplostomatidae,2,GC,GC,Metacercariae,Connective tissue,70% etoh,P6L18,MSB 4206-4,TREM.DIPLO.CONN,4,,,,,,,,,,,,,,,,,,,,,,,,,,,,,,,,,,,,,,,,,,,,,,,,,
MSB:Fish:7788,MSB 7788-1,Hybognathus amarus,1988,5,25,JAR8763F,EO,06-30-2025,07-01-2025,64,51,2418,KL,NA,Arthropod,,0,0,0,0,0,0,0,0,0,0,0,0,0,0,0,0,0,0,0,0,0,0,0,0,0,0,0,0,0,0,0,0,0,0,0,0,0,0,0,0,0,0,0,0,0,0,0,0,0,0,0,,,,,,,,,,,,,,,,,,,,,,,,,,,,,,,,,,,,,,,,,,,,,,,,,,,,,,,,,,,,,,,,
MSB:Fish:4432,MSB 4432-1,Hybognathus amarus,1978,9,8,JAR8759F,BP,06-30-2025,07-01-2025,39,30,568,JG,NA,NA,,0,0,0,0,0,0,0,0,0,0,0,0,0,0,0,0,0,0,0,0,0,1,0,0,0,0,39,0,0,0,0,0,0,0,0,0,0,0,0,0,NA,0,0,0,0,0,4,0,0,0,0,,MSB 4432-1,Hybognathus amarus,JAR8759F,Diplostomatidae,1,JG,JG,Metacercariae,Eye,70% etoh,P6L0M,MSB 4432-1,TREM.DIPLO.EYE,4,,Diplostomatidae,4,JG,JG,Metacercariae,Flush,70% etoh,P6L0P,MSB 4432-1,TREM.DIPLO.FLUSH,4,1 found on the anal fin,Diplostomatidae,39,JG,JG,Metacercariae,Connective tissue,70% etoh,P6L0O,MSB 4432-1,TREM.DIPLO.CONN,4,,,,,,,,,,,,,,,,,,,,,,,,,
MSB:Fish:1160,MSB 1160-3,Hybognathus amarus,1939,1,28,JAR8784F,JG,07-01-2025,07-01-2025,51,42,1253,CW,NA,NA,,0,0,0,0,0,0,0,0,0,0,0,0,0,0,0,0,0,0,0,0,0,0,0,0,0,0,20,0,0,0,0,0,0,0,0,1,0,0,0,0,0,0,0,0,0,0,0,0,0,0,0,,MSB 1160-3,Hybognathus amarus,JAR8784F,Dactylogyrus,1,CW,CW,Adult,Gill,70% etoh,P6L0X,MSB 1160-3,MONO.DACT.GILL,4,,Diplostomatidae,20,CW,CW,Metacercariae,Connective tissue,70% etoh,P6L1W,MSB 1160-3,TREM.DIPLO.CONN,4,,,,,,,,,,,,,,,,,,,,,,,,,,,,,,,,,,,,,
MSB:Fish:7788,MSB 7788-3,Hybognathus amarus,1988,5,25,JAR8767F,EO,06-30-2025,07-01-2025,69,55,3017,KL,NA,NA,,0,0,0,0,0,0,0,0,0,0,0,0,0,0,0,0,0,0,0,0,0,0,0,0,0,0,1,1,0,0,0,0,0,0,0,0,0,0,0,0,0,0,0,0,0,0,0,0,0,0,0,,MSB 7788-3,Hybognathus amarus,JAR8767F,Diplostomatidae,1,KL,KL,NA,Connective tissue,70% etoh,P6L0Z,MSB 7788-3,TREM.DIPLO.CONN,4,,Digenea,1,KL,KL,NA,Connective tissue,70% etoh,P6L10,MSB 7788-3,TREM.L.CONN,4,,,,,,,,,,,,,,,,,,,,,,,,,,,,,,,,,,,,,
MSB:Fish:4206,MSB 4206-5,Hybognathus amarus,1978,9,8,JAR8854F,EO,07-01-2025,07-01-2025,36,29,433,JG KL,NA,NA,,0,0,0,0,0,0,0,0,0,0,0,0,0,0,0,0,0,0,0,0,0,0,0,0,0,0,0,0,1,0,0,0,0,0,0,0,0,0,0,0,0,0,0,0,0,0,0,0,0,0,0,,MSB 4206-5,Hybognathus amarus,JAR8854F,Digenea ,1,KL,KL,Metacercariae,Connective tissue,70% etoh,P6L11,MSB 4206-5,TREM.B.CONN,4,,,,,,,,,,,,,,,,,,,,,,,,,,,,,,,,,,,,,,,,,,,,,,,,,
MSB:Fish:1160,MSB 1160-5,Hybognathus amarus,1939,1,28,JAR8782F,EO,07-01-2025,07-01-2025,51,40,1021,GC,NA,NA,,0,0,0,0,0,0,0,0,0,0,0,0,0,0,0,0,0,0,0,0,0,0,0,0,0,0,34,0,0,0,0,0,0,0,0,1,0,0,0,0,0,0,0,0,0,0,0,0,0,0,0,,MSB 1160-5,Hybognathus amarus,JAR8782F,Dactylogyrus sp. 1,1,GC,GC,Adult,Gill,70% etoh,P6L17,MSB 1160-5,MONO.DACT.GILL,4,,Diplostomatidae,34,GC,GC,Metacercariae,Connective tissue,70% etoh,P6L16,MSB 1160-5,TREM.DIPLO.CONN,4,,,,,,,,,,,,,,,,,,,,,,,,,,,,,,,,,,,,,
MSB:Fish:68501,MSB 68501-1,Hybognathus amarus,1984,8,15,JAR8786F,JG,07-01-2025,07-01-2025,35,26,349,GC,NA,NA,50% ISOH,0,0,0,0,0,0,0,0,0,0,0,0,0,0,0,0,0,0,0,0,0,0,0,0,0,0,0,0,0,0,0,0,0,0,0,0,0,0,0,0,NA,0,0,0,0,0,0,0,0,0,0,,,,,,,,,,,,,,,,,,,,,,,,,,,,,,,,,,,,,,,,,,,,,,,,,,,,,,,,,,,,,,,,
MSB:Fish:4206,MSB 4206-3,Hybognathus amarus,1978,9,8,JAR8847F,EO,07-01-2025,07-01-2025,39,30,567,KL,NA,NA,,0,0,0,0,0,0,0,0,0,0,0,0,0,0,0,0,0,0,0,0,0,0,0,0,0,0,10,0,0,0,0,0,0,0,0,0,0,0,0,0,0,0,0,0,0,0,0,0,0,0,0,,MSB 4206-3,Hybognathus amarus,JAR8847F,Diplostomatidae,10,KL,KL,Metacercariae,Connective tissue,70% etoh,P6L1Z,MSB 4206-3,TREM.DIPLO.CONN,4,,,,,,,,,,,,,,,,,,,,,,,,,,,,,,,,,,,,,,,,,,,,,,,,,
MSB:Fish:4206,MSB 4206-1,Hybognathus amarus,1978,9,8,JAR8848F,EO,07-01-2025,07-01-2025,43,33,739,JG KL,NA,NA,,0,0,0,0,0,0,0,0,0,0,0,0,0,0,0,0,0,0,0,0,0,,0,0,0,0,5,0,0,0,0,0,0,0,0,0,0,0,0,0,0,0,0,0,0,0,0,0,0,0,0,,MSB 4206-1,Hybognathus amarus,JAR8848F,Diplostomatidae,5,JG KL,JG KL,Metacercariae,Connective tissue,70% etoh,P6L2Q,MSB 4206-1,TREM.DIPLO.CONN,4,,,,,,,,,,,,,,,,,,,,,,,,,,,,,,,,,,,,,,,,,,,,,,,,,
MSB:Fish:4987,MSB 4987-4,Hybognathus amarus,1977,7,6,JAR8853F,EO,07-01-2025,07-01-2025,47,37,1163,BP,NA,NA,,0,0,0,0,0,0,0,0,0,0,0,0,0,0,0,0,NA,0,0,0,0,0,0,0,0,0,3,0,0,0,0,0,0,0,0,0,0,0,0,0,0,0,0,0,0,1,0,0,0,0,0,,MSB 4987-4,Hybognathus amarus,JAR8853F,Diplostomatidae,3,BP,BP,Metacercariae,Connective tissue,70% etoh,P6L20,MSB 4987-4,TREM.DIPLO.CONN,4,,Digenea,1,BP,BP,Metacercariae,Flush,70% etoh,P6L21,MSB 4987-4,TREM.D.FLUSH,4,,,,,,,,,,,,,,,,,,,,,,,,,,,,,,,,,,,,,
MSB:Fish:1160,MSB 1160-4,Hybognathus amarus,1939,1,28,JAR8780F,JG,07-01-2025,07-01-2025,50,41,1020,GC,F,NA,,0,0,0,0,0,0,0,0,0,0,0,0,0,0,0,0,0,0,0,0,0,0,0,0,0,0,15,0,0,0,0,0,0,0,0,0,0,0,3,0,0,0,0,0,0,0,29,0,0,0,0,,MSB 1160-4,Hybognathus amarus,JAR8780F,Myxozoa,3,GC,GC,Myxo spore,Gill,70% etoh,P6L15,MSB 1160-4,MYXO.B.GILL,4,,Diplostomatidae,29,GC,GC,Metacercariae,Flush,70% etoh,P6L14,MSB 1160-4,TREM.DIPLO.FLUSH,4,,Diplostomatidae,15,GC,GC,Metacercariae,Connective tissue,70% etoh,P6L13,MSB 1160-4,TREM.DIPLO.CONN,4,,,,,,,,,,,,,,,,,,,,,,,,,
MSB:Fish:68501,MSB 68501-4,Hybognathus amarus,1984,8,15,JAR8787F,JG,07-01-2025,07-01-2025,79,64,4731,CW,NA,NA,50% ISOH,0,0,0,0,0,0,0,0,0,0,0,0,0,0,0,0,0,0,0,0,0,0,0,0,0,0,2,0,0,0,0,0,0,0,0,0,0,0,0,0,NA,0,0,0,0,0,0,0,0,0,0,,MSB 68501-4,Hybognathus amarus,JAR8787F,Diplostomatidae,2,CW,CW,Metacercariae,Connective tissue,70% etoh,P6L22,MSB 68501-4,TREM.DIPLO.CONN,4,,,,,,,,,,,,,,,,,,,,,,,,,,,,,,,,,,,,,,,,,,,,,,,,,
MSB:Fish:4987,MSB 4987-1,Hybognathus amarus,1977,7,6,JAR8849F,JG,07-01-2025,07-01-2025,52,40,1450,KL,NA,NA,,0,0,0,0,0,0,0,0,0,0,0,0,0,0,0,0,0,0,0,0,0,0,0,0,0,0,0,0,1,0,0,0,0,0,0,0,0,0,0,0,0,0,0,0,0,0,0,0,0,0,0,,MSB 4987-1,Hybognathus amarus,JAR8849F,Digenea,1,KL,KL,Metacercariae,Connective tissue,70% etoh,P6L2R,MSB 4987-1,TREM.B.CONN,4,,,,,,,,,,,,,,,,,,,,,,,,,,,,,,,,,,,,,,,,,,,,,,,,,
MSB:Fish:1154,MSB 1154-1,Hybognathus amarus,1949,10,21,JAR8771F,BP,06-30-2025,07-01-2025,65,51,2430,EO GC CW,NA,NA,,0,0,0,0,0,0,0,0,0,0,0,0,0,0,0,0,0,0,0,0,0,0,0,0,0,0,3,0,0,0,0,0,0,0,0,10,0,0,0,0,0,0,0,0,0,0,0,0,0,0,0,One [MONO.DACT] lost in slide transfer,MSB 1154-1,Hybognathus amarus,JAR8771F,Dactylogyrus,9,EO GC CW,EO GC CW,Adult,Gill,70% etoh,P6L12,MSB 1154-1,MONO.DACT.GILL,4,,Diplostomatidae,3,EO GC CW,EO GC CW,Metacercariae,Connective tissue,70% etoh,P6L2A,MSB 1154-1,TREM.DIPLO.CONN,4,,,,,,,,,,,,,,,,,,,,,,,,,,,,,,,,,,,,,
MSB:Fish:68501,MSB 68501-2,Hybognathus amarus,1984,8,15,JAR8783F,JG,07-01-2025,07-01-2025,37,29,513,KL,NA,NA,50% ISOH,0,0,0,0,0,0,0,0,0,0,0,0,0,0,0,0,0,0,0,0,0,0,0,0,0,0,0,0,0,0,0,0,0,0,0,0,0,0,0,0,0,0,0,0,0,0,0,0,0,0,0,,,,,,,,,,,,,,,,,,,,,,,,,,,,,,,,,,,,,,,,,,,,,,,,,,,,,,,,,,,,,,,,
MSB:Fish:68501,MSB 68501-3,Hybognathus amarus,1984,8,15,JAR8785F,JG,07-01-2025,07-01-2025,36,29,472,KL,NA,NA,50% ISOH,0,0,0,0,0,0,0,0,0,0,0,0,0,0,0,0,0,0,0,0,0,0,0,0,0,0,0,0,0,0,0,0,0,0,0,0,0,0,0,0,NA,0,0,0,0,0,0,0,0,0,0,,,,,,,,,,,,,,,,,,,,,,,,,,,,,,,,,,,,,,,,,,,,,,,,,,,,,,,,,,,,,,,,
MSB:Fish:68501,MSB 68501-5,Hybognathus amarus,1984,8,15,JAR8789F,JG,07-01-2025,07-01-2025,72,60,3973,CW,NA,NA,50% ISOH,0,0,0,0,0,0,0,0,0,0,0,0,0,0,0,0,0,0,0,0,0,0,0,0,0,0,0,0,0,0,0,0,0,0,0,0,0,0,0,0,0,0,0,0,0,0,0,0,0,0,0,,,,,,,,,,,,,,,,,,,,,,,,,,,,,,,,,,,,,,,,,,,,,,,,,,,,,,,,,,,,,,,,
MSB:Fish:4987,MSB 4987-3,Hybognathus amarus,1977,7,6,JAR8851F,JG,07-01-2025,07-01-2025,47,37,1297,KL,NA,NA,"Cut fin, mold, caudal fin damaged",0,0,0,0,0,0,0,0,0,0,0,0,0,0,0,0,0,0,0,0,0,0,0,0,0,0,0,0,0,0,0,0,0,0,0,0,0,0,0,0,0,0,0,0,0,0,0,0,0,0,0,,,,,,,,,,,,,,,,,,,,,,,,,,,,,,,,,,,,,,,,,,,,,,,,,,,,,,,,,,,,,,,,
MSB:Fish4987,MSB 4987-2,Hybognathus amarus,1977,7,6,JAR8790F,EO,07-01-2025,07-01-2025,54,44,1436,JG KL,NA,NA,,0,0,0,0,0,0,1,0,0,0,0,0,0,0,0,0,0,0,0,0,0,0,0,0,0,0,0,0,0,0,0,0,0,0,0,0,0,0,0,0,NA,0,0,0,0,0,0,0,0,0,0,On the left side,,,,,,,,,,,,,,,,,,,,,,,,,,,,,,,,,,,,,,,,,,,,,,,,,,,,,,,,,,,,,,,
MSB:Fish:1160,MSB 1160-2,Hybognathus amarus,1939,1,28,JAR8779,JG,07-01-2025,07-01-2025,48,38,800,EO GC,NA,NA,,0,0,0,0,0,0,0,0,0,0,0,0,0,0,0,0,0,0,0,0,0,0,0,0,0,0,20,0,0,0,0,0,0,0,0,3,0,0,0,0,0,0,0,0,0,0,0,0,0,0,0,0,MSB 1160-2,Hybognathus amarus,JAR8779F,Diplostomatidae,20,GC,GC,Metacercariae,Connective tissue,70% etoh,P6L6U,MSB 1160-2,TREM.DIPLO.CONN,4,,Dactylogyrus,2,GC,GC,Adult,Gill,70% etoh,P6L6V,MSB 1160-2,MONO.DACT,4,one lost and not vouchered,,,,,,,,,,,,,,,,,,,,,,,,,,,,,,,,,,,,
MSB:Fish:1149,MSB 1149-1,Hybognathus amarus,1939,2,26,JAR8871F,JG,07-02-2025,07-02-2025,55,45,1360,GC,NA,NA,,0,0,0,0,0,0,0,0,0,0,0,0,0,0,0,0,0,0,0,0,0,0,0,0,0,1,19,0,0,0,0,0,0,0,0,6,0,0,0,0,0,0,0,0,0,0,0,0,0,0,0,,MSB 1149-1,Hybognathus amarus,JAR8871F,Dactylogyrus,6,GC,GC,Adult,Gill,70% etoh,P6L6T,MSB 1149-1,MONO.DACT.GILL,4,,Diplostomatidae,19,GC,GC,Metacercariae,Connective tissue,70% etoh,P6L6S,MSB 1149-1,TREM.DIPLO.CONN,4,,Digenea,1,GC,GC,Metacercariae,Connective tissue,70% etoh,P6L6R,MSB 1149-1,TREM.D.CONN,4,,,,,,,,,,,,,,,,,,,,,,,,,
MSB:Fish:19389,MSB 19389-1,Hybognathus amarus,1994,5,27,JAR8874F,JG,07-02-2025,07-02-2025,56,44,1941,JG,F,NA,,0,0,0,0,0,0,0,0,0,0,0,0,0,0,0,0,0,0,0,0,0,0,0,0,0,0,0,0,0,0,0,0,0,0,1,0,0,0,0,0,0,0,0,0,0,0,0,0,0,0,0,,MSB 19389-1,Hybognathus amarus,JAR8874F,?,1,JG,JG,Unknown,Gill,70% etoh,P6L6O,MSB 19389-1,CYST.UNK.GILL,4,,,,,,,,,,,,,,,,,,,,,,,,,,,,,,,,,,,,,,,,,,,,,,,,,
MSB:Fish:19389,MSB 19389-2,Hybognathus amarus,1994,5,27,JAR8862F,EO,07-02-2025,07-02-2025,52,40,1391,KL,NA,NA,,0,0,0,0,0,0,0,1,0,0,0,0,0,0,0,0,0,0,0,0,0,0,0,0,0,0,0,0,0,0,0,0,0,0,0,0,0,0,0,0,0,0,0,0,0,1,0,0,0,0,0,,MSB 19389-2,Hybognathus amarus,JAR8862F,Gyrodactylidae,1,KL,KL,Adult,Pelvic Fin,70% etoh,P6L2V,MSB 19389-2,MONO.GYRO.PELVICFIN,4,,Digenea,1,KL,KL,Metacercariae,Flush,70% etoh,P6L2W,MSB 19389-2,TREM.D.FLUSH,4,,,,,,,,,,,,,,,,,,,,,,,,,,,,,,,,,,,,,
MSB:Fish:68463,MSB 68463-4,Hybognathus amarus,1984,8,15,JAR8870F,BP,07-02-2025,07-02-2025,42,34,485,CW,NA,NA,50% ISOH,0,0,0,0,0,0,0,0,0,0,0,0,0,0,0,0,0,0,0,0,0,0,0,0,0,0,1,0,0,0,0,0,0,0,0,0,0,0,0,0,0,0,0,0,0,0,0,0,0,0,0,,MSB 68463-4,Hybognathus amarus,JAR8870F,Diplostomatidae,1,CW,CW,Metacercariae,Connective tissue,70% etoh,P6L27,MSB 68463-4,TREM.DIPLO.CONN,4,,,,,,,,,,,,,,,,,,,,,,,,,,,,,,,,,,,,,,,,,,,,,,,,,
MSB:Fish:68463,MSB 68463-3,Hybognathus amarus,1984,8,15,JAR8868F,BP,07-02-2025,07-02-2025,36,27,313,CW,NA,NA,50% ISOH,0,0,0,0,0,0,0,0,0,0,0,0,0,0,0,0,0,0,0,0,0,0,0,0,0,0,1,0,0,0,0,0,0,0,0,0,0,0,0,0,0,0,0,0,0,0,0,0,0,0,0,,MSB 68463-3,Hybognathus amarus,JAR8868F,DIplostomatidae,1,CW,CW,Metacercariae,Connective tissue,70% etoh,P6L26,MSB 68463-3,TREM.DIPLO.CONN,4,,,,,,,,,,,,,,,,,,,,,,,,,,,,,,,,,,,,,,,,,,,,,,,,,
MSB:Fish:1149,MSB 1149-5,Hybognathus amarus,1939,2,26,JAR8872F,EO,07-02-2025,07-02-2025,76,57,3276,KL,F,NA,,0,0,0,0,0,0,0,0,0,0,0,0,0,0,0,1,0,7,0,0,0,0,0,0,0,0,43,0,0,0,0,0,0,0,0,19,0,0,0,0,0,0,0,0,0,0,0,0,0,0,0,[MONO.GYRO.DORSALFIN lost],MSB 1149-5,Hybognathus amarus,JAR8872F,DIplostomatidae,43,KL,KL,Metacercariae,Connective tissue,70% etoh,P6L2S,MSB 1149-5,TREM.DIPLO.CONN,4,,Diplostomatidae,7,KL,KL,Metacercariae,Liver,70% etoh,P6L2T,MSB 1149-5,TREM.DIPLO.LIVER,4,,Dactylogyrus,19,KL,KL,Adult,Gill,70% etoh,P6L2U,MSB 1149-5,MONO.DACT.GILL,4,,,,,,,,,,,,,,,,,,,,,,,,,
MSB:Fish:5263,MSB 5263-5,Hybognathus amarus,1986,8,12,JAR8859F,BP,07-02-2025,07-02-2025,36,29,444,BP EO,NA,NA,,0,0,0,0,0,0,0,0,0,0,0,0,0,0,0,0,0,0,0,0,0,0,0,0,0,0,1,0,0,0,0,0,0,0,0,0,0,0,0,0,0,0,0,0,0,0,0,0,0,0,0,,MSB 5263-5,Hybognathus amarus,JAR8859F,DIplostomatidae,1,EO,EO,Metacercariae,Connective tissue,70% etoh,P6L6P,MSB 5263-5,TREM.DIPLO.CONN,4,,,,,,,,,,,,,,,,,,,,,,,,,,,,,,,,,,,,,,,,,,,,,,,,,
MSB:Fish:1149,MSB 1149-4,Hybognathus amarus,1939,2,26,JAR8877F,JG,07-02-2025,07-02-2025,57,45,1435,CW,NA,NA,,0,0,0,0,0,0,0,0,0,0,0,0,0,0,0,0,0,0,0,0,0,0,0,0,0,0,23,0,0,0,0,0,0,0,0,0,0,0,0,0,0,0,0,0,0,0,0,0,0,0,0,,MSB 1149-4,Hybognathus amarus,JAR8877F,DIplostomatidae,23,CW,CW,Metacercariae,Connective tissue,70% etoh,P6L29,MSB 1149-4,TREM.DIPLO.CONN,4,,,,,,,,,,,,,,,,,,,,,,,,,,,,,,,,,,,,,,,,,,,,,,,,,
MSB:Fish:5263,MSB 5263-3,Hybognathus amarus,1986,8,12,JAR8855F,BP,07-02-2025,07-02-2025,35,31,653,CW,NA,NA,,0,0,0,0,0,0,0,0,0,0,0,0,0,0,0,0,0,0,0,0,0,0,0,0,0,0,4,0,0,0,0,0,0,0,0,0,0,0,0,0,0,0,0,0,0,0,1,0,0,0,0,,MSB 5263-3,Hybognathus amarus,JAR8855F,DIplostomatidae,1,CW,CW,Metacercariae,Flush,70% etoh,P6L23,MSB 5263-3,TREM.DIPLO.FLUSH,4,,Diplostomatidae,4,CW,CW,Metacercariae,Connective Tissue,70% etoh,P6L24,MSB 5263-3,TREM.DIPLO.CONN,4,,,,,,,,,,,,,,,,,,,,,,,,,,,,,,,,,,,,,
MSB:Fish:19688,MSB 19688-4,Hybognathus amarus,1994,10,10,JAR8867F,BP,07-02-2025,07-02-2025,58,46,1810,CW,NA,NA,,0,0,0,0,0,0,0,0,0,0,0,0,0,0,0,0,0,0,0,0,0,0,0,0,0,0,0,0,0,0,0,0,0,0,0,0,0,0,0,0,0,0,0,0,0,0,0,0,0,0,0,,,,,,,,,,,,,,,,,,,,,,,,,,,,,,,,,,,,,,,,,,,,,,,,,,,,,,,,,,,,,,,,
MSB:Fish:19688,MSB 19688-1,Hybognathus amarus,1994,10,10,JAR8886F,BP,07-02-2025,07-02-2025,65,51,2667,JG CW,NA,NA,,0,0,0,0,0,0,0,0,0,0,0,0,0,0,0,0,0,0,0,0,0,0,0,0,0,0,0,0,0,0,0,0,0,0,0,0,0,0,0,0,0,0,0,0,0,0,0,0,0,0,0,,,,,,,,,,,,,,,,,,,,,,,,,,,,,,,,,,,,,,,,,,,,,,,,,,,,,,,,,,,,,,,,
MSB:Fish:19389,MSB 19389-5,Hybognathus amarus,1994,5,27,JAR8878F,BP,07-02-2025,07-02-2025,44,35,909,CW,NA,NA,,0,0,0,0,0,0,0,0,0,0,0,0,0,0,0,0,0,0,0,0,0,0,0,0,0,0,0,0,0,0,0,0,0,0,0,0,0,0,0,0,0,0,0,0,0,0,0,0,0,0,0,,,,,,,,,,,,,,,,,,,,,,,,,,,,,,,,,,,,,,,,,,,,,,,,,,,,,,,,,,,,,,,,
MSB:Fish:5263,MSB 5263-1,Hybognathus amarus,1986,8,12,JAR8856F,BP,07-02-2025,07-02-2025,36,29,497,GC,NA,NA,,0,0,0,0,0,0,0,0,0,0,0,0,0,0,0,0,0,0,0,0,0,0,0,0,0,0,0,0,0,0,0,0,0,0,0,0,0,0,0,0,0,0,0,0,0,0,0,0,0,0,0,,,,,,,,,,,,,,,,,,,,,,,,,,,,,,,,,,,,,,,,,,,,,,,,,,,,,,,,,,,,,,,,
MSB:Fish:68463,MSB 68463-1,Hybognathus amarus,1984,8,15,JAR8864F,BP,07-02-2025,07-02-2025,37,30,505,GC,NA,NA,50% ISOH,0,0,0,0,0,0,0,0,0,0,0,0,0,0,0,0,0,0,0,0,0,0,0,0,0,0,0,0,0,0,0,0,0,0,0,0,0,0,0,0,0,0,0,0,0,0,0,0,0,0,0,,,,,,,,,,,,,,,,,,,,,,,,,,,,,,,,,,,,,,,,,,,,,,,,,,,,,,,,,,,,,,,,
MSB:Fish:68463,MSB 68463-5,Hybognathus amarus,1984,8,15,JAR8860F,BP,07-02-2025,07-02-2025,35,27,398,GC,NA,NA,50% ISOH,0,0,0,0,0,0,0,0,0,0,0,0,0,0,0,0,0,0,0,0,0,0,0,0,0,0,0,0,0,0,0,0,0,0,0,0,0,0,0,0,NA,0,0,0,0,0,0,0,0,0,0,,,,,,,,,,,,,,,,,,,,,,,,,,,,,,,,,,,,,,,,,,,,,,,,,,,,,,,,,,,,,,,,
MSB:Fish:5263,MSB 5263-4,Hybognathus amarus,1986,8,12,JAR8857F,BP,07-02-2025,07-02-2025,35,27,407,KL,NA,NA,,0,0,0,0,0,0,0,0,0,0,0,0,0,0,0,0,0,0,0,0,0,0,0,0,0,0,0,0,0,0,0,0,0,0,0,0,0,0,0,0,NA,0,0,0,0,0,0,0,0,0,0,,,,,,,,,,,,,,,,,,,,,,,,,,,,,,,,,,,,,,,,,,,,,,,,,,,,,,,,,,,,,,,,
MSB:Fish:5263,MSB 5263-2,Hybognathus amarus,1986,8,12,JAR8861F,BP,07-02-2025,07-02-2025,36,29,462,CW,NA,NA,,0,0,0,0,0,0,0,0,0,0,0,0,0,0,0,0,0,0,0,0,0,0,0,0,0,0,0,0,0,0,0,0,0,0,0,0,0,0,0,0,NA,0,0,0,0,0,0,0,0,0,0,,,,,,,,,,,,,,,,,,,,,,,,,,,,,,,,,,,,,,,,,,,,,,,,,,,,,,,,,,,,,,,,
MSB:Fish:19389,MSB 19389-4,Hybognathus amarus,1994,5,27,JAR8858F,EO,07-02-2025,07-02-2025,48,38,1096,GC,NA,NA,,0,0,0,0,0,0,0,0,0,0,0,0,0,0,0,0,0,0,0,0,0,0,0,0,0,0,0,0,0,0,0,0,0,0,0,0,0,0,0,0,0,0,0,0,0,0,0,0,0,0,0,,,,,,,,,,,,,,,,,,,,,,,,,,,,,,,,,,,,,,,,,,,,,,,,,,,,,,,,,,,,,,,,
MSB:Fish:68463,MSB 68463-2,Hybognathus amarus,1984,8,15,JAR8866F,BP,07-02-2025,07-02-2025,48,37,950,CW,NA,NA,50% ISOH,0,0,0,0,0,0,0,0,0,0,0,0,0,0,0,0,0,0,0,0,0,0,0,0,0,0,0,0,0,0,0,0,0,0,0,0,0,0,0,0,NA,0,0,0,0,0,0,0,0,0,0,,,,,,,,,,,,,,,,,,,,,,,,,,,,,,,,,,,,,,,,,,,,,,,,,,,,,,,,,,,,,,,,
MSB:Fish:19389,MSB 19389-3,Hybognathus amarus,1994,5,27,JAR8876F,JG,07-02-2025,07-02-2025,55,46,2190,KL,F,NA,,0,0,0,0,0,0,0,0,0,0,0,0,0,0,0,0,0,0,0,0,0,0,0,0,0,0,0,0,0,0,0,0,0,0,0,0,0,0,0,0,0,0,0,0,0,0,0,0,0,1,0,,MSB 19389-3,Hybognathus amarus,JAR8876F,Digenea,1,KL,KL,Metacercariae,Flush,70% etoh,P6L2X,MSB 19389-3,TREM.RIDGE.FLUSH,4,,,,,,,,,,,,,,,,,,,,,,,,,,,,,,,,,,,,,,,,,,,,,,,,,
MSB:Fish:20390,MSB 20390-2,Hybognathus amarus,1994,8,11,JAR8881F,JG,07-02-2025,07-02-2025,40,36,923,GC,NA,NA,,0,0,0,0,0,0,0,0,0,0,0,0,0,0,0,0,0,0,0,0,0,0,0,0,0,0,3,0,0,0,0,0,0,0,0,0,0,0,0,0,0,0,0,0,0,0,0,0,0,0,0,,MSB 20390-2,Hybognathus amarus,JAR8881F,Diplostomatidae,3,GC,GC,Metacercariae,Connective tissue,70% etoh,P6L6I,MSB 20390-2,TREM.DIPLO.CONN,4,,,,,,,,,,,,,,,,,,,,,,,,,,,,,,,,,,,,,,,,,,,,,,,,,
MSB:Fish:1149,MSB 1149-2,Hybognathus amarus,1939,2,26,JAR8873F,JG,07-02-2025,07-02-2025,64,52,2298,GC,F,NA,,0,0,0,0,0,0,0,0,0,0,0,0,0,0,0,0,0,0,0,0,0,0,0,0,0,0,66,0,0,0,0,0,0,0,0,8,0,0,0,0,NA,0,0,0,0,2,0,0,0,0,0,,MSB 1149-2,Hybognathus amarus,JAR8873F,Dactylogyrus,8,GC,GC,Adult,Gill,70% etoh,P6L6M,MSB 1149-2,MONO.DACT.GILL,4,,Diplostomatidae,66,GC,GC,Metacercariae,Connective tissue,70% etoh,P6L6L,MSB 1149-2,TREM.DIPLO.CONN,4,,Digenea,2,GC,GC,Metacercariae,Flush,70% etoh,P6L6K,MSB 1149-2,TREM.D.FLUSH,4,,,,,,,,,,,,,,,,,,,,,,,,,
MSB:Fish:19688,MSB 19688-5,Hybognathus amarus,1994,10,10,JAR8869F,BP,07-02-2025,07-02-2025,48,38,993,KL,NA,NA,CYST.UNK.CAUDALFIN was not removed because it would have damaged the Caudal Fin and the display side.,0,0,0,0,0,0,0,0,0,0,0,0,0,0,1,0,0,0,0,0,0,0,0,0,0,0,0,0,1,0,0,0,0,0,0,0,0,0,0,0,0,0,0,0,0,0,0,0,0,0,0,CYST.UNK.CAUDALFIN was not removed because it would have damaged the Caudal Fin and the display side.,MSB 19688-5,Hybognathus amarus,JAR8869F,Digenea,1,kl,kl,Metacercariae,Connective tissue,70% etoh,P6L2Y,MSB 19688-5,TREM.B.CONN,4,,,,,,,,,,,,,,,,,,,,,,,,,,,,,,,,,,,,,,,,,,,,,,,,,
MSB:Fish:1149,MSB 1149-3,Hybognathus amarus,1939,2,26,JAR8875F,EO,07-02-2025,07-02-2025,61,47,1795,EO KL,NA,NA,,0,0,0,0,0,0,0,0,0,0,0,0,0,0,0,0,0,1,0,0,0,0,0,0,0,0,26,0,11,0,2,0,0,0,0,13,0,0,0,0,0,0,0,0,0,0,0,0,0,0,0,,MSB 1149-3,Hybognathus amarus,JAR8875F,Dactylogyrus,13,EO,EO,Adult,GILL,70% etoh,P6L6N,MSB 1149-3,MONO.DACT.GILL,4,,Digenea,2,eo,eo,Metacercariae,Connective tissue,70% etoh,P6L6J,MSB 1149-3,TREM.UNK.CONN,4,Broken so couldn't identify,Diplostomatidae,26,kl,kl,Metacercariae,Connective tissues,70% etoh,P6L2Z,MSB 1149-3,TREM.DIPLO.CONN,4,,Digenea,11,kl,kl,metacercariae,Connective Tisseus,70% Etoh,P6L30,MSB 1149-3,TREM.B.CONN,4,,Diplostomatidae,1,kl,kl,Metacercariae,Liver,70% Etoh,P6L31,MSB 1149-3,TREM.DIPLO.LIVER,4,
MSB:Fish:19688,MSB 19688-2,Hybognathus amarus,1994,10,10,JAR8863F,BP,07-02-2025,07-02-2025,57,44,1805,JG CW,NA,NA,,0,0,0,0,0,0,0,0,0,0,0,0,0,0,0,0,0,0,0,0,0,0,0,0,0,0,0,0,0,0,0,0,0,0,0,0,0,0,0,0,0,0,0,0,0,0,0,0,0,0,0,,,,,,,,,,,,,,,,,,,,,,,,,,,,,,,,,,,,,,,,,,,,,,,,,,,,,,,,,,,,,,,,
MSB:Fish:3966,MSB 3966-2,Hybognathus amarus,1977,9,28,JAR8892F,JG,07-02-2025,07-02-2025,38,30,477,CW,NA,NA,,0,0,0,0,0,0,0,0,0,0,0,0,0,0,0,0,0,0,0,0,0,0,0,0,0,0,3,0,0,0,0,0,0,0,0,0,0,0,0,0,0,0,0,0,0,0,0,0,0,0,0,,MSB 3966-2,Hybognathus amarus,JAR8892F,Diplostomatidae,3,CW,CW,Metacercariae,Connective Tissue,70% etoh,P6L28,MSB 3966-2,TREM.DIPLO.CONN,4,,,,,,,,,,,,,,,,,,,,,,,,,,,,,,,,,,,,,,,,,,,,,,,,,
MSB:Fish:20390,MSB 20390-3,Hybognathus amarus,1994,8,11,JAR8880F,JG,07-02-2025,07-02-2025,41,33,528,EO,NA,NA,Moldy,0,0,0,0,0,0,0,0,0,0,0,0,0,0,0,0,na,0,0,0,0,0,0,0,0,0,0,0,0,0,0,0,0,0,0,0,0,0,0,0,na,0,0,0,0,0,0,0,0,0,0,,,,,,,,,,,,,,,,,,,,,,,,,,,,,,,,,,,,,,,,,,,,,,,,,,,,,,,,,,,,,,,,
MSB:Fish:3966,MSB 3966-3,Hybognathus amarus,1977,9,28,JAR8894F,JG,07-02-2025,07-02-2025,50,39,1164,GC,NA,NA,,0,0,0,0,0,0,0,0,0,0,0,0,0,0,0,0,0,0,0,0,0,0,0,0,0,0,14,0,0,0,0,0,0,0,0,0,0,0,0,0,NA,0,0,0,0,0,0,0,0,0,0,,MSB 3966-3,Hybognathus amarus,JAR8894F,Diplostomatidae,14,gc,gc,Metacercariae,Connective Tissue,70% etoh,P6L6H,MSB 3966-3,TREM.DIPLO.CONN,4,,,,,,,,,,,,,,,,,,,,,,,,,,,,,,,,,,,,,,,,,,,,,,,,,
MSB:Fish:20390,MSB 20390-4,Hybognathus amarus,1994,8,11,JAR8882F,JG,07-02-2025,07-02-2025,49,38,968,BP,NA,NA,Moldy,0,0,0,0,0,0,0,0,0,0,0,0,0,0,0,0,na,0,0,0,0,0,0,0,0,0,1,0,0,0,0,0,0,0,0,0,0,0,0,0,0,0,0,0,0,1,0,0,0,0,0,,MSB 20390-4,Hybognathus amarus,JAR8882F,Diplostomatidae,1,BP,BP,Metacercariae,Connective Tissue,70% etoh,P6L33,MSB 20390-4,TREM.DIPLO.CONN,4,,Digenea,1,bp,bp,Metacercariae,Flush,70% etoh,P6L32,MSB 20390-4,TREM.D.FLUSH,4,,,,,,,,,,,,,,,,,,,,,,,,,,,,,,,,,,,,,
MSB:Fish:3966,MSB 3966-4,Hybognathus amarus,1977,9,28,JAR8885F,JG,07-02-2025,07-03-2025,57,47,2076,GC,NA,NA,,0,0,0,0,0,0,0,0,0,0,0,0,0,0,0,0,0,0,0,0,0,0,0,0,0,0,0,0,0,0,0,0,0,0,0,0,0,0,0,0,0,0,0,0,0,0,9,0,0,0,0,One TREM.DIPLO destroyed,MSB 3966-4,Hybognathus amarus,JAR8885F,Diplostomatidae,8,GC,GC,Metacercariae,Flush,70% etoh,P6L6G,MSB 3966-4,TREM.DIPLO.FLUSH,4,One destroyed,,,,,,,,,,,,,,,,,,,,,,,,,,,,,,,,,,,,,,,,,,,,,,,,
MSB:Fish:3966,MSB 3966-5,Hybognathus amarus,1977,9,28,JAR8879F,JG,07-02-2025,07-03-2025,51,41,1353,CW,NA,NA,,0,0,0,0,0,0,0,0,0,0,0,0,0,0,0,0,0,0,0,0,0,0,0,0,0,0,11,0,0,0,0,0,0,0,0,0,0,0,0,0,0,0,0,0,0,0,0,0,0,0,0,,MSB 3966-5,Hybognathus amarus,JAR8879F,Diplostomatidae,11,CW,CW,Metacercariae,Connective Tissue,70% etoh,P6L58,MSB 3966-5,TREM.DIPLO.CONN,4,,,,,,,,,,,,,,,,,,,,,,,,,,,,,,,,,,,,,,,,,,,,,,,,,
MSB:Fish:4487,MSB 4487-2,Hybognathus amarus,1978,9,29,JAR8893F,BP,07-03-2025,07-03-2025,49,38,1354,GC,NA,NA,,0,0,0,0,0,0,0,0,0,0,0,0,0,0,0,0,0,0,0,0,0,0,0,0,0,0,0,0,0,0,0,0,0,0,0,0,0,0,0,0,0,0,0,0,0,0,0,0,0,0,0,,,,,,,,,,,,,,,,,,,,,,,,,,,,,,,,,,,,,,,,,,,,,,,,,,,,,,,,,,,,,,,,
MSB:Fish:3966,MSB 3966-1,Hybognathus amarus,1977,9,28,JAR8888F,JG,07-02-2025,07-03-2025,55,44,1530,KL,NA,NA,,0,0,0,0,0,0,0,0,0,0,0,0,0,0,0,0,NA,1,0,0,0,0,0,0,0,0,30,0,0,0,0,0,0,0,0,0,0,0,0,0,NA,0,0,0,0,1,0,0,0,0,0,,MSB 3966-1,Hybognathus amarus,JAR8888F,Diplostomatidae,30,KL,KL,Metacercariae,Connective Tissue,70% etoh,P6L34,MSB 3966-1,TREM.DIPLO.CONN,4,,Diplostomatidae,1,KL,KL,Metacercariae,Liver,70% etoh,P6L35,MSB 3966-1,TREM.DIPLO.LIVER,4,,Digenea,1,KL,KL,NA,Flush,70% etoh,P6L36,MSB 3966-1,TREM.D.FLUSH,4,,,,,,,,,,,,,,,,,,,,,,,,,
MSB:Fish:68513,MSB 68513-4,Hybognathus amarus,1984,8,16,JAR8896F,EO,07-03-2025,07-03-2025,41,32,638,CW,NA,NA,50% ISOP,0,0,0,0,0,0,0,0,0,0,0,0,0,0,0,0,0,0,0,0,0,0,0,0,0,0,0,0,0,0,0,0,0,0,0,0,0,0,0,0,0,0,0,0,0,0,0,0,0,0,0,,,,,,,,,,,,,,,,,,,,,,,,,,,,,,,,,,,,,,,,,,,,,,,,,,,,,,,,,,,,,,,,
MSB:Fish:4487,MSB 4487-3,Hybognathus amarus,1978,9,29,JAR8889F,EO,07-03-2025,07-03-2025,46,35,1166,KL,NA,NA,,0,0,0,0,0,0,0,0,0,0,0,0,0,0,0,0,0,0,0,0,0,0,0,0,0,0,0,0,0,0,0,0,0,0,0,0,0,0,0,0,0,0,0,0,0,0,0,0,0,0,0,,,,,,,,,,,,,,,,,,,,,,,,,,,,,,,,,,,,,,,,,,,,,,,,,,,,,,,,,,,,,,,,
MSB:Fish:4487,MSB 4487-1,Hybognathus amarus,1978,9,29,JAR8887F,EO,07-03-2025,07-03-2025,47,37,1143,GC,NA,NA,,0,0,0,0,0,0,0,0,0,0,0,0,0,0,0,0,0,0,0,0,0,0,0,0,0,0,0,0,0,0,0,0,0,0,0,0,0,0,0,0,0,0,0,0,0,0,0,0,0,0,0,,,,,,,,,,,,,,,,,,,,,,,,,,,,,,,,,,,,,,,,,,,,,,,,,,,,,,,,,,,,,,,,
MSB:Fish:4487,MSB 4487-5,Hybognathus amarus,1978,9,29,JAR8890F,EO,07-03-2025,07-03-2025,38,30,543,JG GC,NA,NA,,0,0,0,0,0,0,0,0,0,0,0,0,0,0,0,0,0,0,0,0,0,0,0,0,0,0,4,0,0,0,0,0,0,0,0,0,0,0,0,0,NA,0,0,0,0,0,0,0,0,0,0,,MSB 4487-5,Hybognathus amarus,JAR8890F,Diplostomatidae,4,GC,GC,Metacercariae,Connective tissue,70% etoh,P6L6F,MSB 4487-5,TREM.DIPLO.CONN,4,,,,,,,,,,,,,,,,,,,,,,,,,,,,,,,,,,,,,,,,,,,,,,,,,
MSB:Fish:20390,MSB 20390-5,Hybognathus amarus,1994,8,11,JAR8884F,JG,07-02-2025,07-03-2025,49,40,1145,CW,NA,NA,,0,0,0,0,0,0,0,0,0,0,0,0,0,0,0,0,0,0,0,0,0,0,0,0,0,0,0,0,0,0,0,0,0,0,0,0,0,0,0,0,NA,0,0,0,0,0,0,0,0,0,0,,,,,,,,,,,,,,,,,,,,,,,,,,,,,,,,,,,,,,,,,,,,,,,,,,,,,,,,,,,,,,,,
MSB:Fish:19688,MSB 19688-3,Hybognathus amarus,1994,10,10,JAR8865F,BP,07-02-2025,07-03-2025,56,45,2032,KL,F,NA,,0,0,0,0,0,0,0,0,0,0,0,0,0,0,0,0,0,0,0,0,0,0,0,0,0,0,0,0,0,0,0,0,0,0,0,0,0,0,0,0,0,0,0,0,0,0,0,0,0,0,0,,,,,,,,,,,,,,,,,,,,,,,,,,,,,,,,,,,,,,,,,,,,,,,,,,,,,,,,,,,,,,,,
MSB:Fish:4487,MSB 4487-4,Hybognathus amarus,1978,9,29,JAR8891F,BP,07-03-2025,07-03-2025,36,27,481,GC,NA,NA,,0,0,0,0,0,0,0,0,0,0,0,0,0,0,0,0,0,0,0,0,0,0,0,0,0,0,32,0,0,0,0,0,0,0,0,0,0,0,0,0,NA,0,0,0,0,0,0,0,0,0,0,,MSB 4487-4,Hybognathus amarus,JAR8891F,Diplostomatidae,32,GC,GC,Metacercariae,Connective Tissue,70% etoh,P6L6E,MSB 4487-4,TREM.DIPLO.CONN,4,,,,,,,,,,,,,,,,,,,,,,,,,,,,,,,,,,,,,,,,,,,,,,,,,
MSB:Fish:68513,MSB 68513-3,Hybognathus amarus,1984,8,16,JAR8899F,BP,07-03-2025,07-03-2025,37,27,397,CW,NA,NA,50% ISOP,0,0,0,0,0,0,0,0,0,0,0,0,0,0,0,0,0,0,0,0,0,0,0,0,0,0,0,0,0,0,0,0,0,0,0,0,0,0,0,0,NA,0,0,0,0,0,0,0,0,0,0,,,,,,,,,,,,,,,,,,,,,,,,,,,,,,,,,,,,,,,,,,,,,,,,,,,,,,,,,,,,,,,,
MSB:Fish:68513,MSB 68513-2,Hybognathus amarus,1984,8,16,JAR8897F,EO,07-03-2025,07-03-2025,47,36,941,KL,NA,NA,50% ISOP,0,0,0,0,0,0,0,0,0,0,0,0,0,0,0,0,NA,0,0,0,0,0,0,0,0,0,0,0,0,0,0,0,0,0,0,0,0,0,0,0,0,0,0,0,0,0,0,0,0,0,0,,,,,,,,,,,,,,,,,,,,,,,,,,,,,,,,,,,,,,,,,,,,,,,,,,,,,,,,,,,,,,,,
MSB:Fish:68513,MSB 68513-1,Hybognathus amarus,1984,8,16,JAR8895F,BP,07-03-2025,07-03-2025,44,34,769,GC,NA,NA,50% ISOP,0,0,0,0,0,0,0,0,0,0,0,0,0,0,0,0,0,0,0,0,0,0,0,0,0,0,0,0,0,0,0,0,0,0,0,0,0,0,0,0,0,0,0,0,0,0,0,0,0,0,0,,,,,,,,,,,,,,,,,,,,,,,,,,,,,,,,,,,,,,,,,,,,,,,,,,,,,,,,,,,,,,,,
MSB:Fish:68513,MSB 68513-5,Hybognathus amarus,1984,8,16,JAR8901F,EO,07-03-2025,07-03-2025,40,31,606,BP,NA,NA,50% ISOP,0,0,0,0,0,0,0,0,0,0,0,0,0,0,0,0,NA,0,0,0,0,0,0,0,0,0,1,0,0,1,0,0,0,0,0,0,0,0,0,0,0,0,0,0,0,1,0,0,0,0,0,,MSB 68513-5,Hybognathus amarus,JAR8901F,Diplostomatidae,1,BP,BP,Metacercariae,Connective Tissue,70% etoh,P6L4S,MSB 68513-5,TREM.DIPLO.CONN,5,,Digenea,1,BP,BP,Metacercariae,Connective Tissue,70% etoh,P6L4R,MSB 68513-5,TREM.GOLD.CONN,5,,Digenea,1,BP,BP,Metacercariae,Flush,70% etoh,P6L3W,MSB 68513-5,TREM.D.FLUSH,5,,,,,,,,,,,,,,,,,,,,,,,,,
MSB:Fish:20390,MSB 20390-1,Hybognathus amarus,1994,8,11,JAR8883F,JG,07-02-2025,07-03-2025,53,41,1467,JG,NA,NA,,0,0,0,0,0,0,0,0,0,0,0,0,0,0,0,0,0,0,0,0,0,0,0,0,0,0,0,0,0,0,0,0,0,0,0,0,0,0,0,0,0,0,0,0,0,0,0,0,0,0,0,,,,,,,,,,,,,,,,,,,,,,,,,,,,,,,,,,,,,,,,,,,,,,,,,,,,,,,,,,,,,,,,