CatalogNumber,Individual_ID,Fish_Species,year_fish_collected,month_fish_collected,day_fish_collected,Fish_Barcode,Dissector,Dissection_Date,Completion_Date,Total_Length_mm,Standard_Length_mm,Weight_mg,Examiner,Sex,Gut_Contents,Notes,TREM.META.SKIN,CRUS.LERCYP.SKIN,CRUS.LERCYP.PELVICFIN,TREM.META.MUSCLE,TREM.DIPHUR.MUSCLE,BUCCAL_CAVITY,TREM.N.BODY_CAVITY,MONO.UNKN.PECTORALFIN,MONO.GYRSP.PELVICFIN,ANALFIN,CAUDALFIN,CRUS.FIN.DORSALFIN,MONO.GYRSP.DORSALFIN,GONAD,TREM.DIPHUR.LIVER,TREM.WHITE.LIVER,TREM.P.KIDNEY,TREM.NEASP.EYE,HEART,STOMACH,TREM.DIPHUR.CONNECTIVE_TISSUE,TREM.UNK.CONNECTIVETISSUE,TREM.P.CONNECTIVE_TISSUE,TREM.WHITE.CONN,TREM.ACET.CONNECTIVETISSUE,CEST.LARV.CONNECTIVE_TISSUE,TREM.UNCLEAR.CONN,TREM.CENT.INTESTINE,TREM.DIPHUR.INTESTINE,NEM.CAP.INTESTINE,NEM.CONT.INTESTINE,CEST.B.INTESTINE,TREM.BUC.INTESTINE,NEM.UNK.INTESTINE,NEM.LARV.INTESTINE,MYXO.MYXSP.GILL(NUMBER_OF_CLUSTERS),MYXO.M.GILL,MONO.DACSP.GILL,MONO.GYRSP.GILL,NEM.LARV.GALL BLADDER,UNK.GALL BLADDER,TREM.CENT.FLUSH,TREM.DIPHUR.FLUSH,TREM.P.FLUSH,TREM.UNK.FLUSH,Notes about missing parasites,MSB:Fish_catalog_number,Fish_Species,Fish_Barcode,P1_Species,P1_Number_of_individuals,P1_collector,P1_identifier,P1_Life_Stage,P1_Organ_Found,P1_preservation,P1_barcode,P1_Box_Number,P1_label:SMB_FISH_CATALOG_NUMBER,P1_label:PARASITE_CODE,P1_Notes,P2_Species,P2_Number_of_individuals,P2_collector,P2_identifier,P2_Life_Stage,P2_Organ,P2_preservation,P2_barcode,P2_Box_Number,P2_label:SMB_FISH_CATALOG_NUMBER,P2_label:PARASITE_CODE,P2_Notes,P3_Species,P3_Number_of_individuals,P3_collector,P3_identifier,P3_Life_Stage,P3_Organ,P3_How_preserved,P3_barcode,P3_Box_Number,P3_Label:fishID,P3_label:Parasites_Code,P3_Notes,Parasite Species 4,Number of individuals 4,parasite collector 4,parasite identifier 4,Life Stage 4,Organ 4,How preserved 4,barcode 4,P4 Box number,Parasite label 4,Parasite label  4,P4 Notes,Parasite Species 5,Number of individuals 5,parasite collector 5,parasite identifier 5,Life Stage 5,Organ 5,How preserved 5,barcode 5,P5 Box number,Parasite label 5 fish ID,Parasite label  5,P5 Notes,Parasite Species 6,Number of individuals 6,parasite collector 6,parasite identifier 6,Life Stage 6,Organ 6,How preserved 6,barcode 6,P6 Box number,Parasite label 6 fish ID,Parasite label  6,P6 Notes,Parasite Species 7,Number of individuals 7,parasite collector 7,parasite identifier 7,Life Stage 7,Organ 7,How preserved 7,barcode 7,P7 Box number,Parasite label 7 fish ID,Parasite label  7,P7 Notes
MSB:Fish:124148,MSB 124148-1,Pimephales promelas,2021,11,11,JAR9702F,KL,04/08/2025,,51,42,1338,CK KL,M,NA,,,0,,,,0,0,0,0,0,0,0,0,0,0,,0,0,0,0,1,,,,,,,0,,,,,,,0,0,,0,0,,,0,,,,,MSB 124148-1,Pimephales promelas,JAR9702F,Diplostomulum huronense,1,CK,KL,Metacercariae,Connective tissues,70% etoh,P6K8Q,,MSB 124148-1,TREM.DIPHUR.CONNECTIVETISSUES,,,,,,,,,,,,,,,,,,,,,,,,,,,,,,,,,,,,,,,,,,,,,,,,,,,,,,,,,,,,,,,,,,,,,,,,,
MSB:Fish:124159,MSB 124159-2,Pimephales promelas,2022,10,5,JAR9701F,KL WM,03/27/2025,,55,44,1640,KL,F,NA,,0,0,0,0,0,0,0,0,0,0,0,0,0,0,0,0,0,0,0,0,0,0,0,0,0,0,0,0,0,0,0,0,0,0,0,0,0,0,0,NA,NA,0,0,0,0,,,,,,,,,,,,,,,,,,,,,,,,,,,,,,,,,,,,,,,,,,,,,,,,,,,,,,,,,,,,,,,,,,,,,,,,,,,,,,,,,,,,,,,,
MSB:Fish:124158,MSB 124159-1,Pimephales promelas,2022,10,5,JAR9700F,KL,03/27/2025,,47,36,1175,BP KL,F,NA,,0,0,0,0,0,0,0,0,0,0,0,0,0,0,0,0,0,0,0,0,0,0,0,0,0,0,0,0,0,0,0,0,0,0,0,0,0,0,0,NA,NA,0,0,0,0,,,,,,,,,,,,,,,,,,,,,,,,,,,,,,,,,,,,,,,,,,,,,,,,,,,,,,,,,,,,,,,,,,,,,,,,,,,,,,,,,,,,,,,,
MSB:Fish:124157,MSB 124157-1,Pimephales promelas,2022,10,5,JAR9708F,SV,04/14/2025,,29,25,374,KL,NA,Arthropod,,0,0,0,0,0,0,0,0,0,0,0,0,0,0,0,0,0,0,0,0,0,0,0,0,0,0,0,0,0,0,0,0,0,0,0,0,0,1,0,NA,NA,0,0,0,0,,MSB 124157-1,Pimephales promelas,JAR9708F,Dactylogyrus sp,1,SV,KL,Adult,Gill,70% etoh,P6K8T,,MSB 124157-1,MONO.DACSP.GILL,,,,,,,,,,,,,,,,,,,,,,,,,,,,,,,,,,,,,,,,,,,,,,,,,,,,,,,,,,,,,,,,,,,,,,,,,
MSB:Fish:124157,MSB 124157-2,Pimephales promelas,2022,10,5,JAR9707F,WM,04/14/2025,,36,30,667.4,WM KL,NA,NA,,0,0,0,0,0,0,0,0,0,0,0,0,0,0,0,0,0,0,0,0,0,0,0,0,0,0,0,0,0,0,0,0,0,0,0,0,0,0,0,NA,NA,0,0,0,0,,,,,,,,,,,,,,,,,,,,,,,,,,,,,,,,,,,,,,,,,,,,,,,,,,,,,,,,,,,,,,,,,,,,,,,,,,,,,,,,,,,,,,,,
MSB:Fish:124157,MSB 124157-4,Pimephales promelas,2022,10,5,JAR9710F,SV,04/14/2025,,36,30,752,SV KL,NA,NA,,0,0,0,0,0,0,0,0,0,0,0,0,0,0,0,0,0,0,0,0,0,0,0,0,0,0,0,0,0,0,0,0,0,0,0,0,0,0,0,NA,NA,0,0,0,0,,,,,,,,,,,,,,,,,,,,,,,,,,,,,,,,,,,,,,,,,,,,,,,,,,,,,,,,,,,,,,,,,,,,,,,,,,,,,,,,,,,,,,,,
MSB:Fish:124153,MSB 124153-1,Pimephales promelas,2025,6,3,JAR9705F,DW,04/08/2025,,37,31,739,BP KL,NA,Arthropod,,0,0,0,0,0,0,0,0,0,0,0,0,0,0,0,0,0,0,0,0,4,0,0,0,0,0,0,0,0,0,0,0,0,0,0,0,0,6,0,NA,NA,0,0,0,0,,MSB 124153-1,Pimephales promelas,JAR9705F,Diplostomulum huronense,4,DW,BP KL,Metacercariae,Connective tissues,70% etoh,P6K8R,,MSB 124153-1,TREM.DIPHUR.CONNECTIVETISSUES,,Dactylogyrus sp.,6,DW,BP KL,Adult,Gill,70% etoh,P6K8S,,MSB 124153-1,MONO.DACSP.GILL,,,,,,,,,,,,,,,,,,,,,,,,,,,,,,,,,,,,,,,,,,,,,,,,,,,,,,,,,,,,,
MSB:Fish:124139,MSB 124139-1,Pimephales promelas,2021,10,7,JAR9771F,CMK,05/07/2025,,54,47,1639,KL,F,NA,,0,0,0,0,0,0,0,0,0,0,0,0,0,0,0,0,0,0,0,0,0,0,0,0,0,0,0,0,0,0,0,0,0,0,0,0,0,1,0,NA,NA,0,0,0,0,,MSB 124139-1,Pimephales promelas,JAR9771F,Dactylogyrus sp,1,KL,KL,NA,Gill,70% etoh,P6K9B,,MSB 124139-1,MONO.DACSP.GILL,,,,,,,,,,,,,,,,,,,,,,,,,,,,,,,,,,,,,,,,,,,,,,,,,,,,,,,,,,,,,,,,,,,,,,,,,
MSB:Fish:124139,MSB 124139-2,Pimephales promelas,2021,10,7,JAR9770F,CMK,05/07/2025,,53,44,1482,KL,NA,NA,,0,0,0,0,0,0,0,0,0,0,0,1,0,0,0,0,0,0,0,0,0,0,0,0,0,0,0,0,0,0,0,0,0,0,0,0,0,0,1,NA,NA,0,0,0,0,,MSB 124139-2,Pimephales promelas,JAR9770F,Unknown Crustacean-1,1,KL,KL,NA,Dorsal fin,70% etoh,P9K9C,,MSB 124139-2,CRUS.FIN.DORSALFIN,,Gyrodactylus sp.,1,KL,KL,N/A,Gill,70% etoh,P6K9D,,MSB 124139-2,MONO.GYRSP.GILL,,,,,,,,,,,,,,,,,,,,,,,,,,,,,,,,,,,,,,,,,,,,,,,,,,,,,,,,,,,,,
MSB:Fish:124139,MSB 124139-3,Pimephales promelas,2025,20,7,JAR9768F,CMK,05/07/2025,,58,48,2264,KL,M,Arthropod,,0,0,0,0,0,0,0,0,0,0,0,0,0,0,0,0,0,1,0,0,0,0,0,0,0,0,0,0,0,0,0,0,0,0,0,0,0,0,0,NA,NA,0,0,0,0,,MSB 124139-3,Pimephales promelas,JAR9768F,Neascus sp,1,KL,KL,NA,Eye,70% etoh,P6K9E,,MSB 124139-3,TREM.NEASP.EYE,,,,,,,,,,,,,,,,,,,,,,,,,,,,,,,,,,,,,,,,,,,,,,,,,,,,,,,,,,,,,,,,,,,,,,,,,
MSB:Fish:124161,MSB 124161-1,Pimephales promelas,2022,11,10,JAR9769F,CMK,05/07/2025,,42,39.5,832,KL,F,NA,,0,0,0,0,0,0,0,0,0,0,0,0,0,0,0,0,0,0,0,0,0,0,0,0,0,0,0,0,0,0,0,0,0,0,0,0,0,0,0,NA,NA,0,0,0,0,,,,,,,,,,,,,,,,,,,,,,,,,,,,,,,,,,,,,,,,,,,,,,,,,,,,,,,,,,,,,,,,,,,,,,,,,,,,,,,,,,,,,,,,
MSB:Fish:124152,MSB 124152-1,Pimephales promelas,2022,6,3,JAR9762F,CM ,05/07/2025,,59,50,1214,KL,NA,Arthropod,,0,0,0,0,0,0,0,0,0,0,0,0,0,0,0,0,0,0,0,0,3,0,0,0,0,0,0,0,0,0,0,0,0,0,0,0,0,0,0,NA,NA,0,0,0,0,,MSB 124152-1,Pimephales promelas,JAR9762F,Diplostomulum huronense,3,KL,KL,Metacercariae,Connective tissues,70% etoh,P6K9A,,MSB 124152-1,TREM.DIPHUR.CONNECTIVETISSUES,,,,,,,,,,,,,,,,,,,,,,,,,,,,,,,,,,,,,,,,,,,,,,,,,,,,,,,,,,,,,,,,,,,,,,,,,
MSB:Fish:124152,MSB 124152-2,Pimephales promelas,2022,6,3,JAR9765F,KL,05/07/2025,,70,57,4491,KL,M,Arthropod,,0,1,0,0,0,0,0,0,0,0,0,0,0,0,0,0,0,0,0,0,0,0,0,0,0,0,0,0,0,0,0,0,0,0,0,1,0,0,0,NA,NA,0,0,0,0,,MSB 124152-2,Pimephales promelas,JAR9765F,Lernaea cyprinacea,1,KL,KL,Adult,Skin,70% etoh,P6K95,,MSB 124152-2,CRUS.LERCYP.SKIN,,Myxobolus sp.,1,KL,KL,N/A,Gill,70% etoh,P6K96,,MSB 124152-2,PROT.MYXSP.SKIN,,,,,,,,,,,,,,,,,,,,,,,,,,,,,,,,,,,,,,,,,,,,,,,,,,,,,,,,,,,,,
MSB:Fish:124155,MSB 124155-3,Pimephales promelas,2022,10,5,JAR9780F,KL,05/05/2025,,49,38,1296.5,KL,NA,NA,,0,0,0,0,0,0,0,0,0,0,0,0,0,0,0,0,0,0,0,0,0,0,0,0,0,0,0,0,0,0,0,0,0,0,0,1,0,1,0,NA,NA,0,0,0,0,,MSB 124155-3,Pimephales promelas,JAR9780F,Myxobolus sp.,1,KL,KL,NA,Gill,70% etoh,P6K98,,MSB 124155-3,PROT.MYXSP.GILL,,Dactylogyrus sp,1,KL,KL,N/A,Gill,70% etoh,P6K99,,MSB 124155-3,MONO.DACSP.GILL,,,,,,,,,,,,,,,,,,,,,,,,,,,,,,,,,,,,,,,,,,,,,,,,,,,,,,,,,,,,,
MSB:Fish:124155,MSB 124155-2,Pimephales promelas,2022,10,5,JAR9779F,KL,05/05/2025,,46,38,1213.3,KL,F,NA,,0,0,0,0,0,0,0,0,0,0,0,0,0,0,0,0,0,0,0,0,0,0,0,0,0,0,0,0,0,0,0,0,0,0,0,0,0,0,0,NA,NA,0,0,0,0,,,,,,,,,,,,,,,,,,,,,,,,,,,,,,,,,,,,,,,,,,,,,,,,,,,,,,,,,,,,,,,,,,,,,,,,,,,,,,,,,,,,,,,,
MSB:Fish:124141,MSB 124141-3,Pimephales promelas,2021,10,7,JAR9778F,KL,05/05/2025,,53,43,1625,KL,NA,Arthropod,,0,0,0,0,0,0,0,0,0,0,0,0,0,0,0,0,0,0,0,0,0,0,0,0,0,0,0,0,0,0,0,0,0,0,0,0,0,0,0,NA,NA,0,0,0,0,,,,,,,,,,,,,,,,,,,,,,,,,,,,,,,,,,,,,,,,,,,,,,,,,,,,,,,,,,,,,,,,,,,,,,,,,,,,,,,,,,,,,,,,
MSB:Fish:124144,MSB 124144-4,Pimephales promelas,2021,11,11,JAR9782F,KL,05/05/2025,,68,55,NA,KL,NA,NA,,0,0,0,0,0,0,0,0,0,0,0,0,0,0,0,0,0,0,0,0,1,0,0,0,0,0,0,0,0,0,0,0,0,0,0,0,0,1,0,NA,NA,0,0,0,0,,MSB 124144-4,Pimephales promelas,JAR9782F,Diplostomulum huronense,1,KL,KL,Metacercariae,Connective tissues,70% etoh,P6K90,,MSB 124144-4,TREM.DIPHUR.CONNECTIVETISSUES,,Dactylogyrus sp,1,KL,KL,N/A,Gill,70% etoh,P6K91,,MSB 124144-4,MONO.DACSP.GILL,,,,,,,,,,,,,,,,,,,,,,,,,,,,,,,,,,,,,,,,,,,,,,,,,,,,,,,,,,,,,
MSB:Fish:124144,MSB 124144-5,Pimephales promelas,2021,11,11,JAR9783F,KL,05/05/2025,,56,44,1724.1,KL,F,NA,,0,0,0,0,0,0,0,0,0,0,0,0,0,0,0,0,0,0,0,0,0,0,0,0,0,0,0,0,0,0,0,0,0,0,0,0,0,0,0,NA,NA,0,0,0,0,,,,,,,,,,,,,,,,,,,,,,,,,,,,,,,,,,,,,,,,,,,,,,,,,,,,,,,,,,,,,,,,,,,,,,,,,,,,,,,,,,,,,,,,
MSB:Fish:124144,MSB 124144-6,Pimephales promelas,2021,11,11,JAR9760F,KL,05/05/2025,,50,39,1024.4,KL,NA,NA,,0,0,0,0,0,0,0,0,0,0,0,0,0,0,0,0,0,0,0,0,0,0,0,0,0,0,0,0,0,0,0,0,0,0,0,0,0,1,0,NA,NA,0,0,0,0,,MSB 124144-6,Pimephales promelas,JAR9760F,Dactylogyrus sp,1,KL,KL,NA,Gill,70% etoh,P6K8Z,,MSB 124144-6,MONO.DACSP.GILL,,,,,,,,,,,,,,,,,,,,,,,,,,,,,,,,,,,,,,,,,,,,,,,,,,,,,,,,,,,,,,,,,,,,,,,,,
MSB:Fish:124144,MSB 124144-7,Pimephales promelas,2021,11,11,JAR9761F,KL,05/05/2025,,59,49,1939.3,KL,F,NA,,0,0,0,0,0,0,0,0,0,0,0,0,0,0,0,0,0,0,0,0,0,0,0,0,0,0,0,0,0,0,0,0,0,0,0,0,0,1,0,NA,NA,0,0,0,0,,MSB 124144-7,Pimephales promelas,JAR9761F,Dactylogyrus sp,1,KL,KL,Adult,Gill,70% etoh,PGK8Y,,MSB 124144-7,MONO.DACSP.GILL,,,,,,,,,,,,,,,,,,,,,,,,,,,,,,,,,,,,,,,,,,,,,,,,,,,,,,,,,,,,,,,,,,,,,,,,,
MSB:Fish:124141,MSB 124141-2,Pimephales promelas,2021,10,7,JAR9773F,BP,04/28/2025,,52,45,1805,CMK KL,F,"Arthropod, Vegetation ",,0,0,0,0,0,0,0,0,0,0,0,0,0,0,0,0,0,2,0,0,0,0,0,0,0,0,0,0,0,0,0,0,0,0,0,0,0,0,0,NA,NA,0,0,0,0,,MSB 124141-2,Pimephales promelas,JAR9773F,Neascus sp,2,CMK KL,KL,Metacercariae,Eye,70% etoh,P6K8X,,MSB 124141-2,TREM.NEASP.EYE,,,,,,,,,,,,,,,,,,,,,,,,,,,,,,,,,,,,,,,,,,,,,,,,,,,,,,,,,,,,,,,,,,,,,,,,,
MSB:Fish:124157,MSB 124157-7,Pimephales promelas,2025,10,5,JAR9703F,SV,04/14/2025,,47,38,1243,BP KL,F,NA,,0,0,0,0,0,0,0,0,0,0,0,0,1,0,0,0,0,0,0,0,0,0,0,0,0,0,0,0,0,0,0,0,0,0,0,0,0,1,0,NA,NA,0,0,0,0,,MSB 124157-7,Pimephales promelas,JAR9703F,Dactylogyrus sp,1,BP,KL,Adult,Gill,70% etoh,P6K8U,,MSB 124157-7,MONO.DACSP.GILL,,Gyrodactylus sp,1,KL,KL,Adult,Dorsal fin,70% etoh,P6K8V,,MSB 124157-7,MONO.GYRSP.FIN,,,,,,,,,,,,,,,,,,,,,,,,,,,,,,,,,,,,,,,,,,,,,,,,,,,,,,,,,,,,,
MSB:Fish:124157,MSB 124157-6,Pimephales promelas,2022,10,5,JAR9704F,WM,04/14/2025,,43,34,725,WM KL,NA,NA,,0,0,0,0,0,0,0,0,0,0,0,0,0,0,0,0,0,0,0,0,0,0,0,0,0,0,0,0,0,0,0,0,0,0,0,0,0,0,0,NA,NA,0,0,0,0,,,,,,,,,,,,,,,,,,,,,,,,,,,,,,,,,,,,,,,,,,,,,,,,,,,,,,,,,,,,,,,,,,,,,,,,,,,,,,,,,,,,,,,,
MSB:Fish:124157,MSB 124157-3,Pimephales promelas,2022,10,5,JAR9709F,SV,04/14/2025,,60,49,1971,KL,M,NA,,0,0,0,0,0,0,0,0,0,0,0,0,0,0,0,0,0,0,0,0,0,0,0,0,0,0,0,0,0,0,0,0,0,0,0,0,0,0,0,NA,NA,0,0,0,0,,,,,,,,,,,,,,,,,,,,,,,,,,,,,,,,,,,,,,,,,,,,,,,,,,,,,,,,,,,,,,,,,,,,,,,,,,,,,,,,,,,,,,,,
MSB:Fish:124157,MSB 124157-5,Pimephales promelas,2022,10,5,JAR9706F,WM,04/14/2025,,46,37,1237.4,N/A,F,NA,,0,0,0,0,0,0,0,0,0,0,0,0,0,0,0,0,0,0,0,0,0,0,0,0,0,0,0,0,0,0,0,0,0,0,0,0,0,0,0,NA,NA,0,0,0,0,,,,,,,,,,,,,,,,,,,,,,,,,,,,,,,,,,,,,,,,,,,,,,,,,,,,,,,,,,,,,,,,,,,,,,,,,,,,,,,,,,,,,,,,
MSB:Fish:124144,MSB 124144-1,Pimephales promelas,2021,11,11,JAR9774F,WM,04/28/2025,,58,48,2093.6,KL,F,"Arthropod, Vegetation ",,0,0,0,0,0,0,0,0,0,0,0,0,0,0,0,0,0,0,0,0,0,0,0,0,0,0,0,0,0,0,0,0,0,0,0,0,0,1,0,NA,NA,0,0,0,0,,MSB 124144-1,Pimephales promelas,JAR9774F,Dactylogyrus sp,1,KL,KL,Adult,Gill,70% etoh,P6K8W,,MSB 124144-1,MONO.DACSP.GILL,,,,,,,,,,,,,,,,,,,,,,,,,,,,,,,,,,,,,,,,,,,,,,,,,,,,,,,,,,,,,,,,,,,,,,,,,
MSB:Fish:124144,MSB 124144-2,Pimephales promelas,2021,11,11,JAR9777F,WM,04/28/2025,,54,47,1571.8,CMK,NA,NA,,0,0,0,0,0,0,0,0,0,0,0,0,0,0,0,0,0,0,0,0,0,0,0,0,0,0,0,0,0,0,0,0,0,0,0,0,0,0,0,NA,NA,0,0,0,0,,,,,,,,,,,,,,,,,,,,,,,,,,,,,,,,,,,,,,,,,,,,,,,,,,,,,,,,,,,,,,,,,,,,,,,,,,,,,,,,,,,,,,,,
MSB:Fish:124144,MSB 124144-3,Pimephales promelas,2021,11,11,JAR9776F,WM,04/28/2025,,57,47,1865.5,WM KL,NA,NA,,0,0,0,0,0,0,0,0,0,0,0,0,0,0,0,0,0,0,0,0,0,0,0,0,0,0,0,0,0,0,0,0,0,0,0,0,0,0,0,NA,NA,0,0,0,0,,,,,,,,,,,,,,,,,,,,,,,,,,,,,,,,,,,,,,,,,,,,,,,,,,,,,,,,,,,,,,,,,,,,,,,,,,,,,,,,,,,,,,,,
MSB:Fish:124141,MSB 124141-1,Pimephales promelas,2021,10,7,JAR9772F,BP,04/28/2025,,49,40,1452,BP KL,F,NA,,0,0,0,0,0,0,0,0,0,0,0,0,0,0,0,0,0,0,0,0,0,0,0,0,0,0,0,0,0,0,0,0,0,0,0,0,0,0,0,NA,NA,0,0,0,0,,,,,,,,,,,,,,,,,,,,,,,,,,,,,,,,,,,,,,,,,,,,,,,,,,,,,,,,,,,,,,,,,,,,,,,,,,,,,,,,,,,,,,,,
MSB:Fish:124141,MSB 124141-4,Pimephales promelas,2021,10,7,JAR9775F,KL,05/05/2025,,44,36,975.9,KL,F,NA,,0,0,0,0,0,0,0,0,0,0,0,0,0,0,0,0,0,0,0,0,0,0,0,0,0,0,0,0,0,0,0,0,0,0,0,1,0,2,0,NA,NA,0,0,0,0,,MSB 124141-4,Pimephales promelas,JAR9775F,Dactylogyrus sp,2,KL,KL,NA,Gill,70% etoh,P6K92,,MSB 124141-4,MONO.DACSP.GILL,,Myxobolus sp.,1,KL,KL,NA,Gill,70% etoh,P6K04,,MSB 124141-4,PROT.MYXSP.GILL,,,,,,,,,,,,,,,,,,,,,,,,,,,,,,,,,,,,,,,,,,,,,,,,,,,,,,,,,,,,,
MSB:Fish:124155,MSB 124155-1,Pimephales promelas,2021,10,5,JAR9781F,KL,05/05/2025,,54,44,1851.7,KL,F,NA,,0,0,0,0,0,0,0,0,0,0,0,0,0,0,0,0,0,0,0,0,0,0,0,0,0,0,0,0,0,0,0,0,0,0,0,0,0,2,0,NA,NA,0,0,0,0,,MSB 124155-1,Pimephales promelas,JAR9781F,Dactylogyrus sp,2,KL,KL,NA,Gill,70% etoh,P6K97,,MSB 124155-1,MONO.DACSP.GILL,,,,,,,,,,,,,,,,,,,,,,,,,,,,,,,,,,,,,,,,,,,,,,,,,,,,,,,,,,,,,,,,,,,,,,,,,
MSB:Fish:124143,MSB 124143-1,Pimephales promelas,2021,10,7,JAR9750F,WM,05/12/2025,,51,43,1240.2,WM KL,NA,NA,,0,0,0,0,0,0,0,0,0,0,0,0,0,0,0,0,0,0,0,0,1,0,0,0,0,0,0,0,0,0,0,0,0,0,0,0,0,1,0,NA,NA,0,0,0,0,,MSB 124143-1,Pimephales promelas,JAR9750F,Dactylogyrus sp,1,KL,KL,NA,Gill,70% etoh,P6K9J,,MSB 124143-1,MONO.DACSP.GILL,,Diplostomulum huronense,1,KL,KL,Metacercariae,Connective tissue,70% etoh,P6K7X,,MSB 124143-1,TREM.DIPHUR.CONNECTIVETISSUES,,,,,,,,,,,,,,,,,,,,,,,,,,,,,,,,,,,,,,,,,,,,,,,,,,,,,,,,,,,,,
MSB:Fish:124143,MSB 124143-2,Pimephales promelas,2021,10,7,JAR9766F,WM,05/12/2025,,51,43,1430.1,KL,NA,NA,,0,0,0,0,0,0,0,0,0,0,0,0,0,0,0,0,0,0,0,0,0,0,0,0,0,0,0,0,0,0,0,0,0,0,0,0,0,0,0,NA,NA,0,0,0,0,,,,,,,,,,,,,,,,,,,,,,,,,,,,,,,,,,,,,,,,,,,,,,,,,,,,,,,,,,,,,,,,,,,,,,,,,,,,,,,,,,,,,,,,
MSB:Fish:124146,MSB 124146-1,Pimephales promelas,2021,11,11,JAR9763F,WM,05/12/2025,,62,57,4042.3,KL,NA,NA,,0,0,0,0,0,0,0,0,0,0,0,0,0,0,0,0,0,0,0,0,1,0,0,0,0,0,0,0,0,0,0,0,0,0,0,1,0,1,0,NA,NA,0,0,0,0,,MSB 124146-1,Pimephales promelas,JAR9763F,Diplostomulum huronense,1,KL,KL,Metacercariae,Connective tissue,70% etoh,P6K9G,,MSB 124146-1,TREM.DIPHUR.CONNECTIVETISSUE,,Myxobolus sp.,1,KL,KL,NA,Gill,70% etoh, P6K9H,,MSB 124146-1,PROT.MYXSP.GILL,,Dactylogyrus sp,1,KL,KL,NA,Gill,70% etoh,P6K9I,,MSB 124146-1,MONO.DACSP.GILL,,,,,,,,,,,,,,,,,,,,,,,,,,,,,,,,,,,,,,,,,,,,,,,,,
MSB:Fish:124149,MSB 124149-1,Pimephales promelas,2022,4,7,JAR9764F,WM,05/12/2025,,54,45,1979,KL,NA,NA,,0,0,0,0,0,0,0,0,0,0,0,0,0,0,0,0,0,0,0,0,0,0,0,0,0,0,0,0,0,0,0,0,0,0,0,0,0,0,0,NA,NA,0,0,0,0,,,,,,,,,,,,,,,,,,,,,,,,,,,,,,,,,,,,,,,,,,,,,,,,,,,,,,,,,,,,,,,,,,,,,,,,,,,,,,,,,,,,,,,,
MSB:Fish:124163,MSB 124163-1,Pimephales promelas,2022,11,10,JAR9767F,KL,05/12/2025,,50,41,1281,KL,NA,NA,,0,0,0,0,0,0,0,0,0,0,0,0,0,0,0,0,0,0,0,0,0,0,0,0,0,0,0,0,0,0,0,0,0,0,0,0,0,1,0,NA,NA,0,0,0,0,,MSB 124163-1,Pimephales promelas,JAR9767F,Dactylogyrus sp,1,KL,KL,NA,Gill,70% etoh,P6K9F,,MSB 124163-1,MONO.DACSP.GILL,,,,,,,,,,,,,,,,,,,,,,,,,,,,,,,,,,,,,,,,,,,,,,,,,,,,,,,,,,,,,,,,,,,,,,,,,
MSB:Fish:4045,MSB 4045-4,Pimephales promelas,1977,5,12,JAR11639F,BP,07-21-2025,07-21-2025,49,39,19916,GC,F,"Arthropod, vegetation ",,0,0,0,0,0,0,0,0,0,0,0,0,0,0,0,0,0,0,0,0,0,0,0,0,0,0,0,0,0,0,0,0,0,0,0,0,0,0,0,0,0,0,0,0,0,,,,,,,,,,,,,,,,,,,,,,,,,,,,,,,,,,,,,,,,,,,,,,,,,,,,,,,,,,,,,,,,,,,,,,,,,,,,,,,,,,,,,,,,
MSB:Fish:4045,MSB 4045-5,Pimephales promelas,1977,5,12,JAR11630F,EO,07-21-2025,07-21-2025,49,41,1667,JG,F,Arthropod,,0,0,0,0,0,0,0,0,0,0,0,0,0,0,0,0,0,0,0,0,0,0,0,0,0,0,0,0,0,0,0,0,0,0,0,0,0,0,0,0,0,0,0,0,0,,,,,,,,,,,,,,,,,,,,,,,,,,,,,,,,,,,,,,,,,,,,,,,,,,,,,,,,,,,,,,,,,,,,,,,,,,,,,,,,,,,,,,,,
MSB:Fish:4045,MSB 4045-3,Pimephales promelas,1977,5,12,JAR11636F,EO,07-21-2025,07-21-2025,46,36,1210,BP,NA,NA,,0,0,0,0,0,0,0,0,0,0,0,0,0,0,0,0,0,0,0,0,0,0,0,0,0,0,0,0,0,0,0,0,0,0,0,0,0,0,0,0,0,2,0,0,0,,MSB 4045-3,Pimephales promelas,JAR11636F,Centrovarium sp,2,BP,BP,Metacercariae,Flush,70% etoh,P6KWT,10,MSB 4045-3,TREM.CENT.FLUSH,,,,,,,,,,,,,,,,,,,,,,,,,,,,,,,,,,,,,,,,,,,,,,,,,,,,,,,,,,,,,,,,,,,,,,,,,
MSB:Fish:727,MSB 727-2,Pimephales promelas,1949,7,28,JAR11642F,BP,07-23-2025,07-23-2025,32,27,306,GC,NA,NA,Fish presenting with snub-nose deformation resulting in superior mouth form as opposed to terminal placement,0,0,0,0,0,0,0,0,0,0,0,0,0,0,0,0,0,0,0,0,0,0,0,0,0,0,0,0,0,0,0,0,0,0,0,0,0,1,0,0,0,0,0,0,0,,MSB 727-2,Pimephales promelas,JAR11642F,Dactylogyrus sp.,1,GC,GC,Adult,Gill,70% etoh,P6KTJ,10,MSB 727-2,MONO.DACSP.GILL,,,,,,,,,,,,,,,,,,,,,,,,,,,,,,,,,,,,,,,,,,,,,,,,,,,,,,,,,,,,,,,,,,,,,,,,,
MSB:Fish:680,MSB 680-5,Pimephales promelas,1959,2,24,JAR11628F,EO,07-23-2025,07-23-2025,42,34,600,JG,NA,NA,,0,0,0,0,0,0,0,0,0,0,0,0,0,0,0,0,0,0,0,0,0,0,0,0,0,0,0,0,0,0,0,0,0,0,0,0,0,0,0,0,0,1,0,0,0,,MSB 680-5,Pimephales promelas,JAR11628F,Centrovarium sp.,1,JG,JG,Metacercariae,Flush,70% etoh,P6KRY,10,MSB 680-5,TREM.CENT.FLUSH,,,,,,,,,,,,,,,,,,,,,,,,,,,,,,,,,,,,,,,,,,,,,,,,,,,,,,,,,,,,,,,,,,,,,,,,,
MSB:Fish:4045,MSB 4045-2,Pimephales promelas,1977,5,12,JAR11633F,BP,07-21-2025,07-23-2025,49,39,1415,JG,NA,NA,,0,0,0,0,0,0,0,0,0,0,0,0,0,0,0,0,0,0,0,0,0,0,0,0,0,0,0,0,0,0,0,0,0,0,0,7,0,1,0,0,0,0,0,0,0,,MSB 4045-2,Pimephales promelas,JAR11633F,Dactylogyrus sp.,1,JG,JG,Adult,Gill,70% etoh,P6KRZ,10,MSB 4045-2,MONO.DACSP.GILL,,Myxobolus sp.,7,JG,JG,Myxo spore,Gill,70% etoh,P6KS0,10,MSB 4045-2,PROT.MYXSP.GILL,,,,,,,,,,,,,,,,,,,,,,,,,,,,,,,,,,,,,,,,,,,,,,,,,,,,,,,,,,,,,
MSB:Fish:4045,MSB 4045-1,Pimephales promelas,1977,5,12,JAR11631F,EO,07-21-2025,07-23-2025,53,44,2208,GC,F,Arthropod,,0,0,0,0,0,0,0,0,0,0,0,0,0,0,0,0,0,0,0,0,0,0,0,0,0,0,0,0,0,0,0,0,0,0,0,2,0,1,0,0,0,0,0,0,0,,MSB 4045-1,Pimephales promelas,JAR11631F,Myxobolus sp.,2,GC,GC,Myxo spore,Gill,70% etoh,P6KTH,10,MSB 4045-1,PROT.MYXSP,,Dactylogyrus sp.,1,GC,GC,Adult,Gill,70% etoh,P6KTI,10,MSB 4045-1,MONO.DACSP.GILL,,,,,,,,,,,,,,,,,,,,,,,,,,,,,,,,,,,,,,,,,,,,,,,,,,,,,,,,,,,,,
MSB:Fish:8990,MSB 8990-1,Pimephales promelas,1990,10,28,JAR11696F,BP,07-23-2025,07-23-2025,51,39,1373,GC,NA,NA,,0,0,0,0,0,0,0,0,0,0,0,0,0,0,0,0,0,0,0,0,0,0,0,0,0,0,0,0,0,0,0,0,0,0,0,0,0,0,0,0,0,0,0,0,0,,,,,,,,,,,,,,,,,,,,,,,,,,,,,,,,,,,,,,,,,,,,,,,,,,,,,,,,,,,,,,,,,,,,,,,,,,,,,,,,,,,,,,,,
MSB:Fish:8990,MSB 8990-3,Pimephales promelas,1990,10,28,JAR11697F,EO,07-23-2025,07-23-2025,53,43,1605,GC,NA,NA,,0,0,0,0,0,0,0,0,0,0,0,0,0,0,0,0,0,0,0,0,0,0,0,0,0,0,0,0,0,0,0,0,0,0,0,0,0,0,0,0,0,0,0,0,0,,,,,,,,,,,,,,,,,,,,,,,,,,,,,,,,,,,,,,,,,,,,,,,,,,,,,,,,,,,,,,,,,,,,,,,,,,,,,,,,,,,,,,,,
MSB:Fish:727,MSB 727-3,Pimephales promelas,1949,7,28,JAR11648F,EO,07-23-2025,07-23-2025,37,30,492,BP GC,NA,NA,,0,0,0,0,0,0,0,0,0,0,0,0,0,0,0,0,0,0,0,0,0,0,0,0,0,0,0,0,0,0,0,0,0,0,0,0,0,0,0,NA,NA,0,0,0,0,,,,,,,,,,,,,,,,,,,,,,,,,,,,,,,,,,,,,,,,,,,,,,,,,,,,,,,,,,,,,,,,,,,,,,,,,,,,,,,,,,,,,,,,
MSB:Fish:9040,MSB 9040-2,Pimephales promelas,1990,10,29,JAR11692F,BP,07-23-2025,07-23-2025,34,27,373,EO GC,NA,NA,,0,0,0,0,0,0,0,0,0,0,0,0,0,NA,0,0,0,0,0,0,1,0,0,0,0,0,0,0,0,0,0,0,0,0,0,0,0,0,0,NA,NA,1,0,0,0,,MSB 9040-2,Pimephales promelas,JAR11692F,Centrovarium sp.,1,EO,EO,Metacercariae,Flush,70% etoh,P6KRD,10,MSB 9040-2,TREM.CENT.FLUSH,,Diplostomatidae,1,EO,EO,Metacercariae,Connective tissue,70% etoh,P6KRE,10,MSB 9040-2,TREM.DIPHUR.CONNECTIVETISSUE,,,,,,,,,,,,,,,,,,,,,,,,,,,,,,,,,,,,,,,,,,,,,,,,,,,,,,,,,,,,,
MSB:Fish:8990,MSB 8990-4,Pimephales promelas,1990,10,28,JAR11695F,EO,07-23-2025,07-23-2025,47,38,1097,EO GC,NA,NA,,0,0,0,0,0,0,0,0,0,0,0,0,0,0,0,0,0,0,0,0,0,0,0,0,0,0,0,0,0,0,0,0,0,0,0,0,0,1,0,0,0,0,0,0,0,,MSB 8990-4,Pimephales promelas,JAR11695F,Dactylogyrus sp.,1,EO GC,EO GC,Adult,Gill,70% etoh,P6KRF,10,MSB 8990-4,MONO.DACSP.GILL,,,,,,,,,,,,,,,,,,,,,,,,,,,,,,,,,,,,,,,,,,,,,,,,,,,,,,,,,,,,,,,,,,,,,,,,,
MSB:Fish:680,MSB 680-2,Pimephales promelas,1959,2,24,JAR11638F,BP,07-23-2025,07-23-2025,54,41,1494,JG,NA,Arthropod,,0,0,0,0,0,0,0,0,0,0,0,0,0,0,0,0,0,0,0,0,0,0,0,0,0,0,0,0,0,0,0,0,0,0,0,0,0,1,0,0,0,1,1,0,0,TREM.UNK lost,MSB 680-2,Pimephales promelas,JAR11638F,Centrovarium sp.,1,JG,JG,Metacercariae,Flush,70% etoh,P6KRX,10,MSB 680-2,TREM.CENT.FLUSH,,Diplostomulum sp. ,1,JG,JG,Metacercariae,Flush,70% etoh,P6KRW,10,MSB 680-2,TREM.DIPS.FLUSH,,Dactylogyrus sp.,1,JG,JG,Adult,Gill,70% etoh,P6KSI,10,MSB 680-2,MONO.DACSP.GILL,,,,,,,,,,,,,,,,,,,,,,,,,,,,,,,,,,,,,,,,,,,,,,,,,
MSB:Fish:9040,MSB 9040-3,Pimephales promelas,1990,10,29,JAR11691F,EO,07-23-2025,07-23-2025,48,39,1043,GC,NA,NA,,0,0,0,0,0,0,0,0,0,0,0,0,0,0,4,0,0,0,0,0,3,0,1,0,0,0,0,0,0,0,0,0,0,0,0,0,0,0,0,0,0,0,0,0,0,,MSB 9040-3,Pimephales promelas,JAR11691F,Digenea sp. ,1,GC,GC,Metacercariae,Connective tissue,70% etoh,P6KSJ,10,MSB 9040-3,TREM.P.CONNECTIVETISSUE,,Diplostomatidae sp. ,3,GC,GC,Metacercariae,Connective tissue,70% etoh,P6KSK,10,MSB 9040-3,TREM.DIPHUR.CONNECTIVETISSUE,,Diplostomatidae sp.,4,GC,GC,Metacercariae,Liver,70% etoh,P6KSL,10,MSB 9040-3,TREM.DIPHUR.LIVER,,,,,,,,,,,,,,,,,,,,,,,,,,,,,,,,,,,,,,,,,,,,,,,,,
MSB:Fish:9040,MSB 9040-5,Pimephales promelas,1990,10,29,JAR11689F,BP,07-23-2025,07-23-2025,34,27,382,JG GC,NA,Arthropod,,0,0,0,0,0,0,0,0,0,0,0,0,0,0,0,0,0,0,0,0,0,0,0,0,0,0,0,1,6,0,0,0,0,0,0,0,0,0,0,NA,NA,1,0,0,0,,MSB 9040-5,Pimephales promelas,JAR11689F,Centrovarium sp.,1,JG GC,JG GC,Metacercariae,Flush,70% etoh,P6KSM,10,MSB 9040-5,TREM.CENT.FLUSH,,Diplostomulum sp. ,6,JG GC,JG GC,Metacercariae,Intestine,70% etoh,P6KSN,10,MSB 9040-5,TREM.DIPS.INTESTINE,,Centrovarium sp.,1,JG GC,JG GC,Metacercariae,Intestine,70% etoh,P6KSO,10,MSB 9040-5,TREM.CENT.INT,,,,,,,,,,,,,,,,,,,,,,,,,,,,,,,,,,,,,,,,,,,,,,,,,
MSB:Fish:727,MSB 727-1,Pimephales promelas,1949,7,28,JAR11645F,EO,07-23-2025,07-23-2025,34,27,359,GC,NA,Arthropod,,0,0,0,0,0,0,0,0,0,0,0,0,0,0,0,0,0,0,0,0,0,0,0,0,0,0,0,0,0,0,0,0,0,0,0,0,0,0,0,0,0,0,1,0,0,,MSB 727-1,Pimephales promelas,JAR11645F,Diplostomatidae sp.,1,GC,GC,Metacercariae,Flush,70% etoh,P6KSP,10,MSB 727-1,TREM.DIPHUR.FLUSH,,,,,,,,,,,,,,,,,,,,,,,,,,,,,,,,,,,,,,,,,,,,,,,,,,,,,,,,,,,,,,,,,,,,,,,,,
MSB:Fish:9040,MSB 9040-4,Pimephales promelas,1990,10,29,JAR11690F,EO,07-23-2025,07-23-2025,50,41,1262,EO GC,F,NA,,0,0,0,0,0,0,0,0,0,0,0,0,0,0,0,0,0,0,0,0,6,0,8,0,0,0,0,0,0,0,0,0,0,0,0,0,0,0,0,0,0,0,0,0,0,,MSB 9040-4,Pimephales promelas,JAR11690F,Digenea sp. ,8,EO GC,EO GC,Metacercariae,Connective tissue,70% etoh,P6KRG,10,MSB 9040-4,TREM.P.CONNECTIVETISSUE,,Diplostomatidae sp.,6,EO GC,EO GC,Metacercariae,Connective tissue,70% etoh,P6KRJ,10,MSB 9040-4,TREM.DIPHUR.CONNECTIVETISSUE,,,,,,,,,,,,,,,,,,,,,,,,,,,,,,,,,,,,,,,,,,,,,,,,,,,,,,,,,,,,,
MSB:Fish:8990,MSB 8990-3,Pimephales promelas,1990,10,28,JAR11698F,BP,07-23-2025,07-23-2025,48,37,906,JG GC,F,NA,,0,0,0,0,0,0,0,0,0,0,0,0,0,0,0,0,0,0,0,0,0,0,0,0,0,0,0,0,0,0,0,0,0,0,0,0,0,0,0,0,0,0,0,0,0,,,,,,,,,,,,,,,,,,,,,,,,,,,,,,,,,,,,,,,,,,,,,,,,,,,,,,,,,,,,,,,,,,,,,,,,,,,,,,,,,,,,,,,,
MSB:Fish:727,MSB 727-4,Pimephales promelas,1949,7,28,JAR11650F,EO,07-23-2025,07-23-2025,35,28,418,BP GC,NA,NA,,0,0,0,0,0,0,0,0,0,0,0,0,0,0,0,0,0,0,0,0,13,0,1,0,0,0,0,0,0,1,2,0,0,0,0,0,0,2,0,0,0,0,0,0,0,,MSB 727-4,Pimephales promelas,JAR11650F,Digenea sp.,1,BP GC,BP GC,Metacercariae,Connective tissue,70% etoh,P6KWU,10,MSB 727-4,TREM.P.CONNECTIVETISSUE,,Diplostomatidae sp.,13,BP GC,BP GC,Metacercariae,Connective tissue,70% etoh,P6KRI,10,MSB 727-4,TREM.DIPHUR.CONNECTIVETISSUE,,Capillaria sp.,1,BP GC,BP GC,Adult,Intestine,70% etoh,P6KRH,10,MSB 727-4,NEM.CAP.INT,,Contracaecum sp.,2,BP GC,BP GC,Adult,Intestine,70% etoh,P6KWV,10,MSB 727-4,NEM.CONT.INT,,Dactylogyrus sp.,2,BP GC,BP GC,Adult,Gill,70% etoh,P6KRK,10,MSB 727-4,MONO.DACSP.GILL,,,,,,,,,,,,,,,,,,,,,,,,,
MSB:Fish:680,MSB 680-4,Pimephales promelas,1959,2,24,JAR11635F,BP,07-23-2025,07-23-2025,69,54,3918,EO GC,NA,NA,,0,0,0,0,0,0,0,0,0,0,0,0,0,0,0,0,0,0,0,0,2,0,0,0,0,0,0,0,0,0,0,0,0,0,0,0,0,0,0,0,0,0,0,3,0,,MSB 680-4,Pimephales promelas,JAR11635F,Diplostomatidae sp. ,2,EO GC,EO GC,Metacercariae,Connective tissue,70% etoh,P6KRS,10,MSB 680-3,TREM.DIPHUR.CONNECTIVETISSUE,,Digenea,3,EO GC,EO GC,Metacercariae,Flush,70% etoh,P6KRT,10,MSB 680-4,TREM.P.FLUSH,,,,,,,,,,,,,,,,,,,,,,,,,,,,,,,,,,,,,,,,,,,,,,,,,,,,,,,,,,,,,
MSB:Fish:8990,MSB 8990--5,Pimephales promelas,1990,10,28,JAR11694F,BP,07-23-2025,07-24-2025,44,34,793,JG GC,NA,NA,,0,0,0,0,0,0,0,0,0,0,0,0,0,0,0,0,0,0,0,0,1,0,0,0,0,0,0,0,0,0,0,0,0,0,0,0,0,0,0,0,0,0,0,0,0,,MSB 8990-5,Pimephales promelas,JAR11694F,Diplostomatidae sp. ,1,JG GC,JG GC,Metacercariae,Connective tissue,70% etoh,P6KRP,10,MSB 8990-5,TREM.DIPHUR.CONNECTIVETISSUE,,,,,,,,,,,,,,,,,,,,,,,,,,,,,,,,,,,,,,,,,,,,,,,,,,,,,,,,,,,,,,,,,,,,,,,,,
MSB:Fish:9040,MSB 9040-1,Pimephales promelas,1990,10,29,JAR11693F,EO,07-23-2025,07-24-2025,50,41,1104,GC,NA,NA,,0,0,0,0,0,0,0,0,1,0,0,0,0,0,0,0,0,0,0,0,0,0,0,0,0,0,0,0,0,0,0,0,0,0,0,0,0,0,0,0,0,0,0,0,0,,MSB 9040-1,Pimephales promelas,JAR11693F,Gyrodactylus sp.,1,GC,GC,Adult,Pelvic fin,70% etoh,P6KRO,10,MSB 9040-1,MONO.GYRSP.PELVICFIN,,,,,,,,,,,,,,,,,,,,,,,,,,,,,,,,,,,,,,,,,,,,,,,,,,,,,,,,,,,,,,,,,,,,,,,,,
MSB:Fish:7252,MSB 7252-5,Pimephales promelas,1989,11,19,JAR11656F,JG,07-24-2025,07-24-2025,33,27,332,GC,F,NA,,0,0,0,0,0,0,0,0,0,0,0,0,0,0,0,0,0,0,0,0,0,0,0,0,0,0,0,0,0,0,0,1,0,0,0,0,0,0,0,0,0,0,0,0,0,,MSB 7252-5,Pimephales promelas,JAR11656F,Biacetabulum sp.,1,GC,GC,Larval,Intestine,70% etoh,P6M98,10,MSB 7252-5,CEST.B.INTESTINE,,,,,,,,,,,,,,,,,,,,,,,,,,,,,,,,,,,,,,,,,,,,,,,,,,,,,,,,,,,,,,,,,,,,,,,,,
MSB:Fish:7252,MSB 7252-4,Pimephales promelas,1989,11,19,JAR11659F,EO,07-24-2025,07-24-2025,54,44,1801,EO GC,F,NA,,0,0,0,0,0,0,1,0,0,0,0,0,0,0,0,0,0,0,0,0,0,0,3,0,0,0,0,0,0,0,0,0,0,0,0,0,0,1,0,0,0,0,0,0,0,TREM.N lost,MSB 7252-4,Pimephales promelas,JAR11659F,Dactylogyrus sp. ,1,EO GC,EO GC,Adult,Gill,70% etoh,P6MAW,10,MSB 7252-4,MONO.DACSP.GILL,,Digenea,3,EO GC,EO GC,Metacercariae,Connective tissue,70% etoh,P6MAX,10,MSB 7252-4,TREM.P.CONNECTIVETISSUE,,,,,,,,,,,,,,,,,,,,,,,,,,,,,,,,,,,,,,,,,,,,,,,,,,,,,,,,,,,,,
MSB:Fish:680,MSB 680-3,Pimephales promelas,1959,2,24,JAR11632F,EO,07-23-2025,07-24-2025,63,51,2575,GC,NA,NA,,0,0,0,0,0,0,0,0,2,0,0,0,0,0,0,0,0,0,0,0,4,0,0,0,0,0,0,0,0,0,0,0,0,0,0,0,0,0,0,0,0,0,0,0,0,,MSB 680-3,Pimephales promelas,JAR11632F,Gyrdactylus sp.,2,GC,GC,Adult,Pelvic fin,70% etoh,P6KRM,10,MSB 680-3,MONO.GYRSP.PELVICFIN,Label says 1 individual,Diplostomatidae,4,GC,GC,Metacercariae,Connective tissue,70% etoh,P6KRN,10,MSB 680-3,TREM.DIPHUR.CONNECTIVETISSUE,,,,,,,,,,,,,,,,,,,,,,,,,,,,,,,,,,,,,,,,,,,,,,,,,,,,,,,,,,,,,
MSB:Fish:9023,MSB 9023-5,Pimephales promelas,1990,10,28,JAR11653F,EO,07-24-2025,07-24-2025,39,32,563,JG GC,NA,NA,,0,0,0,0,0,0,0,0,0,0,0,0,0,0,0,0,0,0,0,0,0,0,0,0,0,0,0,0,0,0,0,0,0,0,0,2,0,0,0,NA,NA,0,0,0,0,,MSB 9023-5,Pimephales promelas,JAR11653F,Myxobolus sp.,2,JG GC,JG GC,Myxo spore,Gill,70% etoh,P6KRQ,10,MSB 9023-5,PROT.MYXSP.GILL,,,,,,,,,,,,,,,,,,,,,,,,,,,,,,,,,,,,,,,,,,,,,,,,,,,,,,,,,,,,,,,,,,,,,,,,,
MSB:Fish:727,MSB 727-5,Pimephales promelas,1949,7,28,JAR11647F,BP,07-23-2025,07-24-2025,31,23,254,BP EO GC,NA,NA,,0,0,0,0,0,0,0,0,0,0,0,0,0,0,0,0,0,0,0,0,12,0,0,0,0,0,0,0,0,0,0,0,0,0,0,0,0,2,0,0,0,1,2,2,0,,MSB 727-5,Pimephales promelas,JAR11647F,Dactylogyrus sp. ,2,BP GC,BP GC,Adult,Gill,70% etoh,P6KRR,10,MSB 727-5,MONO.DACSP.GILL,,Diplostomatidae,14,BP EO GC,BP EO GC,Metacercariae,"Connective tissue, Flush",70% etoh,P6KRU,10,MSB 727-5,TREM.DIPHUR,,Centrovarium sp.,1,BP GC,BP GC,Metacercariae,Flush,70% etoh,P6KRV,10,MSB 727-5,TREM.CENT.FLUSH,,Digenea,2,BP GC,BP GC,Metacercariae,Flush,70% etoh,P6KRL,10,MSB 727-5,TREM.P.FLUSH,,,,,,,,,,,,,,,,,,,,,,,,,,,,,,,,,,,,,
MSB:Fish:680,MSB 680-1,Pimephales promelas,1959,2,24,JAR11629F,EO,07-23-2025,07-24-2025,40,33,661,JG GC,F,NA,Some of the caudal fin missing,0,0,0,0,0,0,0,0,0,0,0,0,0,0,0,0,0,0,0,0,0,0,0,0,0,0,0,0,0,0,0,0,0,0,0,0,0,0,0,0,0,0,0,0,0,,,,,,,,,,,,,,,,,,,,,,,,,,,,,,,,,,,,,,,,,,,,,,,,,,,,,,,,,,,,,,,,,,,,,,,,,,,,,,,,,,,,,,,,
MSB:Fish:7824,MSB 7824-3,Pimephales promelas,1990,4,18,JAR11640F,JG,07-24-2025,07-24-2025,45,34,798,BP GC,NA,NA,,0,0,0,0,0,0,0,0,0,0,0,0,0,0,0,0,0,0,0,0,0,0,0,0,0,0,0,0,0,0,0,0,0,0,0,0,0,0,0,0,0,0,18,0,0,,MSB 7824-3,Pimephales promelas,JAR11640F,Diplostomatidae sp.,18,BP GC,BP GC,Metacercariae,Flush,70% etoh,P6MDE,10,MSB 7824-3,TREM.DIPHUR.FLUSH,,,,,,,,,,,,,,,,,,,,,,,,,,,,,,,,,,,,,,,,,,,,,,,,,,,,,,,,,,,,,,,,,,,,,,,,,
MSB:Fish:7824,MSB 7824-5,Pimephales promelas,1990,4,18,JAR11637F,EO,07-24-2025,07-24-2025,33,27,403,"BP, GC",NA,NA,,0,0,0,0,0,0,0,0,0,0,0,0,0,0,0,0,0,0,0,0,0,0,0,0,0,0,0,0,0,0,0,0,0,0,0,0,0,1,0,0,0,0,0,0,0,,MSB 7824-5,Pimephales promelas,JAR11637F,Dactylogyrus sp.,1,BP GC,BP GC,Adult,Gill,70% etoh,P6MDF,10,MSB 7824-5,MONO.DACSP.GILL,,,,,,,,,,,,,,,,,,,,,,,,,,,,,,,,,,,,,,,,,,,,,,,,,,,,,,,,,,,,,,,,,,,,,,,,,
MSB:Fish:9023,MSB 9023-2,Pimephales promelas,1990,10,28,JAR11654F,BP,07-24-2025,07-24-2025,43,44,794,JG GC,F,NA,,0,0,0,0,0,0,0,0,0,0,0,0,0,0,0,0,0,0,0,0,0,0,0,0,0,0,0,0,0,0,0,0,0,0,0,0,0,0,0,0,0,0,0,0,0,,,,,,,,,,,,,,,,,,,,,,,,,,,,,,,,,,,,,,,,,,,,,,,,,,,,,,,,,,,,,,,,,,,,,,,,,,,,,,,,,,,,,,,,
MSB:Fish:7252,MSB 7252-2,Pimephales promelas,1989,11,19,JAR11660F,EO,07-24-2025,07-24-2025,58,48,2422,GC,NA,NA,,0,0,0,0,0,0,0,0,0,0,0,0,0,0,0,0,0,0,0,0,0,0,0,0,0,0,0,0,0,0,0,0,0,0,0,0,0,0,0,0,0,0,0,0,0,,,,,,,,,,,,,,,,,,,,,,,,,,,,,,,,,,,,,,,,,,,,,,,,,,,,,,,,,,,,,,,,,,,,,,,,,,,,,,,,,,,,,,,,
MSB:Fish:9023,MSB 9023-3,Pimephales promelas,1990,10,28,JAR11655F,EO,07-24-2025,07-24-2025,45,36,783,GC,NA,NA,,0,0,0,0,0,0,0,0,0,0,0,0,0,0,0,0,0,0,0,0,0,0,0,0,0,0,0,0,0,0,0,0,0,0,0,1,0,0,0,NA,NA,0,0,0,0,,MSB 9023-3,Pimephales promelas,JAR11655F,Myxobolus sp.,1,GC,GC,Myxo spore,Gill,70% etoh,P6MA2,10,MSB 9023-3,PROT.MYXSP.GILL,,,,,,,,,,,,,,,,,,,,,,,,,,,,,,,,,,,,,,,,,,,,,,,,,,,,,,,,,,,,,,,,,,,,,,,,,
MSB:Fish:7252,MSB 7252-1,Pimephales promelas,1989,11,19,JAR11658F,JG,07-24-2025,07-24-2025,53,44,1807,JG GC,NA,NA,,0,0,0,0,0,0,0,0,0,0,0,0,0,0,0,0,0,0,0,0,0,0,0,0,0,0,0,0,0,0,0,0,0,0,0,0,0,0,0,0,0,0,1,0,0,,MSB 7252-1,Pimephales promelas,JAR11658F,Diplostomatidae sp.,1,JG GC,JG GC,Metacercariae,Flush,70% etoh,P6M99,10,MSB 7252-1,TREM.DIPHUR.FLUSH,,,,,,,,,,,,,,,,,,,,,,,,,,,,,,,,,,,,,,,,,,,,,,,,,,,,,,,,,,,,,,,,,,,,,,,,,
MSB:Fish:9023,MSB 9023-1,Pimephales promelas,1990,10,28,JAR11649F,EO,07-24-2025,07-24-2025,52,43,1533,EO GC,F,NA,,0,0,0,0,0,0,0,0,0,0,0,0,0,0,0,0,0,0,0,0,0,0,5,0,0,0,0,0,0,0,0,0,0,0,0,0,0,0,0,0,0,0,0,0,0,,MSB 9023-1,Pimephales promelas,JAR11649F,Digenea,5,EO GC,EO GC,Metacercariae,Connective tissue,70% etoh,P6MAY,10,MSB 9023-1,TREM.P.CONNECTIVETISSUE,,,,,,,,,,,,,,,,,,,,,,,,,,,,,,,,,,,,,,,,,,,,,,,,,,,,,,,,,,,,,,,,,,,,,,,,,
MSB:Fish:7824,MSB 7824-1,Pimephales promelas,1990,4,18,JAR11644F,JG,07-24-2025,07-24-2025,45,37,1085,GC,NA,NA,,0,0,0,0,0,0,0,0,0,0,0,0,0,0,0,0,0,0,0,0,0,0,0,0,0,0,0,0,0,0,0,0,0,0,0,0,0,0,0,NA,NA,0,0,0,0,,,,,,,,,,,,,,,,,,,,,,,,,,,,,,,,,,,,,,,,,,,,,,,,,,,,,,,,,,,,,,,,,,,,,,,,,,,,,,,,,,,,,,,,
MSB:Fish:7824,MSB 7824-2,Pimephales promelas,1990,4,18,JAR11634F,EO,07-24-2025,07-24-2025,42,34,873,GC,F,NA,,0,0,0,0,0,0,0,0,0,0,0,0,0,0,0,0,0,0,0,0,0,0,0,0,0,0,0,0,0,0,0,0,0,0,0,0,0,0,0,NA,NA,0,0,0,0,,,,,,,,,,,,,,,,,,,,,,,,,,,,,,,,,,,,,,,,,,,,,,,,,,,,,,,,,,,,,,,,,,,,,,,,,,,,,,,,,,,,,,,,
MSB:Fish:9023,MSB 9023-4,Pimephales promelas,1990,10,28,JAR116532F,BP,07-24-2025,07-24-2025,39,29,584,BP GC,NA,NA,,0,0,0,0,0,0,0,0,0,0,0,0,0,0,0,0,0,0,0,0,0,0,0,0,0,0,0,0,0,0,0,0,0,0,0,0,0,2,0,0,0,0,0,0,0,,MSB 9023-4,Pimephales promelas,JAR11652F,Dactylogyrus sp.,2,BP GC,BP GC,Adult,Gill,70% etoh,P6MDG,10,MSB 9023-4,MONO.DACSP.GILL,,,,,,,,,,,,,,,,,,,,,,,,,,,,,,,,,,,,,,,,,,,,,,,,,,,,,,,,,,,,,,,,,,,,,,,,,
MSB:Fish:7252,MSB 7252-3,Pimephales promelas,1989,11,19,JAR11657F,JG,07-24-2025,07-24-2025,42,34,716,BP GC,NA,NA,,0,0,0,0,0,0,0,0,0,0,0,0,0,0,0,0,0,0,0,0,0,0,0,0,0,0,0,0,0,0,0,0,0,0,0,0,0,0,0,NA,NA,0,0,0,0,,,,,,,,,,,,,,,,,,,,,,,,,,,,,,,,,,,,,,,,,,,,,,,,,,,,,,,,,,,,,,,,,,,,,,,,,,,,,,,,,,,,,,,,
MSB:Fish:7824,MSB 7824-4,Pimephales promelas,1990,4,18,JAR11641F,EO,07-24-2025,07-24-2025,37,30,542,EO GC,NA,NA,,0,0,0,0,0,0,0,0,0,0,0,0,0,0,0,0,0,0,0,0,0,0,3,0,0,0,0,0,0,0,0,0,0,0,0,0,0,0,0,0,0,0,0,0,0,,MSB 7824-4,Pimephales promelas,JAR11641F,Digenea,3,EO GC,EO GC,Metacercariae,Connective tissue,70% etoh,P6MAZ,10,MSB 7824-2,TREM.P.CONNECTIVETISSUE,,,,,,,,,,,,,,,,,,,,,,,,,,,,,,,,,,,,,,,,,,,,,,,,,,,,,,,,,,,,,,,,,,,,,,,,,
MSB:Fish:9015,MSB 9015-2,Pimephales promelas,1990,10,28,JAR11646F,BP,07-28-2025,07-28-2025,60,49,2336,JG,NA,NA,,0,0,0,0,0,0,0,0,0,0,0,0,0,0,0,0,0,0,0,0,0,0,0,0,0,0,0,0,0,0,0,0,1,0,0,3,0,0,0,0,0,0,0,0,0,,MSB 9015-2,Pimephales promelas,JAR11646F,Myxobolus sp.,3,JG,JG,Myxo spore,Gill,70% etoh,P6M9B,10,MSB 9015-2,PROT.MYXSP.GILL,,Bucephalidae sp.,1,JG,JG,Metacercariae,Intestine,70% etoh,P6M9C,10,MSB 9015-2,TREM.BUC.INTESTINE,,,,,,,,,,,,,,,,,,,,,,,,,,,,,,,,,,,,,,,,,,,,,,,,,,,,,,,,,,,,,
MSB:Fish:706,MSB 706-5,Pimephales promelas,1949,11,5,JAR11670F,BP,07-24-2025,07-28-2025,34,26,335,GC,NA,NA,,0,0,0,0,0,0,0,0,0,0,0,0,0,0,0,0,0,0,0,0,1,0,0,0,0,0,0,0,0,0,0,0,0,0,0,0,0,0,0,1,0,0,0,0,0,,MSB 706-5,Pimephales promelas,JAR11670F,Diplostomatidae sp.,1,GC,GC,Metacercariae,Connective tissue,70% etoh,P6M9A,10,MSB 706-5,TREM.DIPHUR.CONNECTIVETISSUE,,Nematoda,1,GC,GC,Larval,Gall bladder,70% etoh,P6MA3,10,MSB 706-5,NEM.LARV.GALLBLADDER,,,,,,,,,,,,,,,,,,,,,,,,,,,,,,,,,,,,,,,,,,,,,,,,,,,,,,,,,,,,,
MSB:Fish:706,MSB 706-2,Pimephales promelas,1949,11,5,JAR11666F,JG,07-24-2025,07-28-2025,37,31,475,CLW,F,NA,,0,0,0,0,0,0,0,0,0,0,0,0,0,0,0,0,0,0,0,0,0,0,0,0,0,0,0,0,0,0,0,0,0,1,0,0,0,0,0,0,0,0,0,0,0,,MSB 706-2,Pimephales promelas,JAR11666F,Unknown nematode sp.,1,CLW,CLW,Adult,Intestine,70% etoh,P6M9E,10,MSB 706-2,NEM.UNK.INT,Ripped head off - hard to ID,,,,,,,,,,,,,,,,,,,,,,,,,,,,,,,,,,,,,,,,,,,,,,,,,,,,,,,,,,,,,,,,,,,,,,,,
MSB:Fish:667,MSB 667-1,Pimephales promelas,1947,10,25,JAR11674F,BP,07-28-2025,07-28-2025,51,41,1178,BP,NA,NA,,0,0,0,0,0,0,0,0,0,0,0,0,0,0,0,0,0,0,0,0,8,0,0,0,0,0,0,0,0,2,0,0,0,0,0,0,0,0,0,0,0,0,0,0,0,,MSB 667-1,Pimephales promelas,JAR11674F,Diplostomatidae sp.,8,BP,BP,Metacercariae,Connective tissue,70% etoh,P6MDH,10,MSB 667-1,TREM.DIPHUR.CONNECTIVETISSUE,,Capillaria ,2,BP,BP,Adult,Intestine,70% etoh,P6MDI,10,MSB 667-1,NEM.CAP.INTESTINE,,,,,,,,,,,,,,,,,,,,,,,,,,,,,,,,,,,,,,,,,,,,,,,,,,,,,,,,,,,,,
MSB:Fish:667,MSB 667-4,Pimephales promelas,1947,10,25,JAR11676F,BP,07-28-2025,07-28-2025,44,35,779,EO,NA,NA,,0,0,0,0,0,0,0,0,0,0,0,0,0,0,0,0,0,1,0,0,0,0,0,0,0,0,0,0,0,0,0,0,0,0,0,0,0,0,0,0,0,4,8,0,0,,MSB 667-4,Pimephales promelas,JAR11676F,Diplostomatidae sp.,8,EO,EO,Metacercariae,Flush,70% etoh,P6MB0,10,MSB 667-4,TREM.DIPHUR.FLUSH,,Centrovarium sp. ,4,EO,EO,Metacercariae,Flush,70% etoh,P6MB1,10,MSB 667-4,TREM.CENT.FLUSH,,Digenea ,1,EO,EO,Metacercariae,Eye,70% etoh,P6MB2,10,MSB 667-4,TREM.NEASP.EYE,,,,,,,,,,,,,,,,,,,,,,,,,,,,,,,,,,,,,,,,,,,,,,,,,
MSB:Fish:705,MSB 705-2,Pimephales promelas,1949,10,21,JAR11673F,BP,07-24-2025,07-28-2025,46,39,880,JG,NA,NA,,0,0,0,0,0,0,0,0,0,0,0,0,0,0,0,0,0,0,0,0,0,0,0,0,0,0,0,0,0,0,0,0,0,0,0,0,0,0,0,0,0,0,1,0,0,,MSB 705-2,Pimephales promelas,JAR11673F,Diplostomatidae sp.,1,JG,JG,Metacercariae,Flush,70% etoh,P6M9D,10,MSB 705-2,TREM.DIPHUR.FLUSH,,,,,,,,,,,,,,,,,,,,,,,,,,,,,,,,,,,,,,,,,,,,,,,,,,,,,,,,,,,,,,,,,,,,,,,,,
MSB:Fish:9015,MSB 9015-4,Pimephales promelas,1990,10,28,JAR11699F,JG,07-28-2025,07-28-2025,46,38,938,GC,NA,NA,,0,0,0,0,0,0,0,0,0,0,0,0,0,0,0,0,0,0,0,0,0,0,0,0,0,0,0,0,0,0,0,0,0,0,0,0,1,0,0,0,0,0,0,0,0,,MSB 9015-4,Pimephales promelas,JAR11699F,Myxozoa,1,GC,GC,Myxo spore,Gill,70% etoh,P6MA4,10,MSB 9015-4,MYXO.M.GILL,,,,,,,,,,,,,,,,,,,,,,,,,,,,,,,,,,,,,,,,,,,,,,,,,,,,,,,,,,,,,,,,,,,,,,,,,
MSB:Fish:667,MSB 667-5,Pimephales promelas,1947,10,25,JAR11675F,EO,07-28-2025,07-28-2025,47,37,864,EO,F,NA,,0,0,0,0,0,0,0,0,0,0,0,0,0,0,0,0,0,0,0,0,1,0,0,0,0,0,0,0,0,0,0,0,0,0,0,0,0,1,0,0,0,0,0,0,0,,MSB 667-5,Pimephales promelas,JAR11675F,Dactylogyrus sp.,1,EO,EO,Adult,Gill,70% etoh,P6MB3,10,MSB 667-5,MONO.DACSP.GILL,,Diplostomatidae sp.,1,EO,EO,Metacercariae,Connective tissue,70% etoh,P6MB4,10,MSB 667-5,TREM.DIPHUR.CONNECTIVETISSUE,,,,,,,,,,,,,,,,,,,,,,,,,,,,,,,,,,,,,,,,,,,,,,,,,,,,,,,,,,,,,
MSB:Fish:705,MSB 705-5,Pimephales promelas,1949,10,21,JAR11679F,JG,07-24-2025,07-28-2025,37,32,510,GC,NA,NA,,0,0,0,0,0,0,0,0,0,0,0,0,0,0,0,0,0,0,0,0,0,0,0,0,0,0,0,0,0,0,0,0,0,0,0,0,0,0,0,0,0,0,0,0,0,,,,,,,,,,,,,,,,,,,,,,,,,,,,,,,,,,,,,,,,,,,,,,,,,,,,,,,,,,,,,,,,,,,,,,,,,,,,,,,,,,,,,,,,
MSB:Fish:9015,MSB 9015-5,Pimephales promelas,1990,10,28,JAR11643F,JG,07-28-2025,07-28-2025,54,45,1577,CLW,NA,NA,,0,0,0,0,0,0,0,0,0,0,0,0,0,NA,0,0,0,0,0,0,0,0,0,0,0,0,0,0,0,0,0,0,0,0,0,0,0,0,0,NA,NA,0,0,0,0,,,,,,,,,,,,,,,,,,,,,,,,,,,,,,,,,,,,,,,,,,,,,,,,,,,,,,,,,,,,,,,,,,,,,,,,,,,,,,,,,,,,,,,,
MSB:Fish:9015,MSB 9015-1,Pimephales promelas,1990,10,28,JAR11700F,JG,07-28-2025,07-28-2025,55,44,1804,GC,F,NA,,0,0,0,0,0,0,0,0,0,0,0,0,0,0,0,0,0,0,0,0,0,0,0,0,0,0,0,0,0,0,0,0,0,0,0,0,0,0,0,NA,NA,0,0,0,0,,,,,,,,,,,,,,,,,,,,,,,,,,,,,,,,,,,,,,,,,,,,,,,,,,,,,,,,,,,,,,,,,,,,,,,,,,,,,,,,,,,,,,,,
MSB:Fish:705,MSB 705-1,Pimephales promelas,1949,10,21,JAR11682F,JG,07-24-2025,07-28-2025,39,32,543,CLW,F,NA,"Long thin, transparent, wiry fibers in the gut, one is blue",0,0,0,0,0,0,0,0,0,0,0,0,0,0,0,0,0,0,0,0,0,0,0,0,0,0,0,0,0,0,0,0,0,0,0,0,0,0,0,0,0,0,0,0,0,,,,,,,,,,,,,,,,,,,,,,,,,,,,,,,,,,,,,,,,,,,,,,,,,,,,,,,,,,,,,,,,,,,,,,,,,,,,,,,,,,,,,,,,
MSB:Fish:11954,MSB 11954-3,Pimephales promelas,1992,9,24,JAR11661F,EO,07-28-2025,07-28-2025,42,33,642,JG,NA,NA,,0,0,0,0,0,0,0,0,0,0,0,0,0,0,0,0,0,0,0,0,0,0,0,0,0,0,0,0,0,0,0,0,0,0,0,0,0,0,0,0,0,1,0,0,0,,MSB 11954-3,Pimephales promelas ,JAR11661F,Centrovarium sp.,1,JG,JG,Adult,Flush,70% etoh,P6MA6,10,MSB 11954-3,TREM.CENT.FLUSH,,,,,,,,,,,,,,,,,,,,,,,,,,,,,,,,,,,,,,,,,,,,,,,,,,,,,,,,,,,,,,,,,,,,,,,,,
MSB:Fish:705,MSB 705-3,Pimephales promelas,1949,10,21,JAR11685F,JG,07-24-2025,07-28-2025,45,36,779,CLW,NA,NA,,0,0,0,0,0,0,0,0,0,0,0,0,0,0,0,0,0,0,0,0,0,0,0,0,0,0,0,0,0,0,0,0,0,0,0,0,0,1,0,NA,NA,0,0,0,0,,MSB 705-3,Pimephales promelas ,JAR11685F,Dactylogyrus sp.,1,CLW,CLW,Adult,Gill,70% etoh,P6M9F,10,MSB 705-3,MONO.DACSP.GILL,,,,,,,,,,,,,,,,,,,,,,,,,,,,,,,,,,,,,,,,,,,,,,,,,,,,,,,,,,,,,,,,,,,,,,,,,
MSB:Fish:11954,MSB 11954-4,Pimephales promelas,1992,9,24,JAR11664F,EO,07-28-2025,07-28-2025,40,31,625,EO,NA,NA,,0,0,0,0,0,0,0,0,0,0,0,0,0,0,0,0,0,0,0,0,0,0,0,0,0,0,0,0,0,0,0,0,0,0,0,0,0,1,0,0,0,0,0,0,0,,MSB 11954-4,Pimephales promelas ,JAR11664F,Dactylogyrus sp.,1,EO,EO,Adult,Gill,70% etoh,P6MB5,10,MSB 11954-4,MONO.DACSP.GILL,,,,,,,,,,,,,,,,,,,,,,,,,,,,,,,,,,,,,,,,,,,,,,,,,,,,,,,,,,,,,,,,,,,,,,,,,
MSB:Fish:11954,MSB 11954-2,Pimephales promelas,1992,9,24,JAR11663F,BP,07-28-2025,07-28-2025,36,29,445,CLW,F,NA,,0,0,0,0,0,0,0,0,0,0,0,0,0,0,0,0,0,0,0,0,0,0,0,0,0,0,0,0,0,0,0,0,0,0,0,0,0,0,0,NA,NA,0,0,0,0,,,,,,,,,,,,,,,,,,,,,,,,,,,,,,,,,,,,,,,,,,,,,,,,,,,,,,,,,,,,,,,,,,,,,,,,,,,,,,,,,,,,,,,,
MSB:Fish:9015,MSB 9015-3,Pimephales promelas,1990,10,28,JAR11651F,BP,07-28-2025,07-28-2025,53,43,1447,GC,NA,NA,,0,0,0,0,0,0,0,0,0,0,0,0,0,0,0,0,0,0,0,0,0,0,0,0,0,0,0,0,0,0,0,0,0,0,0,0,0,0,0,0,0,0,0,0,0,,,,,,,,,,,,,,,,,,,,,,,,,,,,,,,,,,,,,,,,,,,,,,,,,,,,,,,,,,,,,,,,,,,,,,,,,,,,,,,,,,,,,,,,
MSB:Fish:706,MSB 706-4,Pimephales promelas,1949,11,5,JAR11667F,JG,07-24-2025,07-28-2025,36,30,440,GC,NA,NA,,0,0,0,0,0,0,0,0,0,0,0,0,0,0,1,0,0,0,0,0,0,0,0,0,0,0,0,0,0,0,0,0,0,0,1,0,0,1,0,0,0,0,0,0,0,,MSB 706-4,Pimephales promelas,JAR11667F,Dactylogyrus sp.,1,GC,GC,Adult,Gill,70% etoh,P6MA5,10,MSB 706-4,MONO.DACSP.GILL,,Nematoda,1,GC,GC,Larval,Connective tissue,70% etoh,P6M9G,10,MSB 706-4,NEM.LARV.CONNECTIVETISSUE,,Diplostomatidae,1,GC,GC,Metacercariae,Liver,70% etoh,P6MA7,10,MSB 706-4,TREM.DIPHUR.LIVER,,,,,,,,,,,,,,,,,,,,,,,,,,,,,,,,,,,,,,,,,,,,,,,,,
MSB:Fish:11954,MSB 11954-1,Pimephales promelas,1992,9,24,JAR11665F,BP,07-28-2025,07-28-2025,42,33,783,GC,NA,NA,,0,0,0,0,0,0,0,0,0,0,0,0,0,0,0,0,0,0,0,0,0,0,0,0,0,0,0,0,0,0,0,0,0,0,0,0,0,0,0,0,0,0,0,0,0,,,,,,,,,,,,,,,,,,,,,,,,,,,,,,,,,,,,,,,,,,,,,,,,,,,,,,,,,,,,,,,,,,,,,,,,,,,,,,,,,,,,,,,,
MSB:Fish:11954,MSB 11954-5,Pimephales promelas,1992,9,24,JAR11662F,BP,07-28-2025,07-28-2025,43,33,735,BP,NA,NA,,0,0,0,0,0,0,0,0,0,0,0,0,0,0,0,0,0,0,0,0,0,0,0,0,0,0,0,0,0,0,0,0,0,0,0,1,0,0,0,0,0,0,0,0,0,,MSB 11954-5,Pimephales promelas,JAR11662F,Myxobolus sp.,1,BP,BP,Myxo spore,Gill,70% etoh,P6MDJ,10,MSB 11954-5,MYXO.MYXSP.GILL,,,,,,,,,,,,,,,,,,,,,,,,,,,,,,,,,,,,,,,,,,,,,,,,,,,,,,,,,,,,,,,,,,,,,,,,,
MSB:Fish:667,MSB 667-2,Pimephales promelas,1947,10,25,JAR11671F,BP,07-28-2025,07-28-2025,44,35,784,EO,F,NA,,0,0,0,0,0,0,0,0,0,0,0,0,0,0,0,0,0,0,0,0,0,0,0,0,0,0,0,0,0,0,0,0,0,0,0,0,0,0,0,0,0,0,4,0,0,,MSB 667-2,Pimephales promelas,JAR11671F,Diplostomatidae sp.,4,EO,EO,Metacercariae,Flush,70% etoh,P6MB6,10,MSB 667-2,TREM.DIPHUR.FLUSH,,,,,,,,,,,,,,,,,,,,,,,,,,,,,,,,,,,,,,,,,,,,,,,,,,,,,,,,,,,,,,,,,,,,,,,,,
MSB:Fish:667,MSB 667-3,Pimephales promelas,1947,10,25,JAR11672F,EO,07-28-2025,07-28-2025,47,38,876,CLW,NA,NA,,0,0,0,0,0,0,0,0,0,0,0,0,0,0,0,0,0,0,0,0,0,0,0,0,0,0,0,0,0,0,0,0,0,1,0,0,0,1,0,0,0,0,0,0,0,,MSB 667-3,Pimephales promelas,JAR11672F,Unknown nematode sp.,1,CLW,CLW,Adult,Intestine,70% etoh,P6M9H,10,MSB 667-3,NEM.UNK.INTESTINE,Can't see kink in gut tract as in coatracacum,Dactylogyrus sp.,1,CLW,CLW,Adult,Gill,70% etoh,P6MA8,10,MSB 667-3,MONO.DACSP.GILL,,,,,,,,,,,,,,,,,,,,,,,,,,,,,,,,,,,,,,,,,,,,,,,,,,,,,,,,,,,,,
MSB:Fish:706,MSB 706-3,Pimephales promelas,1949,11,5,JAR11668F,BP,07-24-2025,07-28-2025,45,35,910,JG,F,NA,,0,0,0,0,0,0,0,0,0,0,0,0,0,0,0,0,0,0,0,0,1,0,0,0,0,0,0,0,0,0,0,0,0,0,0,0,0,0,0,0,0,0,0,0,0,,MSB 706-3,Pimephales promelas,JAR11668F,Diplostomulum sp.,1,JG,JG,Metacercariae,Connective tissue,70% etoh,P6M9I,10,MSB 706-3,TREM.DIPS.CONNECTIVETISSUE,,,,,,,,,,,,,,,,,,,,,,,,,,,,,,,,,,,,,,,,,,,,,,,,,,,,,,,,,,,,,,,,,,,,,,,,,
MSB:Fish:706,MSB 706-1,Pimephales promelas,1949,11,5,JAR11669F,BP,07-24-2025,07-28-2025,52,40,1287,GC,NA,NA,,0,0,0,0,0,0,0,0,0,0,0,0,0,0,0,0,0,0,0,0,0,0,0,0,0,0,0,0,0,0,0,0,0,0,0,0,0,0,0,0,0,0,1,0,0,,MSB 706-1,Pimephales promelas,JAR11669F,Diplostomatidae sp.,1,GC,GC,Metacercariae,Flush,70% etoh,P6MA9,10,MSB 706-1,TREM.DIPHUR.FLUSH,,,,,,,,,,,,,,,,,,,,,,,,,,,,,,,,,,,,,,,,,,,,,,,,,,,,,,,,,,,,,,,,,,,,,,,,,
MSB:Fish:8998,MSB 8998-2,Pimephales promelas,1990,10,28,JAR11711F,BP,07-29-2025,07-29-2025,39,31,550,GC,NA,NA,,0,0,0,0,0,0,0,0,0,0,0,0,0,0,0,0,0,0,0,0,0,0,0,0,0,0,0,0,0,0,0,0,0,0,0,0,0,0,0,0,0,1,0,0,0,,MSB 8998-2,Pimephales promelas,JAR11711F,Centrovarium sp.,1,GC,GC,Metacercariae,Flush,70% etoh,P6MAB,11,MSB 8998-2,TREM.CENT.FLUSH,,,,,,,,,,,,,,,,,,,,,,,,,,,,,,,,,,,,,,,,,,,,,,,,,,,,,,,,,,,,,,,,,,,,,,,,,
MSB:Fish:658,MSB 658-1,Pimephales promelas,1939,1,30,JAR11681F,BP,07-28-2025,07-29-2025,42,33,574,CLW,F,NA,"Fish cut open, but no organs gone. ",0,0,0,0,0,0,0,0,0,0,0,0,0,0,0,0,0,0,0,0,0,0,0,0,0,0,0,0,0,0,0,0,0,0,0,0,0,0,0,0,many,0,0,0,0,,MSB 658-1,Pimephales promelas,JAR11681F,Unknown sp.,many,CLW,CLW,?,Gall bladder,70% etoh,P6MAA,11,MSB 658-1,UNK.GALLBLADDER,"Thousands of unknown species, same shape and size",,,,,,,,,,,,,,,,,,,,,,,,,,,,,,,,,,,,,,,,,,,,,,,,,,,,,,,,,,,,,,,,,,,,,,,,
MSB:Fish:4031,MSB 4031-1,Pimephales promelas,1977,9,30,JAR11705F,EO,07-29-2025,07-29-2025,39,31,531,GC,NA,NA,,0,0,0,0,0,0,0,0,0,0,0,0,0,0,0,0,0,0,0,0,22,0,0,0,0,0,0,0,0,0,0,0,0,0,0,0,0,0,0,NA,NA,0,0,0,0,,MSB 4031-1,Pimephales promelas,JAR11705F,Diplostomatidae sp.,22,GC,GC,Metacercariae,Connective tissue,70% etoh,P6MAC,11,MSB 4031-1,TREM.DIPHUR.CONNECTIVETISSUE,,,,,,,,,,,,,,,,,,,,,,,,,,,,,,,,,,,,,,,,,,,,,,,,,,,,,,,,,,,,,,,,,,,,,,,,,
MSB:Fish:613,MSB 613-4,Pimephales promelas,1938,10,19,JAR11678F,BP,07-28-2025,07-29-2025,59,48,1838,JG,NA,NA,,0,0,0,0,0,0,0,0,0,0,0,0,0,0,0,0,0,0,0,0,1,0,0,0,0,0,0,0,0,0,0,0,0,0,0,0,0,0,0,NA,NA,0,0,0,0,,MSB 613-4,Pimephales promelas,JAR11678F,Diplostomulum sp.,1,JG,JG,Metacercariae,Connective tissue,70% etoh,P6MAD,11,MSB 613-4,TREM.DIPS.CONNECTIVETISSUE,,,,,,,,,,,,,,,,,,,,,,,,,,,,,,,,,,,,,,,,,,,,,,,,,,,,,,,,,,,,,,,,,,,,,,,,,
MSB:Fish:658,MSB 658-2,Pimephales promelas,1939,1,30,JAR11684F,EO,07-28-2025,07-29-2025,43,34,582,GC,NA,NA,,0,0,0,0,0,0,0,0,0,0,0,0,0,0,0,0,0,0,0,0,0,0,0,0,0,0,0,0,0,0,0,0,0,0,0,0,0,0,0,0,0,0,0,0,0,,,,,,,,,,,,,,,,,,,,,,,,,,,,,,,,,,,,,,,,,,,,,,,,,,,,,,,,,,,,,,,,,,,,,,,,,,,,,,,,,,,,,,,,
MSB:Fish:705,MSB 705-4,Pimephales promelas,1949,10,21,JAR11688F,BP,07-24-2025,07-29-2025,36,30,391,JG,F,NA,,0,0,0,0,0,0,0,0,0,0,0,0,0,0,0,0,0,0,0,0,0,0,0,0,0,0,0,0,0,0,0,0,0,0,0,0,0,0,0,0,0,0,0,0,0,,,,,,,,,,,,,,,,,,,,,,,,,,,,,,,,,,,,,,,,,,,,,,,,,,,,,,,,,,,,,,,,,,,,,,,,,,,,,,,,,,,,,,,,
MSB:Fish:658,MSB 658-5,Pimephales promelas,1939,1,30,JAR11702F,EO,07-28-2025,07-29-2025,39,30,427,CLW,NA,NA,Red and blue fibers. None of the weird structures from the gall bladder in the last fish of this batch.,0,0,0,0,0,0,0,0,0,0,0,0,0,0,0,0,0,0,0,0,0,0,0,0,0,0,0,0,0,0,0,0,0,0,0,0,0,0,0,0,0,0,0,0,0,,,,,,,,,,,,,,,,,,,,,,,,,,,,,,,,,,,,,,,,,,,,,,,,,,,,,,,,,,,,,,,,,,,,,,,,,,,,,,,,,,,,,,,,
MSB:Fish:658,MSB 658-3,Pimephales promelas,1939,1,30,JAR11687F,BP,07-28-2025,07-29-2025,30,22,213,GC,NA,NA,,0,0,0,0,0,0,0,0,0,0,0,0,0,0,0,0,0,0,0,0,0,0,0,0,0,0,0,0,0,0,0,0,0,0,0,0,0,0,0,0,0,0,0,0,0,,,,,,,,,,,,,,,,,,,,,,,,,,,,,,,,,,,,,,,,,,,,,,,,,,,,,,,,,,,,,,,,,,,,,,,,,,,,,,,,,,,,,,,,
MSB:Fish:622,MSB 622-5,Pimephales promelas,1939,2,26,JAR11726F,EO,07-29-2025,07-29-2025,50,40,1172,EO,NA,NA,,0,0,0,0,0,0,0,0,0,0,0,0,0,0,0,0,0,0,0,0,3,0,0,0,0,0,0,0,0,0,0,0,0,0,0,0,0,0,0,0,0,1,0,0,0,,MSB 622-5,Pimephales promelas,JAR11726F,Diplostomatidae sp.,3,EO,EO,Metacercariae,Connective tissue,70% etoh,P6MB7,11,MSB 622-5,TREM.DIPHUR.CONNECTIVETISSUE,,Centrovarium sp.,1,EO,EO,Metacercariae,Flush,70% etoh,P6MB8,11,MSB 622-5,TREM.CENT.FLUSH,,,,,,,,,,,,,,,,,,,,,,,,,,,,,,,,,,,,,,,,,,,,,,,,,,,,,,,,,,,,,
MSB:Fish:613,MSB 613-2,Pimephales promelas,1938,10,19,JAR11683F,BP,07-28-2025,07-29-2025,72,57,3631,GC,NA,NA,,0,0,0,0,0,0,0,0,0,0,0,0,0,0,0,0,0,0,0,0,0,0,0,0,0,0,0,0,0,0,0,0,0,0,0,0,0,0,0,0,0,0,0,0,0,,,,,,,,,,,,,,,,,,,,,,,,,,,,,,,,,,,,,,,,,,,,,,,,,,,,,,,,,,,,,,,,,,,,,,,,,,,,,,,,,,,,,,,,
MSB:Fish:658,MSB 658-4,Pimephales promelas,1939,1,30,JAR11701F,EO,07-28-2025,07-29-2025,43,34,654,EO,NA,NA,,0,0,0,0,0,0,0,0,0,0,0,0,0,0,0,0,0,0,0,0,6,0,0,0,0,0,0,0,0,0,0,0,0,0,0,0,0,0,0,0,0,0,0,0,0,,MSB 658-4,Pimephales promelas,JAR11701F,Diplostomatidae sp.,6,EO,EO,Metacercariae,Connective tissue,70% etoh,P6MB9,11,MSB 658-4,TREM.DIPHUR.CONNECTIVETISSUE,,,,,,,,,,,,,,,,,,,,,,,,,,,,,,,,,,,,,,,,,,,,,,,,,,,,,,,,,,,,,,,,,,,,,,,,,
MSB:Fish:4031,MSB 4031-2,Pimephales promelas,1977,9,30,JAR11706F,EO,07-29-2025,07-29-2025,42,34,617,GC,NA,NA,,0,0,0,0,0,0,0,0,0,0,0,0,0,0,0,0,0,0,0,0,7,0,0,0,0,0,0,0,0,0,0,0,0,0,0,1,0,0,0,0,0,0,0,0,0,,MSB 4031-2,Pimephales promelas,JAR11706F,Myxobolus sp.,1,GC,GC,Myxo spore,Gill,70% etoh,P6MAE,11,MSB 4031-2,PROT.MYXSP.GILL,,Diplostomatidae sp.,7,GC,GC,Metacercariae,Connective tissue,70% etoh,P6M9K,11,MSB 4031-2,TREM.DIPHUR.CONNECTIVETISSUE,,,,,,,,,,,,,,,,,,,,,,,,,,,,,,,,,,,,,,,,,,,,,,,,,,,,,,,,,,,,,
MSB:Fish:622,MSB 622-3,Pimephales promelas,1939,2,26,JAR11729F,EO,07-29-2025,07-29-2025,76,60,4034,JG,NA,NA,,0,0,0,0,0,0,0,0,0,0,0,0,0,0,0,0,0,0,0,0,1,0,0,0,0,0,0,0,0,0,0,0,0,0,0,0,0,0,0,0,0,0,0,0,0,,MSB 622-3,Pimephales promelas,JAR11729F,Diplostomatidae sp.,1,JG,JG,Metacercariae,Connective tissue,70% etoh,P6MAG,11,MSB 622-3,TREM.DIPHUR.CONNECTIVETISSUE,,,,,,,,,,,,,,,,,,,,,,,,,,,,,,,,,,,,,,,,,,,,,,,,,,,,,,,,,,,,,,,,,,,,,,,,,
MSB:Fish:622,MSB 622-1,Pimephales promelas,1939,2,26,JAR11732F,EO,07-29-2025,07-29-2025,70,56,3074,CLW,NA,NA,,1,0,0,0,0,0,0,0,0,0,0,0,0,0,0,0,0,0,0,0,10,0,0,0,0,0,0,0,0,0,0,0,0,0,0,0,0,0,0,0,0,0,0,0,0,,MSB 622-1,Pimephales promelas,JAR11732F,Unknown Trem. Metacercariae,1,CLW,CLW,Metacercariae,Skin,70% etoh,P6M9J,11,MSB 622-1,TREM.META.SKIN,"Dark, melanized cyst on fish skin, very degraded worm within",Diplostomatidae sp.,10,CLW,CLW,Metacercariae,Connective tissue,70% etoh,P6MAF,11,MSB 622-1,TREM.DIPHUR.CONNECTIVETISSUE,,,,,,,,,,,,,,,,,,,,,,,,,,,,,,,,,,,,,,,,,,,,,,,,,,,,,,,,,,,,,
MSB:Fish:622,MSB 622-4,Pimephales promelas,1939,2,26,JAR11731F,BP,07-29-2025,07-29-2025,73,58,4940,BP,NA,NA,,0,0,0,0,0,0,0,0,0,0,0,0,0,0,0,0,0,0,0,0,0,0,0,0,0,0,0,0,0,0,1,0,0,0,0,0,0,0,1,0,0,0,0,0,0,,MSB 622-4,Pimephales promelas,JAR11731F,Gyrodactylus sp.,1,BP,BP,Adult,Gill,70% etoh,P6MDK,11,MSB 622-4,MONO.GYRSP.GILL,,Contracaecum sp.,1,BP,BP,Adult,Intenstine,70% etoh,P6MDL,11,MSB 622-4,NEM.CONT.INTESTINE,,,,,,,,,,,,,,,,,,,,,,,,,,,,,,,,,,,,,,,,,,,,,,,,,,,,,,,,,,,,,
MSB:Fish:4031,MSB 4031-3,Pimephales promelas,1977,9,30,JAR11704F,BP,07-29-2025,07-29-2025,46,37,987,BP,NA,NA,,0,0,0,0,0,0,0,0,0,0,0,0,0,0,0,0,0,0,0,0,7,0,0,0,0,0,0,0,0,0,0,0,0,0,0,0,0,1,0,0,0,0,5,0,0,,MSB 4031-3,Pimephales promelas,JAR11704F,Dactylogyrus sp.,1,BP,BP,Adult,Gill,70% etoh,P6MDM,11,MSB 4031-3,MONO.DACSP.GILL,,Diplostomatidae sp.,12,BP,BP,Metacercariae,Connective tissue/Flush,70% etoh,P6MDN,11,MSB 4031-3,TREM.DIPHUR.CONNECTIVETISSUE/FLUSH,,,,,,,,,,,,,,,,,,,,,,,,,,,,,,,,,,,,,,,,,,,,,,,,,,,,,,,,,,,,,
MSB:Fish:8998,MSB 8998-4,Pimephales promelas,1990,10,28,JAR11709F,BP,07-29-2025,07-29-2025,54,43,1719,GC,NA,NA,,0,0,0,0,0,0,0,0,0,0,0,0,0,0,0,0,0,0,0,0,0,0,0,0,0,0,0,0,0,0,0,0,0,0,0,0,0,0,0,0,0,0,0,0,0,,,,,,,,,,,,,,,,,,,,,,,,,,,,,,,,,,,,,,,,,,,,,,,,,,,,,,,,,,,,,,,,,,,,,,,,,,,,,,,,,,,,,,,,
MSB:Fish:622,MSB 622-2,Pimephales promelas,1939,2,26,JAR11734F,BP,07-29-2025,07-29-2025,75,59,4394,CLW,NA,NA,,0,0,0,0,0,0,0,0,0,0,0,0,0,0,0,0,0,0,0,0,8,0,0,0,0,0,0,0,0,0,0,0,0,0,0,0,0,0,1,0,0,0,0,0,0,,MSB 622-2,Pimephales promelas,JAR11734F,Diplostomatidae sp.,8,CLW,CLW,Metacercariae,Connective tissue,70% etoh,P6M9N,11,MSB 622-2,TREM.DIPHUR.CONNECTIVE TISSUE,,Gyrodactylus sp.,1,CLW,CLW,Metacercariae,Gill,70% etoh,P6M9O,11,MSB 622-2,MONO.GYRSP.GILL,,,,,,,,,,,,,,,,,,,,,,,,,,,,,,,,,,,,,,,,,,,,,,,,,,,,,,,,,,,,,
MSB:Fish:8998,MSB 8998-1,Pimephales promelas,1990,10,28,JAR11712F,EO,07-29-2025,07-29-2025,47,38,1015,EO,F,NA,,0,0,0,0,0,0,0,0,0,0,0,0,0,0,0,0,0,0,0,0,0,0,0,0,0,0,0,0,0,0,0,0,0,0,0,3,0,1,0,0,0,0,0,0,0,,MSB 8998-1,Pimephales promelas,JAR11712F,Myxobolus sp.,3,EO,EO,Myxo spore,Gill,70% etoh,P6MBC,11,MSB 8998-1,MYXO.MYXSP.GILL,,Dactylogyrus sp.,1,EO ,EO,Adult,Gill,70% etoh,P6MBB,11,MSB 8998-1,MONO.DACSP.GILL,,,,,,,,,,,,,,,,,,,,,,,,,,,,,,,,,,,,,,,,,,,,,,,,,,,,,,,,,,,,,
MSB:Fish:1069,MSB 1069-1,Pimephales promelas,1963,2,22,JAR11714F,JG,07-29-2025,07-29-2025,48,38,1020,GC,NA,NA,,0,0,0,0,0,0,0,0,0,0,0,0,0,0,0,0,0,0,0,0,1,0,0,0,0,0,0,0,0,0,0,0,0,0,0,0,0,0,0,0,0,0,0,0,0,,MSB 1069-1,Pimephales promelas,JAR11714F,Diplostomatidae sp.,1,GC,GC,Metacercariae,Connective tissue,70% etoh,P6M9P,11,MSB 1069-1,TREM.DIPHUR.CONNECTIVETISSUE,,,,,,,,,,,,,,,,,,,,,,,,,,,,,,,,,,,,,,,,,,,,,,,,,,,,,,,,,,,,,,,,,,,,,,,,,
MSB:Fish:8998,MSB 8998-5,Pimephales promelas,1990,10,28,JAR11708F,BP,07-29-2025,07-29-2025,57,45,2182,GC,NA,NA,,0,0,0,0,0,0,0,0,0,0,0,0,0,0,0,0,0,0,0,0,2,0,0,0,0,0,0,0,0,0,0,0,0,0,0,0,0,1,0,0,0,0,0,0,0,,MSB 8998-5,Pimephales promelas,JAR11708F,Dactylogyrus sp.,1,GC,GC,Adult,Gill,70% etoh,P6M9M,11,MSB 8998-5,MONO.DACSP.GILL,,Diplostomatidae sp.,2,GC,GC,Metacercariae,Connective tissue,70% etoh,P6MAI,11,MSB 8998-5,TREM.DIPHUR.CONNECTIVETISSUE,,,,,,,,,,,,,,,,,,,,,,,,,,,,,,,,,,,,,,,,,,,,,,,,,,,,,,,,,,,,,
MSB:Fish:4031,MSB 4031-5,Pimephales promelas,1977,9,30,JAR11707F,BP,07-29-2025,07-29-2025,40,31,494,JG,NA,NA,,0,0,0,0,0,0,0,0,0,0,0,0,0,0,0,0,0,0,0,0,3,0,0,0,0,0,0,0,0,0,0,0,0,0,0,0,0,0,0,0,0,0,0,0,0,,MSB 4031-5,Pimephales promelas,JAR4031-5,Diplostomatidae sp.,3,JG,JG,Metacercariae,Connective tissue,70% etoh,P6MAH,11,MSB 4031-5,TREM.DIPHUR.CONNECTIVETISSUE,,,,,,,,,,,,,,,,,,,,,,,,,,,,,,,,,,,,,,,,,,,,,,,,,,,,,,,,,,,,,,,,,,,,,,,,,
MSB:Fish:4031,MSB 4031-4,Pimephales promelas,1977,9,30,JAR11703F,EO,07-29-2025,07-29-2025,40,32,550,GC,NA,NA,,0,0,0,0,0,0,0,0,0,0,0,0,0,0,0,0,0,0,0,0,6,0,0,0,0,0,0,0,0,0,0,0,0,0,0,0,0,0,0,NA,NA,0,0,0,0,,MSB 4031-4,Pimephales promelas,JAR4031-4,Diplostomatidae sp.,6,GC,GC,Metacercariae,Connective tissue,70% etoh,P6M9L,11,MSB 4031-4,TREM.DIPHUR.CONNECTIVETISSUE,,,,,,,,,,,,,,,,,,,,,,,,,,,,,,,,,,,,,,,,,,,,,,,,,,,,,,,,,,,,,,,,,,,,,,,,,
MSB:Fish:8998,MSB 8998-3,Pimephales promelas,1990,10,28,JAR11710F,EO,07-29-2025,07-29-2025,55,44,1916,JG,NA,NA,,0,0,0,0,0,0,0,0,0,0,0,0,0,0,0,0,0,0,0,0,0,0,0,0,0,0,0,0,0,0,0,0,0,0,0,0,0,0,0,0,0,0,0,0,0,,,,,,,,,,,,,,,,,,,,,,,,,,,,,,,,,,,,,,,,,,,,,,,,,,,,,,,,,,,,,,,,,,,,,,,,,,,,,,,,,,,,,,,,
MSB:Fish:1069,MSB 1069-5,Pimephales promelas,1963,2,22,JAR11716F,EO,07-29-2025,07-29-2025,39,31,448,JG,NA,NA,,0,0,0,0,0,0,0,0,0,0,0,0,0,0,0,0,0,0,0,0,0,0,0,0,0,0,0,0,0,0,0,0,0,0,0,0,0,0,0,NA,NA,0,0,0,0,,,,,,,,,,,,,,,,,,,,,,,,,,,,,,,,,,,,,,,,,,,,,,,,,,,,,,,,,,,,,,,,,,,,,,,,,,,,,,,,,,,,,,,,
MBS:Fish:1069,MSB 1069-4,Pimephales promelas,1963,2,22,JAR11717F,EO,07-29-2025,07-29-2025,37,29,428,BP,NA,NA,,0,0,0,0,0,0,0,0,0,0,0,0,0,0,0,0,0,0,0,0,0,0,0,0,0,0,0,0,0,0,0,0,0,0,0,0,1,0,0,0,0,0,0,0,0,,MSB 1069-4,Pimephales promelas,JAR11717F,Myxozoan sp,1,BP,BP,Myxo spore,Gill,70% etoh,P6MDO,11,MSB 1069-4,MYXO.M.GILL,,,,,,,,,,,,,,,,,,,,,,,,,,,,,,,,,,,,,,,,,,,,,,,,,,,,,,,,,,,,,,,,,,,,,,,,,
MSB:Fish:613,MSB 613-3,Pimephales promelas,1938,10,19,JAR11686F,EO,07-28-2025,07-29-2025,62,49,1963,EO,F,NA,,0,0,0,0,0,0,0,0,0,0,0,0,0,0,0,0,0,0,0,0,8,0,1,0,0,0,0,0,0,0,0,0,0,0,0,0,0,0,0,0,0,0,0,0,0,,MSB 613-2,Pimephales promelas ,JAR11686F,Diplostomatidae sp.,8,EO,EO,Metacercariae,Connective tissue,70% etoh,P6MBD,11,MSB 613-3,TREM.DIPHUR.CONNECTIVETISSUE,,Digenea,1,EO,EO,Metacercariae,Connective tissue,70% etoh,P6MBE,11,MSB 613-3,TREM.P.CONNECTIVETISSUE,,,,,,,,,,,,,,,,,,,,,,,,,,,,,,,,,,,,,,,,,,,,,,,,,,,,,,,,,,,,,
MSB:Fish:4101,MSB 4101-1,Pimephales promelas,1977,5,12,JAR11747F,EO,07-31-2025,07-31-2025,51,43,1591,EO,NA,NA,,0,0,0,0,0,0,0,0,0,0,0,0,0,0,0,0,0,0,0,0,0,0,0,0,0,0,0,0,0,0,0,0,0,0,0,0,0,0,0,0,0,0,0,0,0,,,,,,,,,,,,,,,,,,,,,,,,,,,,,,,,,,,,,,,,,,,,,,,,,,,,,,,,,,,,,,,,,,,,,,,,,,,,,,,,,,,,,,,,
MSB:Fish:43375,MSB 43375-1,Pimephales promelas,1999,8,25,JAR11735F,JG,07-31-2025,07-31-2025,51,40,1203,GC,NA,NA,,0,0,0,0,0,0,0,0,0,0,0,0,0,0,0,0,0,0,0,0,0,0,0,0,0,0,0,0,0,0,0,0,0,0,0,0,0,0,0,0,0,0,0,0,0,,,,,,,,,,,,,,,,,,,,,,,,,,,,,,,,,,,,,,,,,,,,,,,,,,,,,,,,,,,,,,,,,,,,,,,,,,,,,,,,,,,,,,,,
MSB:Fish:613,MSB 613-1,Pimephales promelas,1938,10,19,JAR1180F,EO,07-28-2025,07-31-2025,63,52,2583,CLW,F,NA,,0,0,0,0,0,0,0,0,0,0,0,0,0,0,0,0,0,0,0,0,0,0,0,0,0,0,0,0,0,0,0,0,0,0,0,0,0,0,0,0,0,0,0,0,0,,,,,,,,,,,,,,,,,,,,,,,,,,,,,,,,,,,,,,,,,,,,,,,,,,,,,,,,,,,,,,,,,,,,,,,,,,,,,,,,,,,,,,,,
MSB:Fish:1069,MSB 1069-2,Pimephales promelas,1963,2,22,JAR11713F,EO,07-29-2025,07-31-2025,42,34,611,GC,NA,NA,,0,0,0,0,0,0,0,0,0,0,0,0,0,0,0,0,0,0,0,0,0,0,0,0,0,0,0,0,0,0,0,0,0,0,0,0,0,0,0,0,0,0,0,0,0,,,,,,,,,,,,,,,,,,,,,,,,,,,,,,,,,,,,,,,,,,,,,,,,,,,,,,,,,,,,,,,,,,,,,,,,,,,,,,,,,,,,,,,,
MSB:Fish:7832,MSB 7832-4,Pimephales promelas,1990,4,18,JAR11718F,EO,07-31-2025,07-31-2025,39,31,635,BP,NA,NA,,0,0,0,0,0,0,0,0,0,0,0,0,1,0,0,0,0,0,0,0,0,0,0,0,0,0,0,0,0,0,0,0,0,0,0,0,0,0,0,0,0,0,0,0,0,,MSB 7832-4,Pimephales promelas,JAR11718F,Gyrodactylus sp.,1,BP,BP,Adult,Dorsal fin,70% etoh,P6MDP,11,MSB 7832-4,MONO.GYROSP.DORSALFIN,,,,,,,,,,,,,,,,,,,,,,,,,,,,,,,,,,,,,,,,,,,,,,,,,,,,,,,,,,,,,,,,,,,,,,,,,
MSB:Fish:4075,MSB 4075-5,Pimephales promelas,1977,6,9,JAR11748F,EO,07-31-2025,07-31-2025,47,39,1239,JG,F,NA,,0,0,0,0,0,0,0,0,0,0,0,0,0,0,0,0,0,0,0,0,0,0,0,0,0,0,0,1,0,0,0,0,0,0,0,0,0,3,0,NA,NA,0,0,0,0,One lost,MSB 4075-5,Pimephales promelas,JAR11748F,Dactylogyrus sp.,2,JG,JG,Adult,Gill,70% etoh,P6MAO,11,MSB 4075-5,MONO.DACSP.GILL,,Centrovarium,1,JG,JG,Metacercariae,Intestine,70% etoh,P6MAP,11,MSB 5075-5,TREM.CENT.INTESTINE,,,,,,,,,,,,,,,,,,,,,,,,,,,,,,,,,,,,,,,,,,,,,,,,,,,,,,,,,,,,,
MSB:Fish:43375,MSB 43375-4,Pimephales promelas,1999,8,25,JAR11727F,EO,07-31-2025,07-31-2025,47,37,879,GC,NA,NA,,0,0,0,0,0,0,0,0,0,0,0,0,0,0,0,1,0,0,0,0,0,0,0,0,0,0,0,0,0,0,0,0,0,0,0,1,0,0,0,0,0,0,0,0,0,,MSB 43375-4,Pimephales promelas,JAR11727F,Myxobolus sp.,1,GC,GC,Myxo spore,Gill,70% etoh,P6M9S,11,MSB 43375-4,MYXO.MYXSP.GILL,,Nematoda,1,GC,GC,Metacercariae,Liver,70% etoh,P6M9T,11,MSB 43375-4,TREM.WHITE.LIVER,,,,,,,,,,,,,,,,,,,,,,,,,,,,,,,,,,,,,,,,,,,,,,,,,,,,,,,,,,,,,
MSB:Fish:1069,MSB 1069-3,Pimephales promelas,1963,2,22,JAR11715F,JG,07-29-2025,07-31-2025,37,30,456,JG,NA,NA,,0,0,0,0,0,0,0,0,0,0,0,0,0,0,0,0,0,0,0,0,2,0,0,0,0,0,0,0,0,0,0,0,0,0,0,0,0,0,0,NA,NA,0,0,0,0,,MSB 1069-3,Pimephales promelas,JAR11715F,Diplostomatidae sp.,2,JG,JG,Metacercariae,Connective tissue,70% etoh,P6M9R,11,MSB 1069-3,TREM.DIPHUR.CONNECTIVETISSUE,,,,,,,,,,,,,,,,,,,,,,,,,,,,,,,,,,,,,,,,,,,,,,,,,,,,,,,,,,,,,,,,,,,,,,,,,
MSB:Fish:4101,MSB 4101-5,Pimephales promelas,1977,5,12,JAR11739F,EO,07-31-2025,07-31-2025,42,43,757,GC,NA,NA,,0,0,0,0,0,0,0,0,0,0,0,0,0,0,0,0,0,0,0,0,1,0,0,0,0,0,0,0,0,0,0,0,0,0,0,19,0,0,0,0,0,0,0,0,0,,MSB 4101-5,Pimephales promelas,JAR11739F,Myxobolus sp.,19,GC,GC,Myxo spore,Gill,70% etoh,P6MAL,11,MSB 4101-5,MYXO.MYXSP.GILL,,Diplostomatidae sp.,1,GC,GC,Metacercariae,Connective tissue,70% etoh,P6MAN,11,MSB 4101-5,TREM.DIPHUR.CONNECTIVETISSUE,,,,,,,,,,,,,,,,,,,,,,,,,,,,,,,,,,,,,,,,,,,,,,,,,,,,,,,,,,,,,
MSB:Fish:613,MSB 613-5,Pimephales promelas,1938,10,19,JAR11677F,EO,07-28-2025,07-31-2025,50,42,1308,CLW,NA,NA,,0,0,0,0,0,0,0,0,0,0,0,0,0,0,0,0,0,0,0,0,0,0,1,0,0,0,0,0,0,0,0,0,0,0,0,0,0,0,0,0,0,0,0,0,0,,MSB 613-5,Pimephales promelas,JAR11677F,Trematoda sp.,1,CLW,CLW,Metacercariae,Connective tissue,70% etoh,P6MAJ,11,MSB 613-5,TREM.P.CONNECTIVETISSUE,,,,,,,,,,,,,,,,,,,,,,,,,,,,,,,,,,,,,,,,,,,,,,,,,,,,,,,,,,,,,,,,,,,,,,,,,
MSB:Fish:43375,MSB 43375-2,Pimephales promelas,1999,8,25,JAR11733F,EO,07-31-2025,07-31-2025,45,36,861,EO,NA,NA,,0,0,0,0,0,0,0,0,0,0,0,0,0,0,0,0,0,0,0,0,0,0,6,0,0,0,0,0,0,0,0,0,0,0,0,0,0,0,0,NA,NA,0,7,0,0,,MSB 43375-2,Pimephales promelas,JAR11733F,Diplostomatidae sp.,7,EO,EO,Metacercariae,Flush,70% etoh,P6MBF,11,MSB 43375-2,TREM.DIPHUR.FLUSH,,Digenea sp.,6,EO,EO,Metacercariae,Connective tissue,70% etoh,P6MBG,11,MSB 43375-2,TREM.P.CONNECTIVETISSUE,,,,,,,,,,,,,,,,,,,,,,,,,,,,,,,,,,,,,,,,,,,,,,,,,,,,,,,,,,,,,
MSB:Fish:7835,MSB 7835-5,Pimephales promelas,1990,4,18,JAR11728F,JG,07-31-2025,07-31-2025,37,30,583,GC,NA,NA,,0,0,0,0,0,0,0,0,0,0,0,0,0,0,0,0,0,0,0,0,0,0,0,0,0,0,0,0,0,0,0,0,0,0,0,0,0,0,0,0,0,0,0,0,0,,,,,,,,,,,,,,,,,,,,,,,,,,,,,,,,,,,,,,,,,,,,,,,,,,,,,,,,,,,,,,,,,,,,,,,,,,,,,,,,,,,,,,,,
MSB:Fish:4075,MSB 4075-1,Pimephales promelas,1977,6,9,JAR11721F,EO,07-31-2025,07-31-2025,50,41,1450,GC,NA,NA,,0,0,0,0,0,0,0,0,0,0,0,0,0,0,0,0,0,0,0,0,0,0,0,0,0,0,0,0,0,0,0,0,0,0,0,0,0,0,0,0,0,0,0,0,0,,,,,,,,,,,,,,,,,,,,,,,,,,,,,,,,,,,,,,,,,,,,,,,,,,,,,,,,,,,,,,,,,,,,,,,,,,,,,,,,,,,,,,,,
MSB:Fish:4101,MSB 4101-2,Pimephales promelas,1977,5,12,JAR11744F,JG,07-31-2025,07-31-2025,43,35,1041,GC,NA,NA,,0,0,0,0,0,0,0,0,0,0,0,0,0,0,0,0,0,0,0,0,0,0,0,0,0,0,0,0,0,0,0,0,0,0,0,0,0,0,0,0,0,0,0,0,0,,,,,,,,,,,,,,,,,,,,,,,,,,,,,,,,,,,,,,,,,,,,,,,,,,,,,,,,,,,,,,,,,,,,,,,,,,,,,,,,,,,,,,,,
MSB:Fish:7832-2,MSB 7832-2,Pimephales promelas,1990,3,18,JAR11725F,EO,07-31-2025,07-31-2025,48,39,1627,BP,F,NA,,0,0,0,1,0,0,0,0,0,0,0,0,0,0,0,0,0,0,0,0,1,0,0,0,0,2,0,0,0,0,0,0,0,1,0,0,0,0,0,0,0,0,0,0,1,,MSB 7832-2,Pimephales promelas,JAR11725F,Digenea,1,BP,BP,Metacercariae,Muscle,70% etoh,P6MDS,11,MSB 7832-2,TREM.META.MUSCLE,,Diplostomatidae sp.,1,BP,BP,Metacercariae,Connective tissue,70% etoh,P6MDR,11,MSB 7832-2,TREM.DIPHUR.CONNECTIVE_TISSUE,,Cestoda,2,BP,BP,Metacestode,Connective Tissue,70% etoh,P6MDQ,11,MSB 7832-2,CEST.LARV.CONNECTIVE_TISSUES,,Nematoda,1,BP,BP,NA,Flush,70% etoh,P6MDT,11,,NEM.UNK.FLUSH,,Digenea,1,BP,BP,Metacercariae,Flush,70% etoh,P6MDU,11,MSB 7832-2,TREM.UNKN.FLUSH,,,,,,,,,,,,,,,,,,,,,,,,,
MSB:Fish:4075,MSB 4075-2,Pimephales promelas,1977,6,9,JAR11720F,JG,07-31-2025,07-31-2025,52,43,1701,GC,NA,NA,,0,0,0,0,0,0,0,0,0,0,0,0,0,0,0,0,0,0,0,0,0,0,0,0,0,0,0,0,0,0,0,0,0,0,0,0,0,0,0,0,0,0,0,0,0,,,,,,,,,,,,,,,,,,,,,,,,,,,,,,,,,,,,,,,,,,,,,,,,,,,,,,,,,,,,,,,,,,,,,,,,,,,,,,,,,,,,,,,,
MSB:Fish:611,MSB 611-1,Pimephales promelas,1949,10,28,JAR11741F,EO,07-31-2025,07-31-2025,49,39,957,GC,NA,NA,,0,0,0,0,0,0,0,0,0,0,0,0,0,0,0,0,0,0,0,0,0,0,0,0,0,0,0,0,0,0,0,0,0,0,0,0,0,0,0,0,0,0,0,0,0,,,,,,,,,,,,,,,,,,,,,,,,,,,,,,,,,,,,,,,,,,,,,,,,,,,,,,,,,,,,,,,,,,,,,,,,,,,,,,,,,,,,,,,,
MSB:Fish:7832,MSB 7832-3,Pimephales promelas,1990,4,18,JAR11719F,JG,07-31-2025,07-31-2025,48,39,1139,GC,NA,NA,,0,0,0,0,0,0,0,0,0,0,0,0,0,0,0,0,0,0,0,0,0,0,0,0,0,0,0,0,0,0,0,0,0,0,0,0,0,0,0,NA,NA,0,0,0,0,,,,,,,,,,,,,,,,,,,,,,,,,,,,,,,,,,,,,,,,,,,,,,,,,,,,,,,,,,,,,,,,,,,,,,,,,,,,,,,,,,,,,,,,
MSB:Fish:4101,MSB 4101-3,Pimephales promelas,1977,5,12,JAR11745F,EO,07-31-2025,07-31-2025,43,35,804,EO,F,NA,,0,0,0,0,0,0,0,0,0,0,0,0,0,0,0,0,0,0,0,0,0,0,0,0,0,0,0,0,0,0,0,0,0,0,0,0,0,2,0,0,0,0,0,0,0,,MSB 4101-3,Pimephales promelas,JAR11745F,Dactylogyrus sp.,2,EO,EO,Adult,Gill,70% etoh,P6MBH,11,MSB 4101-3,MONO.DACSP.GILL,,,,,,,,,,,,,,,,,,,,,,,,,,,,,,,,,,,,,,,,,,,,,,,,,,,,,,,,,,,,,,,,,,,,,,,,,
MSB:Fish:4075,MSB 4075-3,Pimephales promelas,1977,6,9,JAR11724F,EO,07-31-2025,07-31-2025,45,36,978,JG,F,Arthropod,,0,0,0,0,0,0,0,0,0,0,0,0,0,0,0,0,0,0,0,0,0,0,0,0,0,0,0,0,0,0,0,0,0,0,0,2,0,1,0,0,0,0,0,0,0,,MSB 4075-3,Pimephales promelas,JAR11724F,Dactylogyrus sp.,2,JG,JG,Adult,Gill,70% etoh,P6M9X,11,MSB 4075-3,MONO.DACSP.GILL,,Myxobolus,2,JG,JG,Myxospore,Gill,70% etoh,P6M9X,11,MSB 4075-3,MYXO.MYXSP.GILL,,,,,,,,,,,,,,,,,,,,,,,,,,,,,,,,,,,,,,,,,,,,,,,,,,,,,,,,,,,,,
MSB:Fish:4075,MSB 4075-4,Pimephales promelas,1977,6,9,JAR11723F,JG,07-31-2025,07-31-2025,46,38,1077,JG,F,NA,,0,0,0,0,0,0,0,0,0,0,0,0,0,0,0,0,0,0,0,0,0,0,0,0,0,0,0,0,0,0,0,0,0,0,0,0,0,1,0,NA,NA,0,0,0,0,,MSB 4075-4,Pimephales promelas,JAR11723F,Dactylogyrus sp.,1,JG,JG,Adult,Gill,70% etoh,P6M9U,11,MSB 4075-4,MONO.DACSP.GILL,,,,,,,,,,,,,,,,,,,,,,,,,,,,,,,,,,,,,,,,,,,,,,,,,,,,,,,,,,,,,,,,,,,,,,,,,
MSB:Fish:611,MSB 611-3,Pimephales promelas,1949,10,28,JAR11740F,EO,07-31-2025,07-31-2025,46,37,785,EO,F,NA,,0,0,0,0,0,0,0,0,0,0,0,0,0,0,0,0,0,0,0,0,2,0,0,0,0,0,0,0,0,0,0,0,0,0,0,0,0,0,0,0,0,0,0,0,0,,MSB 611-3,Pimephales promelas,JAR11740F,Diplostomatidae sp.,2,EO,EO,Metacercariae,Connective tissue,70% etoh,P6MBI,11,MSB 611-3,TREM.DIPHUR.CONNECTIVETISSUES,,,,,,,,,,,,,,,,,,,,,,,,,,,,,,,,,,,,,,,,,,,,,,,,,,,,,,,,,,,,,,,,,,,,,,,,,
MSB:Fish:611,MSB 611-4,Pimephales promelas,1949,10,28,JAR11743F,EO,07-31-2025,07-31-2025,51,42,1109,CLW,NA,Arthropod,Part of caudal fin broken,0,0,0,0,0,0,0,1,0,0,0,0,0,0,0,0,0,0,0,0,0,0,0,0,0,0,0,0,0,0,0,0,0,0,0,0,0,0,0,0,0,0,0,0,0,,MSB 611-4,Pimephales promelas,JAR11743F,Monogenea,1,CLW,CLW,Adult,Pectoral Fin,70% etoh,P6M9V,11,MSB 611-4,MONO.UNKN.FIN,"smashed this worm under coverslip, cant tell what it was. no hooks.",,,,,,,,,,,,,,,,,,,,,,,,,,,,,,,,,,,,,,,,,,,,,,,,,,,,,,,,,,,,,,,,,,,,,,,,
MSB:Fish:43375,MSB 43375-5,Pimephales promelas,1999,8,25,JAR11730F,JG,07-31-2025,07-31-2025,36,28,454,CLW,NA,,,0,0,0,0,0,0,0,0,0,0,0,0,0,0,0,0,0,0,0,0,0,0,0,3,0,0,0,0,0,0,0,0,0,0,0,0,0,0,0,0,0,0,0,0,0,,MSB 43375-5,Pimephales promelas,JAR11730F,Digenea,3,CLW,CLW,Metacercariae,Connective tissue,70% etoh,P6MAM,11,MSB 43375-5,TREM.WHITE.CONN,"in giant, white, crystalline cyst, nested in connective tissue around the intestine",,,,,,,,,,,,,,,,,,,,,,,,,,,,,,,,,,,,,,,,,,,,,,,,,,,,,,,,,,,,,,,,,,,,,,,,
MSB:Fish:7832,MSB 7832-1,Pimephales promelas,1990,4,18,JAR11722F,JG,07-31-2025,07-31-2025,39,32,681,GC,NA,NA,,0,0,0,0,0,0,0,0,0,0,0,0,0,0,0,0,0,0,0,0,0,0,0,0,0,0,0,0,0,0,0,0,0,0,0,0,0,0,0,NA,NA,0,0,0,0,,,,,,,,,,,,,,,,,,,,,,,,,,,,,,,,,,,,,,,,,,,,,,,,,,,,,,,,,,,,,,,,,,,,,,,,,,,,,,,,,,,,,,,,
MSB:Fish:43375,MSB 43375-3,Pimephales promelas,1999,8,25,JAR11736F,JG,07-31-2025,07-31-2025,43,34,758,JG,NA,NA,Lost the gall bladder,0,0,0,0,0,0,0,0,0,0,0,0,0,0,0,0,0,0,0,0,0,0,0,0,0,0,0,0,0,0,0,0,0,0,0,0,0,0,0,NA,NA,0,0,0,0,,,,,,,,,,,,,,,,,,,,,,,,,,,,,,,,,,,,,,,,,,,,,,,,,,,,,,,,,,,,,,,,,,,,,,,,,,,,,,,,,,,,,,,,
MSB:Fish:611,MSB 611-5,Pimephales promelas,1949,10,28,JAR11738F,EO,07-31-2025,07-31-2025,38,30,482,EO,F,NA,,0,0,0,0,0,0,0,0,0,0,0,0,0,0,0,0,0,0,0,0,0,0,0,0,0,0,0,0,0,0,0,0,0,0,0,0,0,0,0,0,0,0,0,0,0,,,,,,,,,,,,,,,,,,,,,,,,,,,,,,,,,,,,,,,,,,,,,,,,,,,,,,,,,,,,,,,,,,,,,,,,,,,,,,,,,,,,,,,,
MSB:Fish:4114,MSB 4114-1,Pimephales promelas,1977,5,13,JAR11756F,EO,08-01-2025,08-01-2025,52,42,1845,EO,F,NA,,0,0,0,0,0,0,0,0,0,0,0,0,0,0,0,0,0,0,0,0,0,0,0,0,0,0,0,0,0,0,0,0,0,0,0,0,0,0,0,0,0,0,0,0,0,,,,,,,,,,,,,,,,,,,,,,,,,,,,,,,,,,,,,,,,,,,,,,,,,,,,,,,,,,,,,,,,,,,,,,,,,,,,,,,,,,,,,,,,
MSB:Fish:4101,MSB 4101-4,Pimephales promelas,1977,5,12,JAR11742F,JG,07-31-2025,08-01-2025,45,36,967,CLW GC,NA,NA,,0,0,0,0,0,0,0,0,0,0,0,0,0,0,0,0,0,0,0,0,0,0,0,0,0,0,0,0,0,0,0,0,0,0,0,0,0,0,0,NA,NA,0,0,0,0,,,,,,,,,,,,,,,,,,,,,,,,,,,,,,,,,,,,,,,,,,,,,,,,,,,,,,,,,,,,,,,,,,,,,,,,,,,,,,,,,,,,,,,,
MSB:Fish:630,MSB 630-4,Pimephales promelas,1938,12,2,JAR11752F,EO,08-01-2025,08-01-2025,48,38,924,GC,NA,NA,,0,0,0,0,0,0,0,0,0,0,0,0,0,0,0,0,0,0,0,0,1,0,0,0,0,0,0,0,0,0,0,0,0,0,0,0,0,0,0,0,0,0,0,0,0,,MSB 630-4,Pimephales promelas,JAR11752F,Diplostomatidae sp.,1,GC,GC,Metacercariae,Connective tissue,70% etoh,P6MAR,11,MSB 630-4,TREM.DIPHUR.CONNECTIVETISSUE,,,,,,,,,,,,,,,,,,,,,,,,,,,,,,,,,,,,,,,,,,,,,,,,,,,,,,,,,,,,,,,,,,,,,,,,,
MSB:Fish:611,MSB 611-2,Pimephales promelas,1949,10,28,JAR11746F,EO,07-31-2025,08-01-2025,46,37,870,GC,NA,NA,,0,0,0,0,0,0,0,0,0,0,0,0,0,0,0,0,0,0,0,0,1,0,0,0,0,0,0,0,0,0,0,0,0,0,0,0,0,0,0,0,0,0,0,0,0,,MSB 611-2,Pimephales promelas,JAR11746F,Diplostomatidae sp.,1,GC,GC,Metacercariae,Connective tissue,70% etoh,P6MAQ,11,MSB 611-2,TREM.DIPHUR.CONNECTIVETISSUE,,,,,,,,,,,,,,,,,,,,,,,,,,,,,,,,,,,,,,,,,,,,,,,,,,,,,,,,,,,,,,,,,,,,,,,,,
MSB:Fish:5806,MSB 5806-3,Pimephales promelas,1987,9,9,JAR11764F,EO,08-01-2025,08-01-2025,37,30,562,GC,NA,NA,,0,0,0,0,0,0,0,0,0,0,0,0,0,0,0,0,0,0,0,0,3,0,0,0,0,0,0,0,0,0,0,0,0,0,0,0,0,0,0,0,0,0,0,0,0,,MSB 5806-3,Pimephales promelas,JAR11764F,Diplostomatidae sp.,3,GC,GC,Metacercariae,Connective tissue,70% etoh,P6M9Y,11,MSB 5806-3,TREM.DIPHUR.CONNECTIVETISSUE,,,,,,,,,,,,,,,,,,,,,,,,,,,,,,,,,,,,,,,,,,,,,,,,,,,,,,,,,,,,,,,,,,,,,,,,,
MSB:Fish:5806,MSB 5806-5,Pimephales promelas,1987,9,9,JAR11761F,EO,08-01-2025,08-01-2025,36,29,545,EO,NA,NA,,0,0,0,0,0,0,0,0,0,0,0,0,0,0,0,0,0,0,0,0,0,0,0,0,0,0,0,0,0,0,0,0,0,0,0,0,0,2,0,0,0,0,4,0,0,,MSB 5806-5,Pimephales promelas,JAR11761F,Dactylogyrus sp.,2,EO,EO,Adult,Gill,70% etoh,P6MBJ,11,MSB 5806-5,MONO.DACSP.GILL,,Diplostomatidae sp.,4,EO,EO,Metacercariae,Flush,70% etoh,P6MBK,11,MSB 5806-5,TREM.DIPHUR.FLUSH,,,,,,,,,,,,,,,,,,,,,,,,,,,,,,,,,,,,,,,,,,,,,,,,,,,,,,,,,,,,,
MSB:Fish:5806,MSB 5806-1,Pimephales promelas,1987,9,9,JAR11767F,EO,08-01-2025,08-01-2025,50,41,1681,JG,NA,NA,,0,0,0,0,0,0,0,0,0,0,0,0,0,0,0,0,0,0,0,0,3,0,0,0,0,0,0,0,0,0,0,0,0,0,0,0,0,0,0,0,0,0,1,0,0,,MSB 5806-1,Pimephales promelas,JAR11767F,Diplostomatidae sp.,1,JG,JG,Metacercariae,Flush,70% etoh,P6MAU,11,MSB 5806-1,TREM.DIPHUR.FLUSH,,Diplostomatidae sp.,3,JG,JG,Metacercariae,Connective tissue,70% etoh,P6MAT,11,MSB 5806-1,TREM.DIPHUR.CONNECTIVETISSUE,,,,,,,,,,,,,,,,,,,,,,,,,,,,,,,,,,,,,,,,,,,,,,,,,,,,,,,,,,,,,
MSB:Fish:4114,MSB 4114-3,Pimephales promelas,1977,5,13,JAR11753F,EO,08-01-2025,08-01-2025,51,43,1646,GC,NA,NA,,0,0,0,0,0,0,0,0,0,0,0,0,0,0,0,0,0,0,0,0,0,0,0,0,0,0,0,0,0,0,0,0,0,0,0,2,0,0,0,0,0,0,0,0,0,,MSB 4114-3,Pimephales promelas,JAR11753F,Myxobolus sp.,2,GC,GC,Myxo spore,Gill,70% etoh,P6MAS,11,MSB 4114-3,MYXO.MYXSP.GILL,,,,,,,,,,,,,,,,,,,,,,,,,,,,,,,,,,,,,,,,,,,,,,,,,,,,,,,,,,,,,,,,,,,,,,,,,
MSB:Fish:630,MSB 630-2,Pimephales promelas,1938,12,2,JAR11749F,EO,08-01-2025,08-01-2025,49,40,1051,BP,NA,NA,,0,0,0,0,0,0,0,0,0,0,0,0,0,0,0,0,0,0,0,0,1,0,0,0,0,0,0,0,0,0,0,0,0,0,0,0,0,0,0,0,0,0,0,0,0,,MSB 630-2,Pimephales promelas,JAR11749F,Diplostomatidae sp.,1,BP,BP,Metacercariae,Connective tissue,70% etoh,P6MDV,11,MSB 630-2,TREM.DIPHUR.CONNECTIVETISSUE,,,,,,,,,,,,,,,,,,,,,,,,,,,,,,,,,,,,,,,,,,,,,,,,,,,,,,,,,,,,,,,,,,,,,,,,,
MSB:Fish:630,MSB 630-5,Pimephales promelas,1938,12,2,JAR11737F,JG,08-01-2025,08-01-2025,41,35,642,CLW,NA,NA,,0,0,0,0,0,0,0,0,0,0,0,0,0,0,0,0,0,0,0,0,1,0,0,0,0,0,0,0,0,0,0,0,0,0,0,0,0,0,0,NA,NA,0,0,0,0,,MSB 630-5,Pimephales promelas,JAR11737F,Diplostomatidae sp.,1,CLW,CLW,Metacercariae,Connective tissue,70% etoh,P6M9Z,11,MSB 630-5,TREM.DIPHUR.CONNECTIVETISSUE,,,,,,,,,,,,,,,,,,,,,,,,,,,,,,,,,,,,,,,,,,,,,,,,,,,,,,,,,,,,,,,,,,,,,,,,,
MSB:Fish:4114,MSB 4114-5,Pimephales promelas,1977,5,13,JAR11750F,EO,08-01-2025,08-01-2025,47,38,1113,EO,NA,NA,,0,0,0,0,0,0,0,0,0,0,0,0,0,0,0,0,0,0,0,0,0,0,0,0,0,0,0,0,0,0,0,0,0,0,0,0,0,0,0,NA,NA,0,0,0,0,,,,,,,,,,,,,,,,,,,,,,,,,,,,,,,,,,,,,,,,,,,,,,,,,,,,,,,,,,,,,,,,,,,,,,,,,,,,,,,,,,,,,,,,
MSB:Fish:630,MSB 630-1,Pimephales promelas,1938,12,2,JAR11755F,JG,08-01-2025,08-01-2025,44,35,722,JG,F,NA,,0,0,0,0,0,0,0,0,0,0,0,0,0,0,0,0,0,0,0,0,0,0,0,0,0,0,0,0,0,0,0,0,0,0,0,0,0,0,0,0,0,0,0,0,0,,,,,,,,,,,,,,,,,,,,,,,,,,,,,,,,,,,,,,,,,,,,,,,,,,,,,,,,,,,,,,,,,,,,,,,,,,,,,,,,,,,,,,,,
MSB:Fish:4114,MSB 4114-2,Pimephales promelas,1977,5,13,JAR11754F,JG,08-01-2025,08-01-2025,50,43,1512,CLW,NA,NA,,0,0,0,0,0,0,0,0,0,0,0,0,0,0,0,0,0,0,0,0,0,0,0,0,0,0,0,0,0,0,0,0,0,0,0,0,0,0,0,NA,NA,0,0,0,0,,,,,,,,,,,,,,,,,,,,,,,,,,,,,,,,,,,,,,,,,,,,,,,,,,,,,,,,,,,,,,,,,,,,,,,,,,,,,,,,,,,,,,,,
MSB:Fish:4174,MSB 4174-1,Pimephales promelas,1977,8,4,JAR11768F,BP,08-01-2025,08-01-2025,32,26,277,JG,NA,NA,,0,0,1,0,0,0,0,0,0,0,0,0,0,0,0,0,0,0,0,0,0,0,0,0,0,0,0,0,0,0,0,0,0,0,0,0,0,0,0,0,0,0,0,0,0,,MSB 4174-1,Pimephales promelas,JAR11768F,Lernaea sp.,1,JG,CLW,Adult,Pelvic fin,70% etoh,P6MA1,11,MSB 4174-1,CRUS.LERCYP,,,,,,,,,,,,,,,,,,,,,,,,,,,,,,,,,,,,,,,,,,,,,,,,,,,,,,,,,,,,,,,,,,,,,,,,,
MSB:Fish:4174,MSB 4174-5,Pimephales promelas,1977,8,4,JAR11759F,BP,08-01-2025,08-01-2025,36,29,468,EO,F,NA,,0,0,0,0,0,0,0,0,0,0,0,0,0,0,0,0,0,0,0,0,0,0,0,0,0,0,0,0,0,0,0,0,0,0,0,0,0,1,0,0,0,0,0,0,0,,MSB 4174-5,Pimephales promelas,JAR11759F,Dactylogyrus sp.,1,EO,EO,Adult,Gill,70% etoh,P6MBL,11,MSB 4174-5,MONO.DACSP,,,,,,,,,,,,,,,,,,,,,,,,,,,,,,,,,,,,,,,,,,,,,,,,,,,,,,,,,,,,,,,,,,,,,,,,,
MSB:Fish:630,MSB 630-3,Pimephales promelas,1938,12,2,JAR11758F,JG,08-01-2025,08-01-2025,47,37,965,CLW,NA,NA,,0,0,0,0,0,0,0,0,0,0,0,0,0,0,0,0,0,0,0,0,3,0,0,0,0,0,0,0,0,0,0,0,0,0,0,0,0,0,0,0,0,0,0,0,0,,MSB 630-3,Pimephales promelas,JAR11758F,Diplostomatidae sp.,3,CLW,CLW,Metacercariae,Connective tissue,70% etoh,P6MA0,11,MSB 630-3,TREM.DIPHUR.CONN,,,,,,,,,,,,,,,,,,,,,,,,,,,,,,,,,,,,,,,,,,,,,,,,,,,,,,,,,,,,,,,,,,,,,,,,,
MSB:Fish:4174,MSB 4174-4,Pimephales promelas,1977,8,4,JAR11757F,EO,08-01-2025,08-01-2025,36,28,435,EO,F,NA,,0,0,0,0,0,0,0,0,0,0,0,0,0,0,0,0,0,0,0,0,0,0,1,0,0,0,0,0,0,0,0,0,0,0,0,0,0,1,0,0,0,0,0,0,0,,MSB 4174-4,Pimephales promelas,JAR11757F,Dactylogyrus sp.,1,EO,EO,Adult,Gill,70% etoh,P6MBM,11,MSB 4174-4,MONO.DACSP,,Trematoda,1,EO,EO,Metacercariae,Connective tissue,70% etoh,P6MBN,11,MSB 4174-4,TREM.P,,,,,,,,,,,,,,,,,,,,,,,,,,,,,,,,,,,,,,,,,,,,,,,,,,,,,,,,,,,,,
MSB:Fish:5806,MSB 5806-2,Pimephales promelas,1987,9,9,JAR11770F,JG,08-01-2025,08-01-2025,49,40,1490,GC,NA,NA,,0,0,0,0,0,0,0,0,0,0,0,0,0,0,0,0,0,0,0,0,0,0,0,0,0,0,0,0,0,0,0,0,0,0,0,0,0,0,0,0,0,0,0,0,0,,,,,,,,,,,,,,,,,,,,,,,,,,,,,,,,,,,,,,,,,,,,,,,,,,,,,,,,,,,,,,,,,,,,,,,,,,,,,,,,,,,,,,,,
MSB:Fish:4174,MSB 4174-3,Pimephales promelas,1977,8,4,JAR11760F,BP,08-01-2025,08-04-2025,40,32,646,JG,NA,NA,1 TREM.DIPHUR found in the gill flush,0,0,0,0,0,0,0,0,0,0,0,0,0,0,0,0,0,0,0,0,6,0,1,0,0,0,0,0,0,0,0,0,0,0,0,60,0,0,0,0,0,0,3,0,1,,MSB 4174-3,Pimephales promelas,JAR11760F,Diplostomatidae sp.,3,JG,JG,Metacercariae,Flush,70% etoh,P6MBP,11,MSB 4174-3,TREM.DIPHUR.FLUSH,,Digenea,1,JG,JG,Metacercariae,Connective tissue,70% etoh,P6MBO,11,MSB 4174-3,TREM.P.CONNECTIVETISSUE,,Trematoda,1,JG,JG,NA,Flush,70% etoh,P6MAV,11,MSB 4174-3,TREM.UNK.FLUSH,,Diplostomatidae sp.,6,JG,JG,Metacercariae,Connective tissue,70% etoh,P6M8D,11,MSB 4174-3,TREM.DIPHUR.CONNECTIVETISSUE,,Myxobolus sp.,60,JG,JG,NA,Gill,70% etoh,P6M8C,11,MSB 4174-3,MYXO.MYXSP.GILL,2 broke not vouchered,,,,,,,,,,,,,,,,,,,,,,,,
MSB:Fish:18935,MSB 18935-5,Pimephales promelas,1994,5,10,JAR11786F,EO,08-04-2025,08-04-2025,31,26,296,CW,NA,NA,,0,0,0,0,0,0,0,0,0,0,0,0,0,0,0,0,0,0,0,0,1,1,0,0,0,0,0,0,0,0,0,0,0,0,0,0,0,0,0,NA,NA,0,0,0,0,TREM.UNK lost,MSB 18935-5,Pimephales promelas,JAR11786F,Diplostomatidae sp.,1,CW,CW,Metacercariae,Connective tissue,70% etoh,P6M8G,11,MSB 18935-5,TREM.DIPHUR.CONNECTIVETISSUE,,,,,,,,,,,,,,,,,,,,,,,,,,,,,,,,,,,,,,,,,,,,,,,,,,,,,,,,,,,,,,,,,,,,,,,,,
MSB:Fish:5806,MSB 5806-4,Pimephales promelas,1987,9,9,JAR11762F,JG,08-01-2025,08-04-2025,41,33,704,CW,NA,NA,,0,0,0,0,0,0,0,0,0,0,0,0,0,0,0,0,0,0,0,0,0,0,0,0,0,0,0,0,0,0,0,0,0,0,0,0,0,0,0,0,0,0,0,1,0,,MSB 5806-4,Pimephales promelas,JAR11762F,Digenea,1,CW,CW,Metacercariae,Flush,70% etoh,P6M8E,11,MSB 5806-4,TREM.P.FLUSH,,,,,,,,,,,,,,,,,,,,,,,,,,,,,,,,,,,,,,,,,,,,,,,,,,,,,,,,,,,,,,,,,,,,,,,,,
MSB:Fish:4391,MSB 4391-2,Pimephales promelas,1978,8,16,JAR11778F,EO,08-04-2025,08-04-2025,39,32,525,CW,NA,NA,,0,0,0,0,0,0,0,0,0,0,0,0,0,0,0,0,0,0,0,0,0,0,0,0,0,0,0,0,0,0,0,0,0,0,0,0,0,0,0,0,0,0,0,0,0,,,,,,,,,,,,,,,,,,,,,,,,,,,,,,,,,,,,,,,,,,,,,,,,,,,,,,,,,,,,,,,,,,,,,,,,,,,,,,,,,,,,,,,,
MSB:Fish:4391,MSB 4391-1,Pimephales promelas,1978,8,16,JAR11783F,BP,08-04-2025,08-04-2025,43,35,816,JG,NA,NA,,0,0,0,0,0,0,0,0,0,0,0,0,0,0,0,0,0,0,0,0,0,0,0,0,0,0,0,0,0,0,0,0,0,0,0,0,0,0,0,0,0,0,0,0,0,,,,,,,,,,,,,,,,,,,,,,,,,,,,,,,,,,,,,,,,,,,,,,,,,,,,,,,,,,,,,,,,,,,,,,,,,,,,,,,,,,,,,,,,
MSB:Fish:4391,MSB 4391-4,Pimephales promelas,1978,8,16,JAR11781F,EO,08-04-2025,08-04-2025,42,34,729,EO,NA,NA,,0,0,0,0,0,0,0,0,0,0,0,0,0,0,0,0,0,0,0,0,0,0,0,0,0,0,0,0,0,0,0,0,0,0,0,0,0,0,0,0,0,0,0,0,0,,,,,,,,,,,,,,,,,,,,,,,,,,,,,,,,,,,,,,,,,,,,,,,,,,,,,,,,,,,,,,,,,,,,,,,,,,,,,,,,,,,,,,,,
MSB:Fish:5828,MSB 5828-5,Pimephales promelas,1987,9,10,JAR11771F,EO,08-04-2025,08-04-2025,42,33,561,CW,NA,NA,,0,0,0,0,0,0,0,0,0,0,0,0,0,0,0,0,0,0,0,0,1,0,0,0,0,0,0,0,0,0,0,0,0,0,0,0,0,0,0,0,0,0,0,0,0,TREM.DIPHUR destroyed,,,,,,,,,,,,,,,,,,,,,,,,,,,,,,,,,,,,,,,,,,,,,,,,,,,,,,,,,,,,,,,,,,,,,,,,,,,,,,,,,,,,,,,
MSB:Fish:5817,MSB 5817-3,Pimephales promelas,1987,9,10,JAR11780F,EO,08-04-2025,08-04-2025,53,43,1548,CW,NA,NA,,0,0,0,0,0,0,0,0,0,0,0,0,0,0,0,0,0,0,0,0,5,0,0,0,0,0,0,0,0,0,0,0,0,0,0,0,0,0,0,0,0,0,0,0,0,,MSB 5817-3,Pimephales promelas,JAR11780F,Diplostomatidae sp.,5,CW,CW,Metacercariae,Connective tissue,70% etoh,P6M8F,11,MSB 5817-3,TREM.DIPHUR.CONNECTIVETISSUE,,,,,,,,,,,,,,,,,,,,,,,,,,,,,,,,,,,,,,,,,,,,,,,,,,,,,,,,,,,,,,,,,,,,,,,,,
MSB:Fish:4174,MSB 4174-2,Pimephales promelas,1977,8,4,JAR11765F,BP,08-01-2025,08-04-2025,37,29,419,BP,F,NA,,0,0,0,0,0,0,0,0,1,0,0,0,0,0,0,0,0,0,0,0,2,0,1,1,1,0,0,0,0,0,0,0,0,0,0,57,0,1,0,0,0,0,0,3,0,,MSB 4174-2,Pimephales promelas,JAR11765F,Myxobolus sp.,57,BP,BP,Myxo spore,Gill,70% etoh,P6MDX,11,MSB 4174-2,MYXO.MYXSP.GILL,,Dactylogyrus sp.,1,BP,BP,Adult,Gill,70% etoh,P6MDY,11,MSB 4174-2,MONO.DACSP.GILL,,Gyrodactylus sp.,1,BP,BP,Adult,Pelvic fin,70% etoh,P6MDZ,11,MSB 4174-2,MONO.GYROSP.PELVICFIN,,Diplostomatidae sp.,2,BP,BP,Metacercariae,Connective tissue,70% etoh,P6ME0,11,MSB 4174-2,TREM.DIPHUR.CONNECTIVETISSUE,,Digenea,4,BP,BP,Metacercariae,Connective tissue/flush,70% etoh,P6ME1,11,MSB 4174-2,TREM.P.CONNECTIVETISSUE/FLUSH,,Trematoda,1,BP,BP,Metacercariae,Connective tissue,70% etoh,P6ME3,11,MSB 4174-2,TREM.ACET.CONNECTIVETISSUE,,Trematoda,1,BP,BP,Metacercariae,Connective tissue,70% etoh,P6ME2,11,MSB 4174-2,TREM.WHITE.CONNECTIVETISSUE,
MSB:Fish:5828,MSB 5828-4,Pimephales promelas,1987,9,10,JAR11769F,BP,08-04-2025,08-04-2025,37,30,514,JG,F,NA,,0,0,0,0,0,0,0,0,0,0,0,0,0,0,0,0,0,0,0,0,0,0,0,0,0,0,0,0,2,0,0,0,0,0,0,0,0,0,0,0,0,0,0,0,0,,MSB 5828-4,Pimephales promelas,JAR11769F,Diplostomatidae sp.,2,JG,JG,Metacercariae,Intestine,70% etoh,P6M8B,11,MSB 5828-4,TREM.DIPHUR.CONNECTIVETISSUE,,,,,,,,,,,,,,,,,,,,,,,,,,,,,,,,,,,,,,,,,,,,,,,,,,,,,,,,,,,,,,,,,,,,,,,,,
MSB:Fish:5817,MSB 5817-2,Pimephales promelas,1987,9,10,JAR11779F,BP,08-04-2025,08-04-2025,57,45,1588,CW,NA,NA,,0,0,0,0,0,0,0,0,0,0,0,0,0,0,1,0,0,0,0,0,17,0,0,0,0,0,0,0,0,0,0,0,0,0,0,0,0,0,0,0,0,0,0,0,0,,MSB 5817-2,Pimephales promelas,JAR11779F,Diplostomatidae sp.,1,CW,CW,Metacercariae,Liver,70% etoh,P6M8H,11,MSB 5817-2,TREM.DIPHUR.LIVER,,Diplostomatidae sp.,17,CW,CW,Metacercariae,Connective tissue,70% etoh,P6M8I,11,MSB 5817-2,TREM.DIPHUR.CONNECTIVETISSUE,,,,,,,,,,,,,,,,,,,,,,,,,,,,,,,,,,,,,,,,,,,,,,,,,,,,,,,,,,,,,
MSB:Fish:5817,MSB 5817-5,Pimephales promelas,1987,9,10,JAR11782F,EO,08-04-2025,08-04-2025,40,33,563,CW,NA,NA,Part of caudal fin broken,0,0,0,0,0,0,0,0,0,0,0,0,0,0,0,0,0,0,0,0,2,0,0,0,0,0,0,0,0,0,0,0,0,0,0,0,0,0,0,NA,NA,0,0,0,0,,MSB 5817-5,Pimephales promelas,JAR11782F,Diplostomatidae sp.,2,CW,CW,Metacercariae,Connective tissue,70% etoh,P6M8J,11,MSB 5817-5,TREM.DIPHUR.CONNECTIVETISSUE,,,,,,,,,,,,,,,,,,,,,,,,,,,,,,,,,,,,,,,,,,,,,,,,,,,,,,,,,,,,,,,,,,,,,,,,,
MSB:Fish:18935,MSB 18935-2,Pimephales promelas,1994,5,10,JAR11776F,BP,08-04-2025,08-04-2025,42,33,730,BP,NA,NA,,0,0,0,0,0,0,0,0,0,0,0,0,0,0,0,0,0,0,0,0,0,0,0,0,0,0,0,0,0,0,0,0,0,0,0,0,0,0,0,0,0,0,0,0,0,,,,,,,,,,,,,,,,,,,,,,,,,,,,,,,,,,,,,,,,,,,,,,,,,,,,,,,,,,,,,,,,,,,,,,,,,,,,,,,,,,,,,,,,
MSB:Fish:4114,MSB 4114-4,Pimephales promelas,1977,5,13,JAR11751F,JG,08-01-2025,08-04-2025,47,40,1284,JG,F,NA,,0,0,0,0,0,0,0,0,0,0,0,0,0,0,0,0,0,0,0,0,0,0,0,0,0,0,0,0,0,0,0,0,0,0,0,0,0,0,0,NA,NA,0,0,0,0,,,,,,,,,,,,,,,,,,,,,,,,,,,,,,,,,,,,,,,,,,,,,,,,,,,,,,,,,,,,,,,,,,,,,,,,,,,,,,,,,,,,,,,,
MSB:Fish:4391,MSB 4391-5,Pimephales promelas,1978,8,16,JAR11775F,BP,08-04-2025,08-04-2025,43,34,795,JG,F,NA,,0,0,0,0,0,0,0,0,0,0,0,0,0,0,0,0,0,0,0,0,0,0,0,0,0,0,0,0,0,0,0,0,0,0,0,0,0,0,0,0,0,0,0,0,0,,,,,,,,,,,,,,,,,,,,,,,,,,,,,,,,,,,,,,,,,,,,,,,,,,,,,,,,,,,,,,,,,,,,,,,,,,,,,,,,,,,,,,,,
MSB:Fish:4391,MSB 4391-3,Pimephales promelas,1978,8,16,JAR11784F,BP,08-04-2025,08-04-2025,39,31,520,CW,NA,NA,,0,0,0,0,0,0,0,0,0,0,0,0,0,0,0,0,0,0,0,0,0,0,0,0,0,0,0,0,0,0,0,0,0,0,0,0,0,0,0,0,0,0,0,0,0,,,,,,,,,,,,,,,,,,,,,,,,,,,,,,,,,,,,,,,,,,,,,,,,,,,,,,,,,,,,,,,,,,,,,,,,,,,,,,,,,,,,,,,,
MSB:Fish:5828,MSB 5828-3,Pimephales promelas,1987,9,10,JAR11772F,EO,08-04-2025,08-04-2025,39,31,514,MV,NA,Vegetation,,0,0,0,0,0,0,0,0,0,0,0,0,0,0,0,0,0,0,NA,0,0,0,0,0,0,0,1,0,0,0,0,0,0,0,0,0,0,0,0,0,0,0,0,0,0,,MSB 5828-3,Pimephales promelas,JAR11772F,Trematoda,1,MV,MV,Metacercariae,Connective tissue,70% etoh,P6MBQ,11,MSB 5828-3,TREM.UNCLEAR,,,,,,,,,,,,,,,,,,,,,,,,,,,,,,,,,,,,,,,,,,,,,,,,,,,,,,,,,,,,,,,,,,,,,,,,,
MSB:Fish:18935,MSB 18935-4,Pimephales promelas,1994,5,10,JAR11785F,EO,08-04-2025,08-04-2025,44,37,855,EO,F,NA,,0,0,0,0,0,0,0,0,0,0,0,0,0,0,0,0,0,0,0,0,5,0,0,0,0,0,0,0,0,0,0,0,0,0,0,0,0,1,0,0,0,0,0,0,0,,MSB 18935-4,Pimephales promelas,JAR11785F,Dactylogyrus sp.,1,EO,EO,Adult,Gill,70% etoh,P6M8A,11,MSB 18935-4,MONO.DACSP,,Diplostomatidae sp.,5,EO,EO,Metacercariae,Connective tissue,70% etoh,P6M89,11,MSB 18935-4,TREM.DIPHUR,,,,,,,,,,,,,,,,,,,,,,,,,,,,,,,,,,,,,,,,,,,,,,,,,,,,,,,,,,,,,
MSB:Fish:5817,MSB 5817-1,Pimephales promelas,1987,9,10,JAR11774F,EO,08-04-2025,08-04-2025,56,45,1611,CW,NA,NA,,0,0,0,0,1,0,0,0,0,0,0,0,0,0,0,0,0,0,0,0,24,0,0,0,0,0,0,0,0,0,0,0,0,0,0,0,0,0,0,0,0,0,0,0,0,,MSB 5817-1,Pimephales promelas,JAR11774F,Diplostomatidae sp.,1,CW,CW,Metacercariae,Muscle,70% etoh,P6M8K,11,MSB 5817-1,TREM.DIPHUR.MUSCLE,,Diplostomatidae sp.,24,CW,XW,Metacercariae,Connective tissue,70% etoh,P6M8L,11,MSB 5817-1,TREM.DIPHUR.CONNECTIVETISSUE,,,,,,,,,,,,,,,,,,,,,,,,,,,,,,,,,,,,,,,,,,,,,,,,,,,,,,,,,,,,,
MSB:Fish:18935,MSB 18935-1,Pimephales promelas,1994,5,10,JAR11773F,EO,08-04-2025,08-04-2025,47,38,1220,BP EO ,NA,Arthropod,,0,0,0,0,0,0,0,0,0,0,0,0,0,0,0,0,0,0,0,0,8,0,0,0,0,0,0,0,0,0,0,0,0,0,0,6,0,0,0,0,0,0,0,0,0,,MSB 18935-1,Pimephales promelas,JAR11773F,Myxobolus sp.,6,BP EO,BP EO,Myxospore,Gill,70% etoh,P6ME4,11,MSB 18935-1,MYXO.MYXSP.GILL,Six clusters,Diplostomatidae sp.,8,BP EO,BP EO,Metacercariae,Connective tissue,70% etoh,P6ME5,11,MSB 18935-1,TREM.DIPHUR.CONNECTIVETISSUE,,,,,,,,,,,,,,,,,,,,,,,,,,,,,,,,,,,,,,,,,,,,,,,,,,,,,,,,,,,,,
MSB:Fish:632,MSB 632-3,Pimephales promelas,1959,2,5,JAR11796F,JG,08-04-2025,08-05-2025,51,40,1082,CW,F,NA,Weight taken after fish was dissected,0,0,0,0,0,0,0,0,0,0,0,0,0,0,0,0,0,0,0,0,0,0,0,0,0,0,0,0,0,0,0,0,0,0,0,0,0,0,0,NA,NA,0,0,0,0,,,,,,,,,,,,,,,,,,,,,,,,,,,,,,,,,,,,,,,,,,,,,,,,,,,,,,,,,,,,,,,,,,,,,,,,,,,,,,,,,,,,,,,,
MSB:Fish:18935,MSB 18935,Pimephales promelas,1994,5,10,JAR11787F,BP,08-04-2025,08-05-2025,46,37,1163,CW,F,Vegetation,,0,0,0,0,0,0,0,0,0,0,0,0,0,0,0,0,0,0,0,0,0,0,0,0,0,0,0,0,0,0,0,0,0,0,0,0,0,0,0,0,0,0,0,0,0,,,,,,,,,,,,,,,,,,,,,,,,,,,,,,,,,,,,,,,,,,,,,,,,,,,,,,,,,,,,,,,,,,,,,,,,,,,,,,,,,,,,,,,,
MSB:Fish:632,MSB 632-1,Pimephales promelas,1939,2,5,JAR11793F,JG,08-04-2025,08-05-2025,56,48,2023,CLW,F,Vegetation,many eggs-gravid female,0,0,0,0,0,0,0,0,0,0,0,0,0,0,0,0,0,0,0,0,0,0,0,0,0,0,0,0,0,0,0,0,0,0,0,0,0,0,0,0,0,3,0,0,0,,MSB 632-1,Pimephales promelas,JAR11793F,Centrovarium sp.,3,CLW,CLW,Metacercariae,Flush,70% etoh,P6M88,11,MSB 632-1,TREM.CENT.FLUSH,,,,,,,,,,,,,,,,,,,,,,,,,,,,,,,,,,,,,,,,,,,,,,,,,,,,,,,,,,,,,,,,,,,,,,,,,
MSB:Fish:5828,MSB 5828-2,Pimephales promelas,1987,9,10,JAR11766F,EO,08-04-2025,08-05-2025,43,35,813,CW,NA,NA,,0,0,0,0,0,0,0,0,0,0,0,0,0,0,0,0,0,0,0,0,3,0,0,0,0,0,0,0,0,0,0,0,0,0,0,0,0,0,0,0,0,0,1,0,0,,MSB 5828-2,Pimephales promelas,JAR11766F,Diplostomatidae sp.,1,CW,CW,Metacercariae,Flush,70% etoh,P6M8O,11,MSB 5828-2,TREM.DIPHUR.FLUSH,,Diplostomatidae,3,CW,CW,Metacercariae,Connective tissue,70% etoh,P6M8P,11,MSB 5828-2,TREM.DIPHUR.CONNECTIVETISSUE,,,,,,,,,,,,,,,,,,,,,,,,,,,,,,,,,,,,,,,,,,,,,,,,,,,,,,,,,,,,,
MSB:Fish:637,MSB 637-2,Pimephales promelas,1941,9,14,JAR11803F,EO,08-05-2025,08-05-2025,41,33,462,EO,F,NA,,0,0,0,0,0,0,0,0,0,0,0,0,0,0,0,0,0,0,0,0,0,0,0,0,0,0,0,0,0,1,0,0,0,0,0,0,0,0,0,0,0,0,0,0,0,,MSB 637-2,Pimephales promelas,JAR11803F,Capillaria sp.,1,EO,EO,Adult,Intestine,70% etoh,P6ME6,11,MSB 637-2,NEM.CAP.INTESTINE,,,,,,,,,,,,,,,,,,,,,,,,,,,,,,,,,,,,,,,,,,,,,,,,,,,,,,,,,,,,,,,,,,,,,,,,,
MSB:Fish:637,MSB 637-4,Pimephales promelas,1941,9,14,JAR11801F,EO,08-05-2025,08-05-2025,37,29,335,JG,NA,Arthropod,,0,0,0,0,0,0,0,0,0,0,0,0,0,0,0,0,0,0,0,0,0,0,0,0,0,0,0,0,0,0,0,0,0,0,0,0,0,0,0,0,0,0,0,0,0,,,,,,,,,,,,,,,,,,,,,,,,,,,,,,,,,,,,,,,,,,,,,,,,,,,,,,,,,,,,,,,,,,,,,,,,,,,,,,,,,,,,,,,,
MSB:Fish:612,MSB 612-3,Pimephales promelas,1939,1,28,JAR11791F,EO,08-05-2025,08-05-2025,49,40,1047,CW,NA,Vegetation,,0,0,0,0,0,0,0,0,0,0,0,0,0,0,0,0,1,0,0,0,0,0,1,0,0,0,0,0,0,0,0,0,0,0,0,0,0,0,0,0,0,0,0,0,0,,MSB 612-3,Pimephales promelas,JAR11791F,Digenea,1,CW,CW,Metacercaria,Kidney,70% etoh,P6M8M,11,MSB 612-3,TREM.P.KIDNEY,,Digenea,1,CW,CW,Metacercariae,Connective tissue,70% etoh,P6M8N,11,MSB 612-3,TREM.DIPHUR.CONNECTIVETISSUE,,,,,,,,,,,,,,,,,,,,,,,,,,,,,,,,,,,,,,,,,,,,,,,,,,,,,,,,,,,,,
MSB:Fish:5828,MSB 5282-1,Pimephales promelas,1987,9,10,JAR11763F,EO,08-04-2025,08-05-2025,49,40,1320,CW,NA,NA,,0,0,0,0,0,0,0,0,0,0,0,0,0,0,0,0,0,0,0,0,1,0,0,0,0,0,0,0,0,0,0,0,0,0,0,0,0,0,0,0,0,0,0,0,0,,MSB 5282-1,Pimephales promelas,JAR11763F,Diplostomatidae,1,CW,CW,Metacercaria,Connective tissue,70% etoh,P6M8Q,11,MSB 5282-1,TREM.DIPHUR.CONNECTIVETISSUE,,,,,,,,,,,,,,,,,,,,,,,,,,,,,,,,,,,,,,,,,,,,,,,,,,,,,,,,,,,,,,,,,,,,,,,,,
MSB:Fish:612,MSB 612-3,Pimephales promelas,1939,1,28,JAR11788F,EO,08-05-2025,08-05-2025,45,37,858,EO,F,NA,,0,0,0,0,0,0,0,0,0,0,0,0,0,0,0,0,0,0,0,0,0,0,0,0,0,0,0,0,0,0,0,0,0,0,0,0,0,0,0,0,0,0,0,0,0,,,,,,,,,,,,,,,,,,,,,,,,,,,,,,,,,,,,,,,,,,,,,,,,,,,,,,,,,,,,,,,,,,,,,,,,,,,,,,,,,,,,,,,,
MSB:Fish:637,MSB 637-5,Pimephales promelas,1941,9,14,JAR11800F,JG,08-05-2025,08-05-2025,36,30,346,CW,NA,Arthropod,,0,0,0,0,0,0,0,0,0,0,0,0,0,0,0,0,0,0,0,0,0,0,0,0,0,0,0,0,0,0,0,0,0,0,0,0,0,0,0,0,0,0,1,0,0,,MSB 637-5,Pimephales promelas,JAR11800F,Diplostomatidae sp.,1,CW,CW,Metacercariae,Flush,70% etoh,P6M8R,11,MSB 637-5,TREM.DIPHUR.FLUSH,,,,,,,,,,,,,,,,,,,,,,,,,,,,,,,,,,,,,,,,,,,,,,,,,,,,,,,,,,,,,,,,,,,,,,,,,
MSB:Fish:,MSB ,Pimephales promelas,,,,JAR,,,08-05-2025,,,,,,,,,,,,,,,,,,,,,,,,,,,,,,,,,,,,,,,,,,,,,,,,,,,,,,,,,,,,,,,,,,,,,,,,,,,,,,,,,,,,,,,,,,,,,,,,,,,,,,,,,,,,,,,,,,,,,,,,,,,,,,,,,,,,,,,,,,,,
MSB:Fish:,MSB ,Pimephales promelas,,,,JAR,,,08-05-2025,,,,,,,,,,,,,,,,,,,,,,,,,,,,,,,,,,,,,,,,,,,,,,,,,,,,,,,,,,,,,,,,,,,,,,,,,,,,,,,,,,,,,,,,,,,,,,,,,,,,,,,,,,,,,,,,,,,,,,,,,,,,,,,,,,,,,,,,,,,,
MSB:Fish:,MSB ,Pimephales promelas,,,,JAR,,,08-05-2025,,,,,,,,,,,,,,,,,,,,,,,,,,,,,,,,,,,,,,,,,,,,,,,,,,,,,,,,,,,,,,,,,,,,,,,,,,,,,,,,,,,,,,,,,,,,,,,,,,,,,,,,,,,,,,,,,,,,,,,,,,,,,,,,,,,,,,,,,,,,
MSB:Fish:,MSB ,Pimephales promelas,,,,JAR,,,08-05-2025,,,,,,,,,,,,,,,,,,,,,,,,,,,,,,,,,,,,,,,,,,,,,,,,,,,,,,,,,,,,,,,,,,,,,,,,,,,,,,,,,,,,,,,,,,,,,,,,,,,,,,,,,,,,,,,,,,,,,,,,,,,,,,,,,,,,,,,,,,,,
MSB:Fish:,MSB ,Pimephales promelas,,,,JAR,,,08-05-2025,,,,,,,,,,,,,,,,,,,,,,,,,,,,,,,,,,,,,,,,,,,,,,,,,,,,,,,,,,,,,,,,,,,,,,,,,,,,,,,,,,,,,,,,,,,,,,,,,,,,,,,,,,,,,,,,,,,,,,,,,,,,,,,,,,,,,,,,,,,,
MSB:Fish:,MSB ,Pimephales promelas,,,,JAR,,,,,,,,,,,,,,,,,,,,,,,,,,,,,,,,,,,,,,,,,,,,,,,,,,,,,,,,,,,,,,,,,,,,,,,,,,,,,,,,,,,,,,,,,,,,,,,,,,,,,,,,,,,,,,,,,,,,,,,,,,,,,,,,,,,,,,,,,,,,,,,
MSB:Fish:,MSB ,Pimephales promelas,,,,JAR,,,,,,,,,,,,,,,,,,,,,,,,,,,,,,,,,,,,,,,,,,,,,,,,,,,,,,,,,,,,,,,,,,,,,,,,,,,,,,,,,,,,,,,,,,,,,,,,,,,,,,,,,,,,,,,,,,,,,,,,,,,,,,,,,,,,,,,,,,,,,,,
MSB:Fish:,MSB ,Pimephales promelas,,,,JAR,,,,,,,,,,,,,,,,,,,,,,,,,,,,,,,,,,,,,,,,,,,,,,,,,,,,,,,,,,,,,,,,,,,,,,,,,,,,,,,,,,,,,,,,,,,,,,,,,,,,,,,,,,,,,,,,,,,,,,,,,,,,,,,,,,,,,,,,,,,,,,,