"","CatalogNumber","YearCollected","MonthCollected","DayCollected","IndividualFishID","FishBarcode","Dissector","Examiner","DissectionDate","Sex","TotalLength_mm","StandardLength_mm","Weight_mg","CI","combo","Latitude","Longitude","trem.meta","crus.lercyp","trem.diphur","trem.n","mono.gyrsp","mono.unk","trem.white","trem.p","trem.neasp","trem.unk","trem.acet","trem.unclear","cest.larv","nem.cont","trem.cent","nem.cap","cest.b","trem.buc","nem.unk","nem.larv","myxo.myxsp","myxo.m","mono.dacsp"
"1","MSB:Fish:1069",1963,2,22,"MSB 1069-1","JAR11714F","JG","GC","07-29-2025",NA,48,38,1020,"impact","impact_1961-1970",35.051774,-106.671997,0,0,1,0,0,0,0,NA,0,0,0,0,0,NA,0,0,0,0,0,0,0,0,0
"2","MSB:Fish:1069",1963,2,22,"MSB 1069-5","JAR11716F","EO","JG","07-29-2025",NA,39,31,448,"impact","impact_1961-1970",35.051774,-106.671997,0,0,0,0,0,0,0,NA,0,0,0,0,0,NA,0,0,0,0,0,NA,0,0,0
"3","MSB:Fish:1069",1963,2,22,"MSB 1069-4","JAR11717F","EO","BP","07-29-2025",NA,37,29,428,"impact","impact_1961-1970",35.051774,-106.671997,0,0,0,0,0,0,0,NA,0,0,0,0,0,NA,0,0,0,0,0,0,0,2,0
"4","MSB:Fish:1069",1963,2,22,"MSB 1069-2","JAR11713F","EO","GC","07-29-2025",NA,42,34,611,"impact","impact_1961-1970",35.051774,-106.671997,0,0,0,0,0,0,0,NA,0,0,0,0,0,NA,0,0,0,0,0,0,0,0,0
"5","MSB:Fish:1069",1963,2,22,"MSB 1069-3","JAR11715F","JG","JG","07-29-2025",NA,37,30,456,"impact","impact_1961-1970",35.051774,-106.671997,0,0,2,0,0,0,0,NA,0,0,0,0,0,NA,0,0,0,0,0,NA,0,0,0
"6","MSB:Fish:11909",1992,9,16,"MSB 11909-3","JAR10974F","KL","KL","08-11-2025",NA,35,29,380,"impact","impact_1991-2000",35.074,-106.6697778,0,0,0,0,0,0,0,0,0,0,0,0,0,0,0,0,0,0,0,NA,0,0,0
"7","MSB:Fish:11909",1992,9,16,"MSB 11909-2","JAR10963F","KL","KL","08-11-2025",NA,34,27,317,"impact","impact_1991-2000",35.074,-106.6697778,0,0,0,0,0,0,0,0,0,0,0,0,0,0,0,0,0,0,0,NA,0,0,0
"8","MSB:Fish:11909",1992,9,16,"MSB 11909-1","JAR10971F","KL","KL","08-11-2025",NA,45,37,806,"impact","impact_1991-2000",35.074,-106.6697778,0,0,0,0,0,0,0,0,0,0,0,0,0,0,0,0,0,0,0,NA,0,0,0
"9","MSB:Fish:11909",1992,9,16,"MSB 11909-5","JAR10968F","KL","KL","08-11-2025",NA,35,30,392,"impact","impact_1991-2000",35.074,-106.6697778,0,0,0,0,0,0,0,0,0,0,0,0,0,0,0,0,0,0,0,NA,0,0,0
"10","MSB:Fish:11909",1992,9,16,"MSB 11909-4","JAR10989F","KL","KL","08-11-2025","F",36,29,420,"impact","impact_1991-2000",35.074,-106.6697778,0,0,0,0,0,0,0,0,0,0,0,0,0,0,0,0,0,0,0,0,0,0,0
"11","MSB:Fish:11954",1992,9,24,"MSB 11954-4","JAR11664F","EO","EO","07-28-2025",NA,40,31,625,"control","control_1991-2000",35.28086111,-106.5988056,0,0,0,0,0,0,0,NA,0,0,0,0,0,NA,0,0,0,0,0,0,0,0,2
"12","MSB:Fish:11954",1992,9,24,"MSB 11954-2","JAR11663F","BP","CLW","07-28-2025","F",36,29,445,"control","control_1991-2000",35.28086111,-106.5988056,0,0,0,0,0,0,0,NA,0,0,0,0,0,NA,0,0,0,0,0,NA,0,0,0
"13","MSB:Fish:11954",1992,9,24,"MSB 11954-3","JAR11661F","EO","JG","07-28-2025",NA,42,33,642,"control","control_1991-2000",35.28086111,-106.5988056,0,0,0,0,0,0,0,NA,0,0,0,0,0,NA,1,0,0,0,0,0,0,0,0
"14","MSB:Fish:11954",1992,9,24,"MSB 11954-1","JAR11665F","BP","GC","07-28-2025",NA,42,33,783,"control","control_1991-2000",35.28086111,-106.5988056,0,0,0,0,0,0,0,NA,0,0,0,0,0,NA,0,0,0,0,0,0,0,0,0
"15","MSB:Fish:11954",1992,9,24,"MSB 11954-5","JAR11662F","BP","BP","07-28-2025",NA,43,33,735,"control","control_1991-2000",35.28086111,-106.5988056,0,0,0,0,0,0,0,NA,0,0,0,0,0,NA,0,0,0,0,0,0,1,0,0
"16","MSB:Fish:18625",1994,7,21,"MSB 18625-1","JAR10972F","KL","KL","08-06-2025","F",58,47,1820,"control","control_1991-2000",35.39216667,-106.4783611,0,0,0,0,0,0,0,0,0,0,0,0,0,0,0,0,0,0,0,NA,0,0,22
"17","MSB:Fish:18625",1994,7,21,"MSB 18625-2","JAR10996F","KL","KL","08-06-2025",NA,35,28,375,"control","control_1991-2000",35.39216667,-106.4783611,0,0,0,0,0,0,0,0,0,0,0,0,0,0,0,0,0,0,0,NA,0,0,6
"18","MSB:Fish:18625",1994,7,21,"MSB 18625-3","JAR10997F","KL","KL","08-06-2025",NA,35,29,NA,"control","control_1991-2000",35.39216667,-106.4783611,0,0,0,0,0,0,0,0,0,0,0,0,0,0,0,0,0,0,0,NA,0,0,2
"19","MSB:Fish:18625",1994,7,21,"MSB 18625-4","JAR10998F","KL","KL","08-06-2025",NA,39,31,418,"control","control_1991-2000",35.39216667,-106.4783611,0,0,0,0,0,0,0,0,0,0,0,0,0,0,0,0,0,0,0,NA,0,0,0
"20","MSB:Fish:18625",1994,7,21,"MSB 18625-5","JAR10973F","KL","KL","08-06-2025",NA,35,28,383,"control","control_1991-2000",35.39216667,-106.4783611,0,0,0,0,0,0,0,0,0,0,0,0,0,0,0,0,0,0,0,NA,0,0,6
"21","MSB:Fish:18879",1994,1,25,"MSB 18879-4","JAR10987F","KL","KL","08-06-2025",NA,48,39,948,"control","control_1991-2000",35.28302778,-106.5981389,0,0,1,0,0,0,0,NA,0,0,0,0,0,NA,0,0,0,0,0,NA,0,0,0
"22","MSB:Fish:18879",1994,1,25,"MSB 18879-5","JAR10988F","KL","KL","08-06-2025",NA,59,47,1570,"control","control_1991-2000",35.28302778,-106.5981389,0,0,2,0,4,0,0,NA,0,2,0,0,0,NA,0,0,0,0,0,NA,0,0,2
"23","MSB:Fish:18879",1994,1,25,"MSB 18879-3","JAR10992F","KL","KL","08-06-2025","F",54,45,1486,"control","control_1991-2000",35.28302778,-106.5981389,0,0,0,0,4,0,0,NA,0,0,0,0,0,NA,0,0,0,0,0,NA,0,0,0
"24","MSB:Fish:18879",1994,1,25,"MSB 18879-1","JAR10990F","KL","KL","08-06-2025",NA,42,33,499,"control","control_1991-2000",35.28302778,-106.5981389,0,0,0,0,0,0,0,NA,0,0,0,0,0,NA,0,0,0,0,0,0,0,0,0
"25","MSB:Fish:18879",1994,1,25,"MSB 18879-2","JAR10991F","KL","KL","08-06-2025",NA,41,33,511,"control","control_1991-2000",35.28302778,-106.5981389,0,0,1,0,0,0,0,NA,0,0,0,0,0,NA,0,0,0,0,0,0,0,0,0
"26","MSB:Fish:18935",1994,5,10,"MSB 18935-5","JAR11786F","EO","CW","08-04-2025",NA,31,26,296,"control","control_1991-2000",35.28302778,-106.5981389,0,0,1,0,0,0,0,NA,0,1,0,0,0,NA,0,0,0,0,0,NA,0,0,0
"27","MSB:Fish:18935",1994,5,10,"MSB 18935-1","JAR11773F","EO","BP EO ","08-04-2025",NA,47,38,1220,"control","control_1991-2000",35.28302778,-106.5981389,0,0,8,0,0,0,0,NA,0,0,0,0,0,NA,0,0,0,0,0,0,6,0,0
"28","MSB:Fish:18935",1994,5,10,"MSB 18935-4","JAR11785F","EO","EO","08-04-2025","F",44,37,855,"control","control_1991-2000",35.28302778,-106.5981389,0,0,5,0,0,0,0,NA,0,0,0,0,0,NA,0,0,0,0,0,0,0,0,2
"29","MSB:Fish:18935",1994,5,10,"MSB 18935","JAR11787F","BP","CW","08-04-2025","F",46,37,1163,"control","control_1991-2000",35.28302778,-106.5981389,0,0,0,0,0,0,0,NA,0,0,0,0,0,NA,0,0,0,0,0,0,0,0,0
"30","MSB:Fish:18935",1994,5,10,"MSB 18935-2","JAR11776F","BP","BP","08-04-2025",NA,42,33,730,"control","control_1991-2000",35.28302778,-106.5981389,0,0,0,0,0,0,0,NA,0,0,0,0,0,NA,0,0,0,0,0,0,0,0,0
"31","MSB:Fish:19164",1993,8,4,"MSB 19164-4","JAR11009F","KL","KL","08-04-2025",NA,43,35,654,"impact","impact_1991-2000",35.008358,-106.678909,0,0,0,0,0,0,0,NA,0,0,0,0,0,NA,0,0,0,0,0,0,0,0,0
"32","MSB:Fish:19164",1993,8,4,"MSB 19164-1","JAR11010F","KL","KL","08-04-2025",NA,44,37,772,"impact","impact_1991-2000",35.008358,-106.678909,0,0,0,0,0,0,0,NA,0,0,0,0,0,NA,0,0,0,0,0,NA,0,0,0
"33","MSB:Fish:19164",1993,8,4,"MSB 19164-5","JAR11002F","KL","KL","08-04-2025",NA,48,38,964,"impact","impact_1991-2000",35.008358,-106.678909,0,0,4,0,0,0,0,NA,0,0,0,0,0,NA,0,0,0,0,0,0,0,0,0
"34","MSB:Fish:19164",1993,8,4,"MSB 19164-3","JAR11006F","KL","KL","08-04-2025",NA,43,35,698,"impact","impact_1991-2000",35.008358,-106.678909,0,0,0,0,0,0,0,NA,0,0,0,0,0,NA,0,0,0,0,0,NA,0,0,0
"35","MSB:Fish:19164",1993,8,4,"MSB 19164-2","JAR11005F","KL","KL","08-04-2025",NA,47,38,870,"impact","impact_1991-2000",35.008358,-106.678909,0,0,0,0,0,0,0,NA,0,0,0,0,0,NA,0,0,0,0,0,NA,0,0,0
"36","MSB:Fish:19538",1994,9,16,"MSB 19538-1","JAR10976F","KL","KL","08-06-2025",NA,34,27,301,"impact","impact_1991-2000",34.85683333,-106.7208056,0,0,0,0,2,0,0,NA,0,0,0,0,0,NA,0,0,0,0,0,NA,0,0,2
"37","MSB:Fish:19538",1994,9,16,"MSB 19538-5","JAR10975F","KL","KL","08-06-2025","F",42,34,594,"impact","impact_1991-2000",34.85683333,-106.7208056,0,1,0,0,0,0,0,NA,0,0,0,0,0,NA,0,0,0,0,0,0,0,0,0
"38","MSB:Fish:19538",1994,9,16,"MSB 19538-3","JAR10982F","KL","KL","08-06-2025",NA,47,37,765,"impact","impact_1991-2000",34.85683333,-106.7208056,0,0,0,0,0,0,0,NA,0,0,0,0,0,NA,0,0,0,0,0,0,0,0,2
"39","MSB:Fish:19538",1994,9,16,"MSB 19538-4","JAR10985F","KL","KL","08-06-2025",NA,40,32,544,"impact","impact_1991-2000",34.85683333,-106.7208056,0,0,1,0,0,0,0,NA,0,0,0,0,0,NA,0,0,0,0,0,0,0,0,0
"40","MSB:Fish:19538",1994,9,16,"MSB 19538-2","JAR10979F","KL","KL","08-06-2025",NA,39,32,448,"impact","impact_1991-2000",34.85683333,-106.7208056,0,0,1,0,0,0,0,NA,0,0,0,0,0,NA,0,0,0,0,0,NA,0,0,2
"41","MSB:Fish:19595",1994,10,10,"MSB 19595-5","JAR11077F","KL","KL","08-11-2025",NA,62,51,2003,"impact","impact_1991-2000",34.85683333,-106.7208056,0,0,0,0,0,0,0,0,0,0,0,0,0,0,0,0,0,0,0,NA,0,0,0
"42","MSB:Fish:19661",1994,10,10,"MSB 19661-3","JAR11004F","KL","KL","08-05-2025",NA,50,40,1112,"impact","impact_1991-2000",34.905272,-106.685564,0,0,0,0,0,0,0,NA,0,0,0,0,0,NA,0,0,0,0,0,NA,0,0,4
"43","MSB:Fish:19661",1994,10,10,"MSB 19661-1","JAR10999F","KL","KL","08-05-2025","F",47,38,882,"impact","impact_1991-2000",34.905272,-106.685564,0,0,0,0,0,0,0,NA,0,0,0,0,0,NA,0,0,0,0,0,NA,0,0,0
"44","MSB:Fish:19661",1994,10,10,"MSB 19661-4","JAR11001F","KL","KL","08-05-2025",NA,53,43,1364,"impact","impact_1991-2000",34.905272,-106.685564,0,0,0,0,0,0,0,NA,0,0,0,0,0,NA,0,0,0,0,0,NA,0,0,0
"45","MSB:Fish:19661",1994,10,10,"MSB 19661-2","JAR11008F","KL","KL","08-05-2025",NA,48,39,NA,"impact","impact_1991-2000",34.905272,-106.685564,0,0,0,0,0,0,0,NA,0,0,0,0,0,NA,0,0,0,0,0,NA,0,0,0
"46","MSB:Fish:19661",1994,10,10,"MSB 19661-5","JAR11007F","KL","KL","08-05-2025",NA,46,37,756,"impact","impact_1991-2000",34.905272,-106.685564,0,0,0,0,0,0,0,NA,0,0,0,0,0,NA,0,0,0,0,0,0,0,0,6
"47","MSB:Fish:20397",1994,8,11,"MSB 20397-1","JAR10961F","KL","KL","08-11-2025",NA,40,33,604,"control","control_1991-2000",35.28302778,-106.5981389,0,0,0,0,0,0,0,0,0,0,0,0,0,0,0,0,0,0,0,0,0,0,0
"48","MSB:Fish:20397",1994,8,11,"MSB 20397-2","JAR11081F","KL","KL","08-11-2025",NA,42,34,686,"control","control_1991-2000",35.28302778,-106.5981389,0,0,0,0,2,0,0,0,0,0,0,0,0,0,0,0,0,0,0,0,0,0,0
"49","MSB:Fish:20397",1994,8,11,"MSB 20397-5","JAR11072F","KL","KL","08-11-2025",NA,49,41,1179,"control","control_1991-2000",35.28302778,-106.5981389,0,0,0,0,0,0,0,0,0,0,0,0,0,0,0,0,0,0,0,0,0,0,0
"50","MSB:Fish:20397",1994,8,11,"MSB 20397-4","JAR11075F","KL","KL","08-11-2025",NA,37,31,441,"control","control_1991-2000",35.28302778,-106.5981389,0,0,0,0,0,0,0,0,0,0,0,0,0,0,0,0,0,0,0,NA,0,0,0
"51","MSB:Fish:20397",1994,8,11,"MSB 20397-3","JAR11078F","KL","KL","08-11-2025",NA,51,42,1333,"control","control_1991-2000",35.28302778,-106.5981389,0,0,0,0,0,0,0,0,0,0,0,0,0,0,0,0,0,0,0,0,1,0,0
"52","MSB:Fish:3996",1977,9,28,"MSB 3996-5","JAR11846F","EO","BP","08-12-2025",NA,40,33,498,"impact","impact_1971-1980",35.136341,-106.685742,0,0,0,0,0,0,0,0,0,0,0,0,0,0,0,0,0,0,0,0,3,0,2
"53","MSB:Fish:3996",1977,9,28,"MSB 3996-4","JAR11847F","BP","CW","08-12-2025",NA,38,31,519,"impact","impact_1971-1980",35.136341,-106.685742,0,0,0,0,0,0,0,0,0,0,0,0,0,0,0,0,0,0,0,NA,0,0,2
"54","MSB:Fish:3996",1977,9,28,"MSB 3996-3","JAR11855F","EO","CW","08-12-2025",NA,39,32,538,"impact","impact_1971-1980",35.136341,-106.685742,0,0,0,0,0,0,0,0,0,0,0,0,0,0,0,0,0,0,0,0,0,0,0
"55","MSB:Fish:3996",1977,9,28,"MSB 3996-2","JAR11849F","BP","CW","08-12-2025",NA,37,31,524,"impact","impact_1971-1980",35.136341,-106.685742,0,0,3,0,0,0,0,0,0,0,0,0,0,0,0,0,0,0,0,0,0,0,0
"56","MSB:Fish:3996",1977,9,28,"MSB 3996-1","JAR11852F","EO","JG","08-12-2025",NA,44,35,765,"impact","impact_1971-1980",35.136341,-106.685742,0,0,0,0,0,0,0,0,0,0,0,0,0,0,0,0,0,0,0,NA,0,0,0
"57","MSB:Fish:4031",1977,9,30,"MSB 4031-4","JAR11703F","EO","GC","07-29-2025",NA,40,32,550,"impact","impact_1971-1980",34.859396,-106.720148,0,0,6,0,0,0,0,NA,0,0,0,0,0,NA,0,0,0,0,0,NA,0,0,0
"58","MSB:Fish:4031",1977,9,30,"MSB 4031-5","JAR11707F","BP","JG","07-29-2025",NA,40,31,494,"impact","impact_1971-1980",34.859396,-106.720148,0,0,3,0,0,0,0,NA,0,0,0,0,0,NA,0,0,0,0,0,0,0,0,0
"59","MSB:Fish:4031",1977,9,30,"MSB 4031-1","JAR11705F","EO","GC","07-29-2025",NA,39,31,531,"impact","impact_1971-1980",34.859396,-106.720148,0,0,22,0,0,0,0,NA,0,0,0,0,0,NA,0,0,0,0,0,NA,0,0,0
"60","MSB:Fish:4031",1977,9,30,"MSB 4031-2","JAR11706F","EO","GC","07-29-2025",NA,42,34,617,"impact","impact_1971-1980",34.859396,-106.720148,0,0,7,0,0,0,0,NA,0,0,0,0,0,NA,0,0,0,0,0,0,1,0,0
"61","MSB:Fish:4031",1977,9,30,"MSB 4031-3","JAR11704F","BP","BP","07-29-2025",NA,46,37,987,"impact","impact_1971-1980",34.859396,-106.720148,0,0,12,0,0,0,0,NA,0,0,0,0,0,NA,0,0,0,0,0,0,0,0,2
"62","MSB:Fish:4045",1977,5,12,"MSB 4045-4","JAR11639F","BP","GC","07-21-2025","F",49,39,1916,"impact","impact_1971-1980",34.864295,-106.72527,0,0,0,0,0,0,0,NA,0,0,0,0,0,NA,0,0,0,0,0,0,0,0,0
"63","MSB:Fish:4045",1977,5,12,"MSB 4045-5","JAR11630F","EO","JG","07-21-2025","F",49,41,1667,"impact","impact_1971-1980",34.864295,-106.72527,0,0,0,0,0,0,0,NA,0,0,0,0,0,NA,0,0,0,0,0,0,0,0,0
"64","MSB:Fish:4045",1977,5,12,"MSB 4045-3","JAR11636F","EO","BP","07-21-2025",NA,46,36,1210,"impact","impact_1971-1980",34.864295,-106.72527,0,0,0,0,0,0,0,NA,0,0,0,0,0,NA,2,0,0,0,0,0,0,0,0
"65","MSB:Fish:4045",1977,5,12,"MSB 4045-2","JAR11633F","BP","JG","07-21-2025",NA,49,39,1415,"impact","impact_1971-1980",34.864295,-106.72527,0,0,0,0,0,0,0,NA,0,0,0,0,0,NA,0,0,0,0,0,0,7,0,2
"66","MSB:Fish:4045",1977,5,12,"MSB 4045-1","JAR11631F","EO","GC","07-21-2025","F",53,44,2208,"impact","impact_1971-1980",34.864295,-106.72527,0,0,0,0,0,0,0,NA,0,0,0,0,0,NA,0,0,0,0,0,0,2,0,2
"67","MSB:Fish:4075",1977,6,9,"MSB 4075-5","JAR11748F","EO","JG","07-31-2025","F",47,39,1239,"impact","impact_1971-1980",34.848054,-106.716649,0,0,0,0,0,0,0,NA,0,0,0,0,0,NA,1,0,0,0,0,NA,0,0,6
"68","MSB:Fish:4075",1977,6,9,"MSB 4075-4","JAR11723F","JG","JG","07-31-2025","F",46,38,1077,"impact","impact_1971-1980",34.848054,-106.716649,0,0,0,0,0,0,0,NA,0,0,0,0,0,NA,0,0,0,0,0,NA,0,0,2
"69","MSB:Fish:4075",1977,6,9,"MSB 4075-1","JAR11721F","EO","GC","07-31-2025",NA,50,41,1450,"impact","impact_1971-1980",34.848054,-106.716649,0,0,0,0,0,0,0,NA,0,0,0,0,0,NA,0,0,0,0,0,0,0,0,0
"70","MSB:Fish:4075",1977,6,9,"MSB 4075-3","JAR11724F","EO","JG","07-31-2025","F",45,36,978,"impact","impact_1971-1980",34.848054,-106.716649,0,0,0,0,0,0,0,NA,0,0,0,0,0,NA,0,0,0,0,0,0,2,0,2
"71","MSB:Fish:4075",1977,6,9,"MSB 4075-2","JAR11720F","JG","GC","07-31-2025",NA,52,43,1701,"impact","impact_1971-1980",34.848054,-106.716649,0,0,0,0,0,0,0,NA,0,0,0,0,0,NA,0,0,0,0,0,0,0,0,0
"72","MSB:Fish:4101",1977,5,12,"MSB 4101-1","JAR11747F","EO","EO","07-31-2025",NA,51,43,1591,"impact","impact_1971-1980",34.857048,-106.719821,0,0,0,0,0,0,0,NA,0,0,0,0,0,NA,0,0,0,0,0,0,0,0,0
"73","MSB:Fish:4101",1977,5,12,"MSB 4101-5","JAR11739F","EO","GC","07-31-2025",NA,42,43,757,"impact","impact_1971-1980",34.857048,-106.719821,0,0,1,0,0,0,0,NA,0,0,0,0,0,NA,0,0,0,0,0,0,19,0,0
"74","MSB:Fish:4101",1977,5,12,"MSB 4101-3","JAR11745F","EO","EO","07-31-2025","F",43,35,804,"impact","impact_1971-1980",34.857048,-106.719821,0,0,0,0,0,0,0,NA,0,0,0,0,0,NA,0,0,0,0,0,0,0,0,4
"75","MSB:Fish:4101",1977,5,12,"MSB 4101-2","JAR11744F","JG","GC","07-31-2025",NA,43,35,1041,"impact","impact_1971-1980",34.857048,-106.719821,0,0,0,0,0,0,0,NA,0,0,0,0,0,NA,0,0,0,0,0,0,0,0,0
"76","MSB:Fish:4101",1977,5,12,"MSB 4101-4","JAR11742F","JG","CLW GC","07-31-2025",NA,45,36,967,"impact","impact_1971-1980",34.857048,-106.719821,0,0,0,0,0,0,0,NA,0,0,0,0,0,NA,0,0,0,0,0,NA,0,0,0
"77","MSB:Fish:4114",1977,5,13,"MSB 4114-1","JAR11756F","EO","EO","08-01-2025","F",52,42,1845,"impact","impact_1971-1980",34.905272,-106.685564,0,0,0,0,0,0,0,NA,0,0,0,0,0,NA,0,0,0,0,0,0,0,0,0
"78","MSB:Fish:4114",1977,5,13,"MSB 4114-5","JAR11750F","EO","EO","08-01-2025",NA,47,38,1113,"impact","impact_1971-1980",34.905272,-106.685564,0,0,0,0,0,0,0,NA,0,0,0,0,0,NA,0,0,0,0,0,NA,0,0,0
"79","MSB:Fish:4114",1977,5,13,"MSB 4114-2","JAR11754F","JG","CLW","08-01-2025",NA,50,43,1512,"impact","impact_1971-1980",34.905272,-106.685564,0,0,0,0,0,0,0,NA,0,0,0,0,0,NA,0,0,0,0,0,NA,0,0,0
"80","MSB:Fish:4114",1977,5,13,"MSB 4114-4","JAR11751F","JG","JG","08-01-2025","F",47,40,1284,"impact","impact_1971-1980",34.905272,-106.685564,0,0,0,0,0,0,0,NA,0,0,0,0,0,NA,0,0,0,0,0,NA,0,0,0
"81","MSB:Fish:4114",1977,5,13,"MSB 4114-3","JAR11753F","EO","GC","08-01-2025",NA,51,43,1646,"impact","impact_1971-1980",34.905272,-106.685564,0,0,0,0,0,0,0,NA,0,0,0,0,0,NA,0,0,0,0,0,0,2,0,0
"82","MSB:Fish:4157",1977,8,5,"MSB 4157-4","JAR11814F","EO","BP","08-07-2025",NA,52,42,1284,"impact","impact_1971-1980",34.905272,-106.685564,0,0,0,0,0,0,0,NA,0,0,0,0,0,NA,0,0,0,0,0,0,0,0,0
"83","MSB:Fish:4157",1977,8,5,"MSB 4157-2","JAR11816F","JG","JG","08-07-2025","F",55,46,1521,"impact","impact_1971-1980",34.905272,-106.685564,0,0,7,0,0,0,0,NA,0,0,0,0,0,NA,0,0,0,0,0,0,0,0,2
"84","MSB:Fish:4157",1977,8,5,"MSB 4157-5","JAR11811F","JG","JG","08-07-2025","F",50,43,1300,"impact","impact_1971-1980",34.905272,-106.685564,0,0,6,0,0,0,0,NA,0,0,0,0,0,NA,1,0,0,0,0,0,0,0,0
"85","MSB:Fish:4157",1977,8,5,"MSB 4157-3","JAR11810F","EO","EO","08-07-2025",NA,52,43,1367,"impact","impact_1971-1980",34.905272,-106.685564,0,0,0,0,0,0,0,NA,0,0,0,0,0,NA,0,0,0,0,0,0,2,0,0
"86","MSB:Fish:4157",1977,8,5,"MSB 4157-1","JAR11813F","EO","JG","08-07-2025",NA,61,52,2325,"impact","impact_1971-1980",34.905272,-106.685564,0,0,0,0,0,0,0,NA,0,0,0,0,0,NA,0,0,0,0,0,0,0,0,4
"87","MSB:Fish:4174",1977,8,4,"MSB 4174-1","JAR11768F","BP","JG","08-01-2025",NA,32,26,277,"impact","impact_1971-1980",34.859396,-106.720148,0,1,0,0,0,0,0,NA,0,0,0,0,0,NA,0,0,0,0,0,0,0,0,0
"88","MSB:Fish:4174",1977,8,4,"MSB 4174-5","JAR11759F","BP","EO","08-01-2025","F",36,29,468,"impact","impact_1971-1980",34.859396,-106.720148,0,0,0,0,0,0,0,NA,0,0,0,0,0,NA,0,0,0,0,0,0,0,0,2
"89","MSB:Fish:4174",1977,8,4,"MSB 4174-3","JAR11760F","BP","JG","08-01-2025",NA,40,32,646,"impact","impact_1971-1980",34.859396,-106.720148,0,0,9,0,0,0,0,NA,0,1,0,0,0,NA,0,0,0,0,0,0,60,0,0
"90","MSB:Fish:4174",1977,8,4,"MSB 4174-4","JAR11757F","EO","EO","08-01-2025","F",36,28,435,"impact","impact_1971-1980",34.859396,-106.720148,0,0,0,0,0,0,0,NA,0,0,0,0,0,NA,0,0,0,0,0,0,0,0,2
"91","MSB:Fish:4174",1977,8,4,"MSB 4174-2","JAR11765F","BP","BP","08-01-2025","F",37,29,419,"impact","impact_1971-1980",34.859396,-106.720148,0,0,2,0,1,0,1,NA,0,0,1,0,0,NA,1,0,0,0,0,0,57,0,2
"92","MSB:Fish:43375",1999,8,25,"MSB 43375-4","JAR11727F","EO","GC","07-31-2025",NA,47,37,879,"impact","impact_1991-2000",35.089293,-106.680842,0,0,0,0,0,0,1,NA,0,0,0,0,0,NA,0,0,0,0,0,0,1,0,0
"93","MSB:Fish:43375",1999,8,25,"MSB 43375-3","JAR11736F","JG","JG","07-31-2025",NA,43,34,758,"impact","impact_1991-2000",35.089293,-106.680842,0,0,0,0,0,0,0,NA,0,0,0,0,0,NA,0,0,0,0,0,NA,0,0,0
"94","MSB:Fish:43375",1999,8,25,"MSB 43375-2","JAR11733F","EO","EO","07-31-2025",NA,45,36,861,"impact","impact_1991-2000",35.089293,-106.680842,0,0,7,0,0,0,0,NA,0,0,0,0,0,NA,0,0,0,0,0,NA,0,0,0
"95","MSB:Fish:43375",1999,8,25,"MSB 43375-1","JAR11735F","JG","GC","07-31-2025",NA,51,40,1203,"impact","impact_1991-2000",35.089293,-106.680842,0,0,0,0,0,0,0,NA,0,0,0,0,0,NA,0,0,0,0,0,0,0,0,0
"96","MSB:Fish:43375",1999,8,25,"MSB 43375-5","JAR11730F","JG","CLW","07-31-2025",NA,36,28,454,"impact","impact_1991-2000",35.089293,-106.680842,0,0,0,0,0,0,3,NA,0,0,0,0,0,NA,0,0,0,0,0,0,0,0,0
"97","MSB:Fish:4391",1978,8,16,"MSB 4391-2","JAR11778F","EO","CW","08-04-2025",NA,39,32,525,"impact","impact_1971-1980",34.986117,-106.686021,0,0,0,0,0,0,0,NA,0,0,0,0,0,NA,0,0,0,0,0,0,0,0,0
"98","MSB:Fish:4391",1978,8,16,"MSB 4391-3","JAR11784F","BP","CW","08-04-2025",NA,39,31,520,"impact","impact_1971-1980",34.986117,-106.686021,0,0,0,0,0,0,0,NA,0,0,0,0,0,NA,0,0,0,0,0,0,0,0,0
"99","MSB:Fish:4391",1978,8,16,"MSB 4391-5","JAR11775F","BP","JG","08-04-2025","F",43,34,795,"impact","impact_1971-1980",34.986117,-106.686021,0,0,0,0,0,0,0,NA,0,0,0,0,0,NA,0,0,0,0,0,0,0,0,0
"100","MSB:Fish:4391",1978,8,16,"MSB 4391-4","JAR11781F","EO","EO","08-04-2025",NA,42,34,729,"impact","impact_1971-1980",34.986117,-106.686021,0,0,0,0,0,0,0,NA,0,0,0,0,0,NA,0,0,0,0,0,0,0,0,0
"101","MSB:Fish:4391",1978,8,16,"MSB 4391-1","JAR11783F","BP","JG","08-04-2025",NA,43,35,816,"impact","impact_1971-1980",34.986117,-106.686021,0,0,0,0,0,0,0,NA,0,0,0,0,0,NA,0,0,0,0,0,0,0,0,0
"102","MSB:Fish:4781",1977,8,4,"MSB 4781-3","JAR11851F","EO","EO","08-11-2025",NA,32,27,313,"impact","impact_1971-1980",35.133568,-106.693327,0,0,1,0,0,0,0,NA,0,0,0,0,0,NA,1,0,0,0,0,0,0,0,0
"103","MSB:Fish:4781",1977,8,4,"MSB 4781-5","JAR11868F","EO","EO","08-11-2025","F",32,26,279,"impact","impact_1971-1980",35.133568,-106.693327,0,0,1,0,0,0,0,0,0,0,0,0,0,NA,0,0,0,0,0,0,0,0,0
"104","MSB:Fish:4781",1977,8,4,"MSB 4781-2","JAR11848F","EO","EO","08-11-2025",NA,43,34,764,"impact","impact_1971-1980",35.133568,-106.693327,0,0,0,0,0,0,0,0,0,0,0,0,0,0,0,0,0,0,0,0,0,0,2
"105","MSB:Fish:4781",1977,8,4,"MSB 4781-1","JAR11845F","EO","CW","08-11-2025",NA,34,28,411,"impact","impact_1971-1980",35.133568,-106.693327,0,0,0,0,0,0,0,NA,0,0,0,0,0,NA,0,0,0,0,0,NA,0,0,2
"106","MSB:Fish:4781",1977,8,4,"MSB 4781-4","JAR11854F","BP","EO","08-11-2025","F",32,25,222,"impact","impact_1971-1980",35.133568,-106.693327,0,0,0,0,0,0,0,0,0,0,0,0,0,0,0,0,0,0,0,0,0,0,0
"107","MSB:Fish:5007",1977,7,6,"MSB 5007-3","JAR11867F","EO","CW","08-11-2025",NA,32,25,304,"control","control_1971-1980",35.232431,-106.594272,0,0,0,0,0,0,0,79,0,0,0,0,0,NA,0,0,0,0,0,0,0,0,0
"108","MSB:Fish:5007",1977,7,6,"MSB 5007-5","JAR11864F","EO","CW","08-11-2025",NA,32,25,262,"control","control_1971-1980",35.232431,-106.594272,0,0,5,0,0,0,0,10,0,0,0,0,0,0,0,0,0,0,0,NA,0,0,0
"109","MSB:Fish:5007",1977,7,6,"MSB 5007-3","JAR11862F","EO","CW","08-11-2025",NA,34,27,338,"control","control_1971-1980",35.232431,-106.594272,0,0,0,0,0,0,0,NA,0,0,0,0,0,NA,0,0,0,0,0,NA,0,0,0
"110","MSB:Fish:5007",1977,7,6,"MSB 5007-1","JAR11859F","EO","JG","08-11-2025",NA,47,39,959,"control","control_1971-1980",35.232431,-106.594272,0,0,0,0,0,0,0,NA,0,0,0,0,0,NA,0,0,0,0,0,NA,15,0,0
"111","MSB:Fish:5007",1977,7,6,"MSB 5007-4","JAR11865F","EO","CW","08-11-2025",NA,35,29,379,"control","control_1971-1980",35.232431,-106.594272,0,0,0,0,0,0,0,19,0,0,0,0,0,NA,0,0,0,0,0,0,0,0,0
"112","MSB:Fish:5250",1986,7,13,"MSB 5250-4","JAR11817F","EO","CW","08-11-2025",NA,35,28,450,"control","control_1981-1990",35.322164,-106.557448,0,0,3,0,0,0,0,0,0,0,0,0,0,0,0,0,0,0,0,0,0,0,0
"113","MSB:Fish:5250",1986,7,13,"MSB 5250-5","JAR11820F","BP","CW","08-11-2025",NA,33,26,334,"control","control_1981-1990",35.322164,-106.557448,0,0,0,0,0,0,0,0,0,0,0,0,0,0,0,0,0,0,0,0,0,0,0
"114","MSB:Fish:5250",1986,7,13,"MSB 5250-3","JAR11822F","BP","CW","08-11-2025",NA,45,36,1024,"control","control_1981-1990",35.322164,-106.557448,0,0,0,0,0,0,0,0,0,0,0,0,0,0,0,0,0,0,0,0,0,0,0
"115","MSB:Fish:5250",1986,7,13,"MSB 5250-1","JAR11821F","BP","EO","08-11-2025","F",48,39,1206,"control","control_1981-1990",35.322164,-106.557448,0,0,0,0,0,0,0,0,0,0,0,0,0,0,0,0,0,0,0,0,0,0,0
"116","MSB:Fish:5250",1986,7,13,"MSB 5250-2","JAR11819F","BP","CW","08-11-2025",NA,51,43,1535,"control","control_1981-1990",35.322164,-106.557448,0,0,11,0,0,0,0,0,0,0,0,0,0,0,0,0,0,0,0,0,0,0,0
"117","MSB:Fish:5806",1987,9,9,"MSB 5806-1","JAR11767F","EO","JG","08-01-2025",NA,50,41,1681,"control","control_1981-1990",35.322164,-106.557448,0,0,4,0,0,0,0,NA,0,0,0,0,0,NA,0,0,0,0,0,0,0,0,0
"118","MSB:Fish:5806",1987,9,9,"MSB 5806-3","JAR11764F","EO","GC","08-01-2025",NA,37,30,562,"control","control_1981-1990",35.322164,-106.557448,0,0,3,0,0,0,0,NA,0,0,0,0,0,NA,0,0,0,0,0,0,0,0,0
"119","MSB:Fish:5806",1987,9,9,"MSB 5806-2","JAR11770F","JG","GC","08-01-2025",NA,49,40,1490,"control","control_1981-1990",35.322164,-106.557448,0,0,0,0,0,0,0,NA,0,0,0,0,0,NA,0,0,0,0,0,0,0,0,0
"120","MSB:Fish:5806",1987,9,9,"MSB 5806-5","JAR11761F","EO","EO","08-01-2025",NA,36,29,545,"control","control_1981-1990",35.322164,-106.557448,0,0,4,0,0,0,0,NA,0,0,0,0,0,NA,0,0,0,0,0,0,0,0,4
"121","MSB:Fish:5806",1987,9,9,"MSB 5806-4","JAR11762F","JG","CW","08-01-2025",NA,41,33,704,"control","control_1981-1990",35.322164,-106.557448,0,0,0,0,0,0,0,NA,0,0,0,0,0,NA,0,0,0,0,0,0,0,0,0
"122","MSB:Fish:5817",1987,9,10,"MSB 5817-1","JAR11774F","EO","CW","08-04-2025",NA,56,45,1611,"impact","impact_1981-1990",34.905272,-106.685564,0,0,25,0,0,0,0,NA,0,0,0,0,0,NA,0,0,0,0,0,0,0,0,0
"123","MSB:Fish:5817",1987,9,10,"MSB 5817-3","JAR11780F","EO","CW","08-04-2025",NA,53,43,1548,"impact","impact_1981-1990",34.905272,-106.685564,0,0,5,0,0,0,0,NA,0,0,0,0,0,NA,0,0,0,0,0,0,0,0,0
"124","MSB:Fish:5817",1987,9,10,"MSB 5817-4","JAR11777F","BP","EO","08-04-2025","F",50,40,1098,"impact","impact_1981-1990",34.905272,-106.685564,0,0,9,0,0,0,0,NA,0,0,0,0,0,NA,0,0,0,0,0,0,0,0,0
"125","MSB:Fish:5817",1987,9,10,"MSB 5817-5","JAR11782F","EO","CW","08-04-2025",NA,40,33,563,"impact","impact_1981-1990",34.905272,-106.685564,0,0,2,0,0,0,0,NA,0,0,0,0,0,NA,0,0,0,0,0,NA,0,0,0
"126","MSB:Fish:5817",1987,9,10,"MSB 5817-2","JAR11779F","BP","CW","08-04-2025",NA,57,45,1588,"impact","impact_1981-1990",34.905272,-106.685564,0,0,18,0,0,0,0,NA,0,0,0,0,0,NA,0,0,0,0,0,0,0,0,0
"127","MSB:Fish:5828",1987,9,10,"MSB 5828-5","JAR11771F","EO","CW","08-04-2025",NA,42,33,561,"impact","impact_1981-1990",34.875039,-106.717581,0,0,1,0,0,0,0,NA,0,0,0,0,0,NA,0,0,0,0,0,0,0,0,0
"128","MSB:Fish:5828",1987,9,10,"MSB 5828-2","JAR11766F","EO","CW","08-04-2025",NA,43,35,813,"impact","impact_1981-1990",34.875039,-106.717581,0,0,4,0,0,0,0,NA,0,0,0,0,0,NA,0,0,0,0,0,0,0,0,0
"129","MSB:Fish:5828",1987,9,10,"MSB 5282-1","JAR11763F","EO","CW","08-04-2025",NA,49,40,1320,"impact","impact_1981-1990",34.875039,-106.717581,0,0,1,0,0,0,0,NA,0,0,0,0,0,NA,0,0,0,0,0,0,0,0,0
"130","MSB:Fish:5828",1987,9,10,"MSB 5828-3","JAR11772F","EO","MV","08-04-2025",NA,39,31,514,"impact","impact_1981-1990",34.875039,-106.717581,0,0,0,0,0,0,0,NA,0,0,0,1,0,NA,0,0,0,0,0,0,0,0,0
"131","MSB:Fish:5828",1987,9,10,"MSB 5828-4","JAR11769F","BP","JG","08-04-2025","F",37,30,514,"impact","impact_1981-1990",34.875039,-106.717581,0,0,2,0,0,0,0,NA,0,0,0,0,0,NA,0,0,0,0,0,0,0,0,0
"132","MSB:Fish:611",1949,10,28,"MSB 611-4","JAR11743F","EO","CLW","07-31-2025",NA,51,42,1109,"impact","impact_1941-1950",35.155761,-106.655157,0,0,0,0,0,2,0,NA,0,0,0,0,0,NA,0,0,0,0,0,0,0,0,0
"133","MSB:Fish:611",1949,10,28,"MSB 611-3","JAR11740F","EO","EO","07-31-2025","F",46,37,785,"impact","impact_1941-1950",35.155761,-106.655157,0,0,2,0,0,0,0,NA,0,0,0,0,0,NA,0,0,0,0,0,0,0,0,0
"134","MSB:Fish:611",1949,10,28,"MSB 611-5","JAR11738F","EO","EO","07-31-2025","F",38,30,482,"impact","impact_1941-1950",35.155761,-106.655157,0,0,0,0,0,0,0,NA,0,0,0,0,0,NA,0,0,0,0,0,0,0,0,0
"135","MSB:Fish:611",1949,10,28,"MSB 611-1","JAR11741F","EO","GC","07-31-2025",NA,49,39,957,"impact","impact_1941-1950",35.155761,-106.655157,0,0,0,0,0,0,0,NA,0,0,0,0,0,NA,0,0,0,0,0,0,0,0,0
"136","MSB:Fish:611",1949,10,28,"MSB 611-2","JAR11746F","EO","GC","07-31-2025",NA,46,37,870,"impact","impact_1941-1950",35.155761,-106.655157,0,0,1,0,0,0,0,NA,0,0,0,0,0,NA,0,0,0,0,0,0,0,0,0
"137","MSB:Fish:612",1939,1,28,"MSB 612-3","JAR11788F","EO","EO","08-05-2025","F",45,37,858,"impact","impact_1931-1940",35.100259,-106.692107,0,0,0,0,0,0,0,NA,0,0,0,0,0,NA,0,0,0,0,0,0,0,0,0
"138","MSB:Fish:612",1939,1,28,"MSB 612-5","JAR11789F","EO","CW","08-05-2025",NA,37,30,397,"impact","impact_1931-1940",35.100259,-106.692107,0,0,2,0,0,0,0,NA,0,0,0,0,0,NA,0,0,0,0,0,0,0,0,0
"139","MSB:Fish:612",1939,1,28,"MSB 612-4","JAR11792F","JG","CW","08-07-2025",NA,38,32,547,"impact","impact_1931-1940",35.100259,-106.692107,0,0,1,0,0,0,0,NA,0,0,0,0,0,NA,0,0,0,0,0,0,0,0,0
"140","MSB:Fish:612",1939,1,28,"MSB 612-3","JAR11791F","EO","CW","08-05-2025",NA,49,40,1047,"impact","impact_1931-1940",35.100259,-106.692107,0,0,0,0,0,0,0,NA,0,0,0,0,0,NA,0,0,0,0,0,0,0,0,0
"141","MSB:Fish:612",1939,1,28,"MSB 612-1","JAR11790F","JG","JG","08-05-2025",NA,54,45,1686,"impact","impact_1931-1940",35.100259,-106.692107,12,0,1,0,0,0,0,NA,0,0,0,0,0,NA,0,0,0,0,0,NA,0,0,0
"142","MSB:Fish:613",1938,10,19,"MSB 613-3","JAR11686F","EO","EO","07-28-2025","F",62,49,1963,"impact","impact_1931-1940",35.100259,-106.692107,0,0,8,0,0,0,0,NA,0,0,0,0,0,NA,0,0,0,0,0,0,0,0,0
"143","MSB:Fish:613",1938,10,19,"MSB 613-4","JAR11678F","BP","JG","07-28-2025",NA,59,48,1838,"impact","impact_1931-1940",35.100259,-106.692107,0,0,1,0,0,0,0,NA,0,0,0,0,0,NA,0,0,0,0,0,NA,0,0,0
"144","MSB:Fish:613",1938,10,19,"MSB 613-1","JAR1180F","EO","CLW","07-28-2025","F",63,52,2583,"impact","impact_1931-1940",35.100259,-106.692107,0,0,0,0,0,0,0,NA,0,0,0,0,0,NA,0,0,0,0,0,0,0,0,0
"145","MSB:Fish:613",1938,10,19,"MSB 613-2","JAR11683F","BP","GC","07-28-2025",NA,72,57,3631,"impact","impact_1931-1940",35.100259,-106.692107,0,0,0,0,0,0,0,NA,0,0,0,0,0,NA,0,0,0,0,0,0,0,0,0
"146","MSB:Fish:613",1938,10,19,"MSB 613-5","JAR11677F","EO","CLW","07-28-2025",NA,50,42,1308,"impact","impact_1931-1940",35.100259,-106.692107,0,0,0,0,0,0,0,NA,0,0,0,0,0,NA,0,0,0,0,0,0,0,0,0
"147","MSB:Fish:622",1939,2,26,"MSB 622-2","JAR11734F","BP","CLW","07-29-2025",NA,75,59,4394,"impact","impact_1931-1940",35.100259,-106.692107,0,0,8,0,2,0,0,NA,0,0,0,0,0,NA,0,0,0,0,0,0,0,0,0
"148","MSB:Fish:622",1939,2,26,"MSB 622-4","JAR11731F","BP","BP","07-29-2025",NA,73,58,4940,"impact","impact_1931-1940",35.100259,-106.692107,0,0,0,0,2,0,0,NA,0,0,0,0,0,NA,0,0,0,0,0,0,0,0,0
"149","MSB:Fish:622",1939,2,26,"MSB 622-3","JAR11729F","EO","JG","07-29-2025",NA,76,60,4034,"impact","impact_1931-1940",35.100259,-106.692107,0,0,1,0,0,0,0,NA,0,0,0,0,0,NA,0,0,0,0,0,0,0,0,0
"150","MSB:Fish:622",1939,2,26,"MSB 622-5","JAR11726F","EO","EO","07-29-2025",NA,50,40,1172,"impact","impact_1931-1940",35.100259,-106.692107,0,0,3,0,0,0,0,NA,0,0,0,0,0,NA,1,0,0,0,0,0,0,0,0
"151","MSB:Fish:622",1939,2,26,"MSB 622-1","JAR11732F","EO","CLW","07-29-2025",NA,70,56,3074,"impact","impact_1931-1940",35.100259,-106.692107,1,0,10,0,0,0,0,NA,0,0,0,0,0,NA,0,0,0,0,0,0,0,0,0
"152","MSB:Fish:630",1938,12,2,"MSB 630-4","JAR11752F","EO","GC","08-01-2025",NA,48,38,924,"impact","impact_1931-1940",35.100259,-106.692107,0,0,1,0,0,0,0,NA,0,0,0,0,0,NA,0,0,0,0,0,0,0,0,0
"153","MSB:Fish:630",1938,12,2,"MSB 630-2","JAR11749F","EO","BP","08-01-2025",NA,49,40,1051,"impact","impact_1931-1940",35.100259,-106.692107,0,0,1,0,0,0,0,NA,0,0,0,0,0,NA,0,0,0,0,0,0,0,0,0
"154","MSB:Fish:630",1938,12,2,"MSB 630-5","JAR11737F","JG","CLW","08-01-2025",NA,41,35,642,"impact","impact_1931-1940",35.100259,-106.692107,0,0,1,0,0,0,0,NA,0,0,0,0,0,NA,0,0,0,0,0,NA,0,0,0
"155","MSB:Fish:630",1938,12,2,"MSB 630-1","JAR11755F","JG","JG","08-01-2025","F",44,35,722,"impact","impact_1931-1940",35.100259,-106.692107,0,0,0,0,0,0,0,NA,0,0,0,0,0,NA,0,0,0,0,0,0,0,0,0
"156","MSB:Fish:630",1938,12,2,"MSB 630-3","JAR11758F","JG","CLW","08-01-2025",NA,47,37,965,"impact","impact_1931-1940",35.100259,-106.692107,0,0,3,0,0,0,0,NA,0,0,0,0,0,NA,0,0,0,0,0,0,0,0,0
"157","MSB:Fish:6303",1988,11,15,"MSB 6303-3","JAR11825F","EO","CW","08-11-2025",NA,60,49,2374,"impact","impact_1981-1990",35.014147,-106.665834,0,0,0,0,0,0,0,0,0,0,0,0,0,0,0,0,0,0,0,0,0,0,0
"158","MSB:Fish:6303",1988,11,15,"MSB 6303-1","JAR11823F","BP","JG","08-11-2025","F",57,46,2269,"impact","impact_1981-1990",35.014147,-106.665834,0,0,4,0,0,0,0,0,0,0,0,0,0,0,0,0,0,0,0,NA,0,0,0
"159","MSB:Fish:6303",1988,11,15,"MSB 6303-5","JAR11826F","BP","CW","08-11-2025",NA,55,44,1739,"impact","impact_1981-1990",35.014147,-106.665834,0,0,0,0,0,0,0,0,0,0,0,0,0,0,0,0,0,0,0,0,0,0,NA
"160","MSB:Fish:6303",1988,11,15,"MSB 6303-4","JAR11824F","BP","CW","08-11-2025",NA,61,51,2381,"impact","impact_1981-1990",35.014147,-106.665834,0,0,0,0,0,0,0,0,0,0,0,0,0,0,0,0,0,0,0,0,0,0,0
"161","MSB:Fish:6303",1988,11,15,"MSB 6303-2","JAR11827F","EO","CW","08-11-2025",NA,53,43,1222,"impact","impact_1981-1990",35.014147,-106.665834,0,0,0,0,0,0,0,0,0,0,0,0,0,0,0,0,0,0,0,0,0,0,0
"162","MSB:Fish:632",1959,2,5,"MSB 632-3","JAR11796F","JG","CW","08-04-2025","F",51,40,1082,"impact","impact_1951-1960",34.987044,-106.690293,0,0,0,0,0,0,0,NA,0,0,0,0,0,NA,0,0,0,0,0,NA,0,0,0
"163","MSB:Fish:632",1939,2,5,"MSB 632-2","JAR11794F","JG","CW","08-04-2025",NA,41,33,615,"impact","impact_1951-1960",34.987044,-106.690293,0,0,0,0,0,0,0,NA,0,0,0,0,0,NA,0,0,0,0,0,0,0,0,0
"164","MSB:Fish:632",1939,2,5,"MSB 632-1","JAR11793F","JG","CLW","08-04-2025","F",56,48,2023,"impact","impact_1951-1960",34.987044,-106.690293,0,0,0,0,0,0,0,NA,0,0,0,0,0,NA,3,0,0,0,0,0,0,0,0
"165","MSB:Fish:632",1959,2,5,"MSB 632-5","JAR11797F","JG","MV","08-04-2025",NA,75,62,4419,"impact","impact_1951-1960",34.987044,-106.690293,0,0,9,2,0,0,0,NA,0,1,0,0,0,NA,0,0,0,0,0,NA,0,0,0
"166","MSB:Fish:632",1939,2,5,"MSB 632-2","JAR11794F","JG","CW","08-04-2025",NA,67,56,3607,"impact","impact_1951-1960",34.987044,-106.690293,0,0,1,0,0,0,0,NA,0,0,0,0,0,NA,0,0,0,0,0,0,0,0,0
"167","MSB:Fish:637",1941,9,14,"MSB 637-4","JAR11801F","EO","JG","08-05-2025",NA,37,29,335,"impact","impact_1941-1950",35.096748,-106.692027,0,0,0,0,0,0,0,NA,0,0,0,0,0,NA,0,0,0,0,0,0,0,0,0
"168","MSB:Fish:637",1941,9,14,"MSB 637-5","JAR11800F","JG","CW","08-05-2025",NA,36,30,346,"impact","impact_1941-1950",35.096748,-106.692027,0,0,1,0,0,0,0,NA,0,0,0,0,0,NA,0,0,0,0,0,0,0,0,0
"169","MSB:Fish:637",1941,9,14,"MSB 637-3","JAR11798F","JG","JG","08-05-2025",NA,38,33,509,"impact","impact_1941-1950",35.096748,-106.692027,0,0,1,0,0,0,0,NA,0,0,0,0,0,NA,0,0,0,0,0,0,0,0,0
"170","MSB:Fish:637",1941,9,14,"MSB 637-2","JAR11803F","EO","EO","08-05-2025","F",41,33,462,"impact","impact_1941-1950",35.096748,-106.692027,0,0,0,0,0,0,0,NA,0,0,0,0,0,NA,0,1,0,0,0,0,0,0,0
"171","MSB:Fish:637",1941,9,14,"MSB 637-1","JAR11806F","JG","CW","08-05-2025",NA,52,45,1192,"impact","impact_1941-1950",35.096748,-106.692027,0,0,2,0,0,0,0,NA,0,0,0,0,0,NA,0,0,0,0,0,0,0,0,0
"172","MSB:Fish:646",1939,6,13,"MSB 646-3","JAR11842F","EO","BP","08-11-2025",NA,46,37,1079,"impact","impact_1931-1940",35.197329,-106.642983,0,0,0,0,0,0,0,0,0,0,0,0,0,0,0,0,0,0,0,0,0,0,0
"173","MSB:Fish:646",1939,6,13,"MSB 646-2","JAR11839F","BP","BP","08-11-2025",NA,37,31,557,"impact","impact_1931-1940",35.197329,-106.642983,0,0,2,0,0,0,0,2,0,0,0,0,0,1,0,0,0,0,0,0,0,0,0
"174","MSB:Fish:646",1939,6,13,"MSB 646-4","JAR11836F","EO","JG","08-11-2025","F",30,25,290,"impact","impact_1931-1940",35.197329,-106.642983,0,0,0,0,0,0,0,0,0,0,0,0,0,0,0,0,0,0,0,0,0,0,0
"175","MSB:Fish:646",1939,6,13,"MSB 646-1","JAR11834F","EO","CW","08-11-2025",NA,44,36,932,"impact","impact_1931-1940",35.197329,-106.642983,0,0,0,0,0,0,0,0,0,0,0,0,0,0,0,0,0,0,0,0,0,0,0
"176","MSB:Fish:658",1939,1,30,"MSB 658-2","JAR11684F","EO","GC","07-28-2025",NA,43,34,582,"impact","impact_1931-1940",35.100259,-106.692107,0,0,0,0,0,0,0,NA,0,0,0,0,0,NA,0,0,0,0,0,0,0,0,0
"177","MSB:Fish:658",1939,1,30,"MSB 658-1","JAR11681F","BP","CLW","07-28-2025","F",42,33,574,"impact","impact_1931-1940",35.100259,-106.692107,0,0,0,0,0,0,0,NA,0,0,0,0,0,NA,0,0,0,0,0,0,0,0,0
"178","MSB:Fish:658",1939,1,30,"MSB 658-3","JAR11687F","BP","GC","07-28-2025",NA,30,22,213,"impact","impact_1931-1940",35.100259,-106.692107,0,0,0,0,0,0,0,NA,0,0,0,0,0,NA,0,0,0,0,0,0,0,0,0
"179","MSB:Fish:658",1939,1,30,"MSB 658-5","JAR11702F","EO","CLW","07-28-2025",NA,39,30,427,"impact","impact_1931-1940",35.100259,-106.692107,0,0,0,0,0,0,0,NA,0,0,0,0,0,NA,0,0,0,0,0,0,0,0,0
"180","MSB:Fish:658",1939,1,30,"MSB 658-4","JAR11701F","EO","EO","07-28-2025",NA,43,34,654,"impact","impact_1931-1940",35.100259,-106.692107,0,0,6,0,0,0,0,NA,0,0,0,0,0,NA,0,0,0,0,0,0,0,0,0
"181","MSB:Fish:667",1947,10,25,"MSB 667-3","JAR11672F","EO","CLW","07-28-2025",NA,47,38,876,"control","control_1941-1950",35.380629,-106.503529,0,0,0,0,0,0,0,NA,0,0,0,0,0,NA,0,0,0,0,1,0,0,0,2
"182","MSB:Fish:667",1947,10,25,"MSB 667-4","JAR11676F","BP","EO","07-28-2025",NA,44,35,779,"control","control_1941-1950",35.380629,-106.503529,0,0,8,0,0,0,0,NA,2,0,0,0,0,NA,4,0,0,0,0,0,0,0,0
"183","MSB:Fish:667",1947,10,25,"MSB 667-5","JAR11675F","EO","EO","07-28-2025","F",47,37,864,"control","control_1941-1950",35.380629,-106.503529,0,0,1,0,0,0,0,NA,0,0,0,0,0,NA,0,0,0,0,0,0,0,0,2
"184","MSB:Fish:667",1947,10,25,"MSB 667-1","JAR11674F","BP","BP","07-28-2025",NA,51,41,1178,"control","control_1941-1950",35.380629,-106.503529,0,0,8,0,0,0,0,NA,0,0,0,0,0,NA,0,2,0,0,0,0,0,0,0
"185","MSB:Fish:667",1947,10,25,"MSB 667-2","JAR11671F","BP","EO","07-28-2025","F",44,35,784,"control","control_1941-1950",35.380629,-106.503529,0,0,4,0,0,0,0,NA,0,0,0,0,0,NA,0,0,0,0,0,0,0,0,0
"186","MSB:Fish:679",1942,2,28,"MSB 679-4","JAR11831F","EO","CLW","08-07-2025","F",62,54,2530,"control","control_1941-1950",35.37417,-106.49278,0,0,0,0,0,0,0,NA,0,0,0,0,0,NA,0,0,0,0,0,NA,0,0,0
"187","MSB:Fish:679",1942,2,28,"MSB 679-5","JAR11832F","JG","CW","08-07-2025",NA,34,27,314,"control","control_1941-1950",35.37417,-106.49278,0,0,0,0,0,0,0,NA,0,0,0,0,0,NA,1,0,0,0,0,0,0,0,0
"188","MSB:Fish:679",1942,2,28,"MSB 679-2","JAR11828F","EO","CW","08-07-2025","F",68,55,3294,"control","control_1941-1950",35.37417,-106.49278,0,0,4,0,0,0,0,NA,0,NA,0,0,0,NA,0,0,0,0,0,0,0,0,0
"189","MSB:Fish:679",1942,2,28,"MSB 679-6","JAR11838F","EO","CW","08-07-2025",NA,69,57,3902,"control","control_1941-1950",35.37417,-106.49278,0,0,8,0,0,0,0,NA,0,0,0,0,0,NA,0,0,0,0,0,0,0,0,0
"190","MSB:Fish:679",1942,2,28,"MSB 679-1","JAR11830F","JG","CW","08-07-2025",NA,51,42,1331,"control","control_1941-1950",35.37417,-106.49278,0,0,2,0,0,0,0,NA,0,0,0,0,0,NA,0,0,0,0,0,0,0,0,0
"191","MSB:Fish:679",1942,2,28,"MSB 679-3","JAR11829F","JG","CW","08-07-2025",NA,43,35,710,"control","control_1941-1950",35.37417,-106.49278,0,0,0,0,0,0,0,NA,0,0,0,0,0,NA,0,0,0,0,0,NA,0,0,0
"192","MSB:Fish:679",1942,2,28,"MSB 679-10","JAR11837F","BP","CW","08-07-2025",NA,48,39,1139,"control","control_1941-1950",35.37417,-106.49278,0,0,0,0,0,0,0,NA,0,0,0,0,0,NA,0,0,0,0,0,0,0,0,0
"193","MSB:Fish:679",1942,2,28,"MSB 679-9","JAR11843F","EO","CW","08-07-2025",NA,34,28,346,"control","control_1941-1950",35.37417,-106.49278,0,0,0,0,0,0,0,NA,0,0,0,0,0,NA,0,0,0,0,0,NA,0,0,0
"194","MSB:Fish:679",1942,2,28,"MSB 679-7","JAR11840F","BP","CW","08-07-2025",NA,46,36,858,"control","control_1941-1950",35.37417,-106.49278,0,0,0,0,0,0,0,NA,0,0,0,0,0,NA,0,0,0,0,0,0,0,0,0
"195","MSB:Fish:679",1942,2,28,"MSB 679-8","JAR11835F","BP","EO CW","08-07-2025",NA,32,27,378,"control","control_1941-1950",35.37417,-106.49278,0,0,0,0,0,0,0,NA,0,0,0,0,0,NA,0,0,0,0,0,NA,0,0,0
"196","MSB:Fish:680",1959,2,24,"MSB 680-5","JAR11628F","EO","JG","07-23-2025",NA,42,34,600,"impact","impact_1951-1960",34.987044,-106.690293,0,0,0,0,0,0,0,NA,0,0,0,0,0,NA,1,0,0,0,0,0,0,0,0
"197","MSB:Fish:680",1959,2,24,"MSB 680-2","JAR11638F","BP","JG","07-23-2025",NA,54,41,1494,"impact","impact_1951-1960",34.987044,-106.690293,0,0,1,0,0,0,0,NA,0,0,0,0,0,NA,1,0,0,0,0,0,0,0,2
"198","MSB:Fish:680",1959,2,24,"MSB 680-3","JAR11632F","EO","GC","07-23-2025",NA,63,51,2575,"impact","impact_1951-1960",34.987044,-106.690293,0,0,4,0,2,0,0,NA,0,0,0,0,0,NA,0,0,0,0,0,0,0,0,0
"199","MSB:Fish:680",1959,2,24,"MSB 680-1","JAR11629F","EO","JG GC","07-23-2025","F",40,33,661,"impact","impact_1951-1960",34.987044,-106.690293,0,0,0,0,0,0,0,NA,0,0,0,0,0,NA,0,0,0,0,0,0,0,0,0
"200","MSB:Fish:680",1959,2,24,"MSB 680-4","JAR11635F","BP","EO GC","07-23-2025",NA,69,54,3918,"impact","impact_1951-1960",34.987044,-106.690293,0,0,2,0,0,0,0,NA,0,0,0,0,0,NA,0,0,0,0,0,0,0,0,0
"201","MSB:Fish:68516",1984,8,16,"MSB 68516-5","JAR11850F","EO","BP","08-12-2025",NA,39,31,483,"control","control_1981-1990",35.211416,-106.612833,0,0,0,0,0,0,0,0,0,0,0,0,0,0,0,0,0,0,0,0,0,0,2
"202","MSB:Fish:68516",1984,8,16,"MSB 68516-4","JAR11853F","BP","CW","08-12-2025",NA,35,28,326,"control","control_1981-1990",35.211416,-106.612833,0,0,0,0,0,0,0,0,0,0,0,0,0,0,0,0,0,0,0,0,0,0,2
"203","MSB:Fish:68516",1984,8,16,"MSB 68516-3","JAR11856F","EO","CW","08-12-2025",NA,38,30,429,"control","control_1981-1990",35.211416,-106.612833,0,0,0,0,0,0,0,0,0,0,0,0,0,0,0,0,0,0,0,0,0,0,2
"204","MSB:Fish:68516",1984,8,16,"MSB 68516-2","JAR11869F","BP","EO","08-12-2025","F",35,28,409,"control","control_1981-1990",35.211416,-106.612833,0,0,0,0,0,0,0,0,0,0,0,0,0,0,0,0,0,0,0,0,0,0,2
"205","MSB:Fish:68516",1984,8,16,"MSB 68516-1","JAR11872F","EO","EO","08-12-2025","F",36,29,408,"control","control_1981-1990",35.211416,-106.612833,0,0,0,0,0,0,0,0,0,0,0,0,0,0,0,0,0,0,0,0,0,0,2
"206","MSB:Fish:705",1949,10,21,"MSB 705-2","JAR11673F","BP","JG","07-24-2025",NA,46,39,880,"impact","impact_1941-1950",34.929201,-106.681499,0,0,1,0,0,0,0,NA,0,0,0,0,0,NA,0,0,0,0,0,0,0,0,0
"207","MSB:Fish:705",1949,10,21,"MSB 705-1","JAR11682F","JG","CLW","07-24-2025","F",39,32,543,"impact","impact_1941-1950",34.929201,-106.681499,0,0,0,0,0,0,0,NA,0,0,0,0,0,NA,0,0,0,0,0,0,0,0,0
"208","MSB:Fish:705",1949,10,21,"MSB 705-3","JAR11685F","JG","CLW","07-24-2025",NA,45,36,779,"impact","impact_1941-1950",34.929201,-106.681499,0,0,0,0,0,0,0,NA,0,0,0,0,0,NA,0,0,0,0,0,NA,0,0,2
"209","MSB:Fish:705",1949,10,21,"MSB 705-5","JAR11679F","JG","GC","07-24-2025",NA,37,32,510,"impact","impact_1941-1950",34.929201,-106.681499,0,0,0,0,0,0,0,NA,0,0,0,0,0,NA,0,0,0,0,0,0,0,0,0
"210","MSB:Fish:705",1949,10,21,"MSB 705-4","JAR11688F","BP","JG","07-24-2025","F",36,30,391,"impact","impact_1941-1950",34.929201,-106.681499,0,0,0,0,0,0,0,NA,0,0,0,0,0,NA,0,0,0,0,0,0,0,0,0
"211","MSB:Fish:706",1949,11,5,"MSB 706-4","JAR11667F","JG","GC","07-24-2025",NA,36,30,440,"control","control_1941-1950",35.211994,-106.631125,0,0,1,0,0,0,0,NA,0,0,0,0,0,NA,0,0,0,0,0,1,0,0,2
"212","MSB:Fish:706",1949,11,5,"MSB 706-5","JAR11670F","BP","GC","07-24-2025",NA,34,26,335,"control","control_1941-1950",35.211994,-106.631125,0,0,1,0,0,0,0,NA,0,0,0,0,0,NA,0,0,0,0,0,1,0,0,0
"213","MSB:Fish:706",1949,11,5,"MSB 706-1","JAR11669F","BP","GC","07-24-2025",NA,52,40,1287,"control","control_1941-1950",35.211994,-106.631125,0,0,1,0,0,0,0,NA,0,0,0,0,0,NA,0,0,0,0,0,0,0,0,0
"214","MSB:Fish:706",1949,11,5,"MSB 706-2","JAR11666F","JG","CLW","07-24-2025","F",37,31,475,"control","control_1941-1950",35.211994,-106.631125,0,0,0,0,0,0,0,NA,0,0,0,0,0,NA,0,0,0,0,1,0,0,0,0
"215","MSB:Fish:706",1949,11,5,"MSB 706-3","JAR11668F","BP","JG","07-24-2025","F",45,35,910,"control","control_1941-1950",35.211994,-106.631125,0,0,1,0,0,0,0,NA,0,0,0,0,0,NA,0,0,0,0,0,0,0,0,0
"216","MSB:Fish:7206",1989,11,4,"MSB 7206-5","JAR11882F","EO","CW","08-12-2025",NA,39,31,547,"impact","impact_1981-1990",35.205042,-106.609081,0,0,0,0,0,0,0,0,0,0,0,0,0,0,0,0,0,0,0,0,0,0,2
"217","MSB:Fish:7206",1989,11,4,"MSB 7206-4","JAR11883F","BP","CW","08-12-2025",NA,42,32,787,"impact","impact_1981-1990",35.205042,-106.609081,0,0,0,0,0,0,0,0,0,0,0,0,0,0,0,0,0,0,0,NA,0,0,0
"218","MSB:Fish:7206",1989,11,4,"MSB 7206-3","JAR11884F","EO","BP","08-12-2025",NA,50,40,1145,"impact","impact_1981-1990",35.205042,-106.609081,0,0,5,0,0,0,0,0,0,0,0,0,0,0,0,0,0,0,0,0,0,0,0
"219","MSB:Fish:7206",1989,11,4,"MSB 7206-2","JAR11881F","BP","CW","08-12-2025",NA,44,36,509,"impact","impact_1981-1990",35.205042,-106.609081,0,0,0,0,0,0,0,0,0,0,0,0,0,0,0,0,0,0,0,NA,0,0,0
"220","MSB:Fish:7206",1989,11,4,"MSB 7206-1","JAR11885F","EO","BP","08-12-2025","F",45,36,934,"impact","impact_1981-1990",35.205042,-106.609081,0,0,2,0,0,0,0,0,0,0,0,0,0,0,0,0,0,0,0,0,0,0,0
"221","MSB:Fish:7235",1989,11,12,"MSB 7235-5","JAR11871F","EO","EO","08-12-2025","F",61,50,2559,"impact","impact_1981-1990",34.994298,-106.678945,0,0,0,0,0,0,0,0,0,0,0,0,0,0,0,0,0,0,0,0,0,0,4
"222","MSB:Fish:7235",1989,11,12,"MSB 7235-4","JAR11877F","EO","CW","08-12-2025",NA,53,44,1514,"impact","impact_1981-1990",34.994298,-106.678945,0,0,1,0,0,0,0,0,0,0,0,0,0,0,0,0,0,0,0,0,0,0,0
"223","MSB:Fish:7235",1989,11,12,"MSB 7235-3","JAR11880F","EO","EO","08-12-2025","F",64,53,3028,"impact","impact_1981-1990",34.994298,-106.678945,0,0,0,0,0,0,0,0,0,0,0,0,0,0,0,0,0,0,0,0,0,0,0
"224","MSB:Fish:7235",1989,11,12,"MSB 7235-2","JAR11879F","EO","CW","08-12-2025",NA,59,47,1988,"impact","impact_1981-1990",34.994298,-106.678945,0,0,0,0,0,0,0,0,0,0,0,0,0,0,0,0,0,0,0,0,0,0,0
"225","MSB:Fish:7235",1989,11,12,"MSB 7235-1","JAR11874F","EO","EO","08-12-2025","F",62,51,2486,"impact","impact_1981-1990",34.994298,-106.678945,0,0,0,0,0,0,0,0,0,0,0,0,0,0,0,0,0,0,0,0,0,0,2
"226","MSB:Fish:7252",1989,11,19,"MSB 7252-3","JAR11657F","JG","BP GC","07-24-2025",NA,42,34,716,"impact","impact_1981-1990",35.017903,-106.661847,0,0,0,0,0,0,0,NA,0,0,0,0,0,NA,0,0,0,0,0,NA,0,0,0
"227","MSB:Fish:7252",1989,11,19,"MSB 7252-5","JAR11656F","JG","GC","07-24-2025","F",33,27,332,"impact","impact_1981-1990",35.017903,-106.661847,0,0,0,0,0,0,0,NA,0,0,0,0,0,NA,0,0,1,0,0,0,0,0,0
"228","MSB:Fish:7252",1989,11,19,"MSB 7252-4","JAR11659F","EO","EO GC","07-24-2025","F",54,44,1801,"impact","impact_1981-1990",35.017903,-106.661847,0,0,0,1,0,0,0,NA,0,0,0,0,0,NA,0,0,0,0,0,0,0,0,2
"229","MSB:Fish:7252",1989,11,19,"MSB 7252-1","JAR11658F","JG","JG GC","07-24-2025",NA,53,44,1807,"impact","impact_1981-1990",35.017903,-106.661847,0,0,1,0,0,0,0,NA,0,0,0,0,0,NA,0,0,0,0,0,0,0,0,0
"230","MSB:Fish:7252",1989,11,19,"MSB 7252-2","JAR11660F","EO","GC","07-24-2025",NA,58,48,2422,"impact","impact_1981-1990",35.017903,-106.661847,0,0,0,0,0,0,0,NA,0,0,0,0,0,NA,0,0,0,0,0,0,0,0,0
"231","MSB:Fish:7258",1989,11,20,"MSB 7258-1","JAR11873F","BP","JG","08-11-2025",NA,55,45,1903,"impact","impact_1981-1990",35.014147,-106.665834,0,0,0,0,0,0,0,0,0,0,0,0,0,0,0,0,0,0,0,0,0,0,0
"232","MSB:Fish:7258",1989,11,20,"MSB 7258-2","JAR11870F","BP","JG","08-11-2025",NA,50,41,1290,"impact","impact_1981-1990",35.014147,-106.665834,0,0,0,0,0,0,0,0,0,0,0,0,0,0,0,0,0,0,0,0,0,0,0
"233","MSB:Fish:7258",1989,11,20,"MSB 7258-3","JAR11876F","BP","JG","08-11-2025","F",52,42,1526,"impact","impact_1981-1990",35.014147,-106.665834,0,0,0,0,0,0,0,0,0,0,0,0,0,0,0,0,0,0,0,NA,0,0,0
"234","MSB:Fish:7258",1989,11,20,"MSB 7258-4","JAR11878F","EO","CW","08-11-2025",NA,62,50,2617,"impact","impact_1981-1990",35.014147,-106.665834,0,0,1,0,0,0,0,0,0,0,0,0,0,0,0,0,0,0,0,0,0,0,0
"235","MSB:Fish:7258",1989,11,20,"MSB 7258-5","JAR11875F","BP","CW","08-11-2025",NA,56,46,2024,"impact","impact_1981-1990",35.014147,-106.665834,0,0,0,0,0,0,0,0,0,0,0,0,0,0,0,0,0,0,0,0,0,0,0
"236","MSB:Fish:726",1959,2,20,"MSB 726-4","JAR11805F","JG","EO","08-07-2025",NA,48,38,811,"control","control_1951-1960",35.332004,-106.553224,0,0,0,0,0,0,0,NA,0,0,0,0,0,NA,0,0,0,0,0,0,0,0,0
"237","MSB:Fish:726",1959,2,20,"MSB 726-5","JAR11804F","EO","EO","08-07-2025","F",44,35,647,"control","control_1951-1960",35.332004,-106.553224,0,0,0,0,0,0,0,NA,0,0,0,0,0,NA,0,0,0,0,0,0,0,0,2
"238","MSB:Fish:726",1959,2,20,"MSB 726-1","JAR11807F","EO","EO","08-07-2025",NA,47,37,832,"control","control_1951-1960",35.332004,-106.553224,0,0,0,0,0,0,0,NA,0,0,0,0,0,NA,0,0,0,0,0,0,0,0,0
"239","MSB:Fish:726",1959,2,20,"MSB 726-2","JAR11799F","JG","CW","08-07-2025",NA,53,43,1273,"control","control_1951-1960",35.332004,-106.553224,0,0,0,0,0,0,0,NA,0,0,0,0,0,NA,0,0,0,0,0,0,0,0,2
"240","MSB:Fish:726",1959,2,20,"MSB 726-3","JAR11802F","EO","EO","08-07-2025",NA,54,43,1077,"control","control_1951-1960",35.332004,-106.553224,0,0,0,0,0,0,0,NA,0,0,0,0,0,NA,0,0,0,0,0,0,0,0,2
"241","MSB:Fish:727",1949,7,28,"MSB 727-2","JAR11642F","BP","GC","07-23-2025",NA,32,27,306,"impact","impact_1941-1950",35.188761,-106.64706,0,0,0,0,0,0,0,NA,0,0,0,0,0,NA,0,0,0,0,0,0,0,0,2
"242","MSB:Fish:727",1949,7,28,"MSB 727-1","JAR11645F","EO","GC","07-23-2025",NA,34,27,359,"impact","impact_1941-1950",35.188761,-106.64706,0,0,1,0,0,0,0,NA,0,0,0,0,0,NA,0,0,0,0,0,0,0,0,0
"243","MSB:Fish:727",1949,7,28,"MSB 727-3","JAR11648F","EO","BP GC","07-23-2025",NA,37,30,492,"impact","impact_1941-1950",35.188761,-106.64706,0,0,0,0,0,0,0,NA,0,0,0,0,0,NA,0,0,0,0,0,NA,0,0,0
"244","MSB:Fish:727",1949,7,28,"MSB 727-4","JAR11650F","EO","BP GC","07-23-2025",NA,35,28,418,"impact","impact_1941-1950",35.188761,-106.64706,0,0,13,0,0,0,0,NA,0,0,0,0,0,NA,0,1,0,0,0,0,0,0,4
"245","MSB:Fish:727",1949,7,28,"MSB 727-5","JAR11647F","BP","BP EO GC","07-23-2025",NA,31,23,254,"impact","impact_1941-1950",35.188761,-106.64706,0,0,14,0,0,0,0,NA,0,0,0,0,0,NA,1,0,0,0,0,0,0,0,4
"246","MSB:Fish:7824",1990,4,18,"MSB 7824-3","JAR11640F","JG","BP GC","07-24-2025",NA,45,34,798,"control","control_1981-1990",35.322164,-106.557448,0,0,18,0,0,0,0,NA,0,0,0,0,0,NA,0,0,0,0,0,0,0,0,0
"247","MSB:Fish:7824",1990,4,18,"MSB 7824-1","JAR11644F","JG","GC","07-24-2025",NA,45,37,1085,"control","control_1981-1990",35.322164,-106.557448,0,0,0,0,0,0,0,NA,0,0,0,0,0,NA,0,0,0,0,0,NA,0,0,0
"248","MSB:Fish:7824",1990,4,18,"MSB 7824-2","JAR11634F","EO","GC","07-24-2025","F",42,34,873,"control","control_1981-1990",35.322164,-106.557448,0,0,0,0,0,0,0,NA,0,0,0,0,0,NA,0,0,0,0,0,NA,0,0,0
"249","MSB:Fish:7824",1990,4,18,"MSB 7824-5","JAR11637F","EO","BP, GC","07-24-2025",NA,33,27,403,"control","control_1981-1990",35.322164,-106.557448,0,0,0,0,0,0,0,NA,0,0,0,0,0,NA,0,0,0,0,0,0,0,0,2
"250","MSB:Fish:7824",1990,4,18,"MSB 7824-4","JAR11641F","EO","EO GC","07-24-2025",NA,37,30,542,"control","control_1981-1990",35.322164,-106.557448,0,0,0,0,0,0,0,NA,0,0,0,0,0,NA,0,0,0,0,0,0,0,0,0
"251","MSB:Fish:7832",1990,4,18,"MSB 7832-4","JAR11718F","EO","BP","07-31-2025",NA,39,31,635,"control","control_1981-1990",35.28302778,-106.5981389,0,0,0,0,1,0,0,NA,0,0,0,0,0,NA,0,0,0,0,0,0,0,0,0
"252","MSB:Fish:7832",1990,4,18,"MSB 7832-2","JAR11725F","EO","BP","07-31-2025","F",48,39,1627,"control","control_1981-1990",35.28302778,-106.5981389,1,0,1,0,0,0,0,NA,0,1,0,0,2,NA,0,0,0,0,1,0,0,0,0
"253","MSB:Fish:7832",1990,4,18,"MSB 7832-1","JAR11722F","JG","GC","07-31-2025",NA,39,32,681,"control","control_1981-1990",35.28302778,-106.5981389,0,0,0,0,0,0,0,NA,0,0,0,0,0,NA,0,0,0,0,0,NA,0,0,0
"254","MSB:Fish:7832",1990,4,18,"MSB 7832-3","JAR11719F","JG","GC","07-31-2025",NA,48,39,1139,"control","control_1981-1990",35.28302778,-106.5981389,0,0,0,0,0,0,0,NA,0,0,0,0,0,NA,0,0,0,0,0,NA,0,0,0
"255","MSB:Fish:7832",1990,4,18,"MSB 7832-5","JAR11728F","JG","GC","07-31-2025",NA,37,30,583,"control","control_1981-1990",35.28302778,-106.5981389,0,0,0,0,0,0,0,NA,0,0,0,0,0,NA,0,0,0,0,0,0,0,0,0
"256","MSB:Fish:8990",1990,10,28,"MSB 8990-3","JAR11697F","EO","GC","07-23-2025",NA,53,43,1605,"impact","impact_1981-1990",35.089293,-106.680842,0,0,0,0,0,0,0,NA,0,0,0,0,0,NA,0,0,0,0,0,0,0,0,0
"257","MSB:Fish:8990",1990,10,28,"MSB 8990--5","JAR11694F","BP","JG GC","07-23-2025",NA,44,34,793,"impact","impact_1981-1990",35.089293,-106.680842,0,0,1,0,0,0,0,NA,0,0,0,0,0,NA,0,0,0,0,0,0,0,0,0
"258","MSB:Fish:8990",1990,10,28,"MSB 8990-3","JAR11698F","BP","JG GC","07-23-2025","F",48,37,906,"impact","impact_1981-1990",35.089293,-106.680842,0,0,0,0,0,0,0,NA,0,0,0,0,0,NA,0,0,0,0,0,0,0,0,0
"259","MSB:Fish:8990",1990,10,28,"MSB 8990-1","JAR11696F","BP","GC","07-23-2025",NA,51,39,1373,"impact","impact_1981-1990",35.089293,-106.680842,0,0,0,0,0,0,0,NA,0,0,0,0,0,NA,0,0,0,0,0,0,0,0,0
"260","MSB:Fish:8990",1990,10,28,"MSB 8990-4","JAR11695F","EO","EO GC","07-23-2025",NA,47,38,1097,"impact","impact_1981-1990",35.089293,-106.680842,0,0,0,0,0,0,0,NA,0,0,0,0,0,NA,0,0,0,0,0,0,0,0,2
"261","MSB:Fish:8998",1990,10,28,"MSB 8998-2","JAR11711F","BP","GC","07-29-2025",NA,39,31,550,"impact","impact_1981-1990",35.196977,-106.642444,0,0,0,0,0,0,0,NA,0,0,0,0,0,NA,1,0,0,0,0,0,0,0,0
"262","MSB:Fish:8998",1990,10,28,"MSB 8998-3","JAR11710F","EO","JG","07-29-2025",NA,55,44,1916,"impact","impact_1981-1990",35.196977,-106.642444,0,0,0,0,0,0,0,NA,0,0,0,0,0,NA,0,0,0,0,0,0,0,0,0
"263","MSB:Fish:8998",1990,10,28,"MSB 8998-4","JAR11709F","BP","GC","07-29-2025",NA,54,43,1719,"impact","impact_1981-1990",35.196977,-106.642444,0,0,0,0,0,0,0,NA,0,0,0,0,0,NA,0,0,0,0,0,0,0,0,0
"264","MSB:Fish:8998",1990,10,28,"MSB 8998-1","JAR11712F","EO","EO","07-29-2025","F",47,38,1015,"impact","impact_1981-1990",35.196977,-106.642444,0,0,0,0,0,0,0,NA,0,0,0,0,0,NA,0,0,0,0,0,0,3,0,2
"265","MSB:Fish:8998",1990,10,28,"MSB 8998-5","JAR11708F","BP","GC","07-29-2025",NA,57,45,2182,"impact","impact_1981-1990",35.196977,-106.642444,0,0,2,0,0,0,0,NA,0,0,0,0,0,NA,0,0,0,0,0,0,0,0,2
"266","MSB:Fish:9007",1990,10,28,"MSB 9007-3","JAR11815F","CW","CW","08-08-2025",NA,54,44,1524,"control","control_1981-1990",35.28086111,-106.5988056,0,0,5,0,0,0,0,NA,0,0,0,0,0,NA,0,0,0,0,0,NA,0,0,0
"267","MSB:Fish:9007",1990,10,28,"MSB 9007-4","JAR11818F","CW","CLW","08-08-2025",NA,57,47,2025,"control","control_1981-1990",35.28086111,-106.5988056,0,0,0,0,2,0,0,NA,0,0,0,0,0,NA,0,0,0,0,0,0,0,0,0
"268","MSB:Fish:9007",1990,10,28,"MSB 9007-5","JAR11808F","CW","CW","08-08-2025",NA,54,45,1393,"control","control_1981-1990",35.28086111,-106.5988056,0,0,0,0,0,0,0,NA,0,0,0,0,0,NA,0,0,0,0,0,0,0,0,0
"269","MSB:Fish:9007",1990,10,28,"MSB 9007-1","JAR11809F","CW","CW","08-08-2025",NA,51,42,1392,"control","control_1981-1990",35.28086111,-106.5988056,0,0,1,0,0,0,0,0,0,0,0,0,0,0,0,0,0,0,0,0,0,0,0
"270","MSB:Fish:9007",1990,10,28,"MSB 9007-2","JAR11812F","CW","CW","08-08-2025",NA,57,46,2072,"control","control_1981-1990",35.28086111,-106.5988056,0,0,1,0,0,0,0,0,0,0,0,0,0,NA,0,0,0,0,0,0,0,0,0
"271","MSB:Fish:9015",1990,10,28,"MSB 9015-2","JAR11646F","BP","JG","07-28-2025",NA,60,49,2336,"control","control_1981-1990",35.28302778,-106.5981389,0,0,0,0,0,0,0,NA,0,0,0,0,0,NA,0,0,0,1,0,0,3,0,0
"272","MSB:Fish:9015",1990,10,28,"MSB 9015-5","JAR11643F","JG","CLW","07-28-2025",NA,54,45,1577,"control","control_1981-1990",35.28302778,-106.5981389,0,0,0,0,0,0,0,NA,0,0,0,0,0,NA,0,0,0,0,0,NA,0,0,0
"273","MSB:Fish:9015",1990,10,28,"MSB 9015-4","JAR11699F","JG","GC","07-28-2025",NA,46,38,938,"control","control_1981-1990",35.28302778,-106.5981389,0,0,0,0,0,0,0,NA,0,0,0,0,0,NA,0,0,0,0,0,0,0,2,0
"274","MSB:Fish:9015",1990,10,28,"MSB 9015-3","JAR11651F","BP","GC","07-28-2025",NA,53,43,1447,"control","control_1981-1990",35.28302778,-106.5981389,0,0,0,0,0,0,0,NA,0,0,0,0,0,NA,0,0,0,0,0,0,0,0,0
"275","MSB:Fish:9015",1990,10,28,"MSB 9015-1","JAR11700F","JG","GC","07-28-2025","F",55,44,1804,"control","control_1981-1990",35.28302778,-106.5981389,0,0,0,0,0,0,0,NA,0,0,0,0,0,NA,0,0,0,0,0,NA,0,0,0
"276","MSB:Fish:9023",1990,10,28,"MSB 9023-3","JAR11655F","EO","GC","07-24-2025",NA,45,36,783,"control","control_1981-1990",35.322164,-106.557448,0,0,0,0,0,0,0,NA,0,0,0,0,0,NA,0,0,0,0,0,NA,1,0,0
"277","MSB:Fish:9023",1990,10,28,"MSB 9023-2","JAR11654F","BP","JG GC","07-24-2025","F",43,44,794,"control","control_1981-1990",35.322164,-106.557448,0,0,0,0,0,0,0,NA,0,0,0,0,0,NA,0,0,0,0,0,0,0,0,0
"278","MSB:Fish:9023",1990,10,28,"MSB 9023-4","JAR116532F","BP","BP GC","07-24-2025",NA,39,29,584,"control","control_1981-1990",35.322164,-106.557448,0,0,0,0,0,0,0,NA,0,0,0,0,0,NA,0,0,0,0,0,0,0,0,4
"279","MSB:Fish:9023",1990,10,28,"MSB 9023-1","JAR11649F","EO","EO GC","07-24-2025","F",52,43,1533,"control","control_1981-1990",35.322164,-106.557448,0,0,0,0,0,0,0,NA,0,0,0,0,0,NA,0,0,0,0,0,0,0,0,0
"280","MSB:Fish:9023",1990,10,28,"MSB 9023-5","JAR11653F","EO","JG GC","07-24-2025",NA,39,32,563,"control","control_1981-1990",35.322164,-106.557448,0,0,0,0,0,0,0,NA,0,0,0,0,0,NA,0,0,0,0,0,NA,2,0,0
"281","MSB:Fish:9040",1990,10,29,"MSB 9040-2","JAR11692F","BP","EO GC","07-23-2025",NA,34,27,373,"control","control_1981-1990",35.38033333,-106.4990556,0,0,1,0,0,0,0,NA,0,0,0,0,0,NA,1,0,0,0,0,NA,0,0,0
"282","MSB:Fish:9040",1990,10,29,"MSB 9040-1","JAR11693F","EO","GC","07-23-2025",NA,50,41,1104,"control","control_1981-1990",35.38033333,-106.4990556,0,0,0,0,1,0,0,NA,0,0,0,0,0,NA,0,0,0,0,0,0,0,0,0
"283","MSB:Fish:9040",1990,10,29,"MSB 9040-3","JAR11691F","EO","GC","07-23-2025",NA,48,39,1043,"control","control_1981-1990",35.38033333,-106.4990556,0,0,7,0,0,0,0,NA,0,0,0,0,0,NA,0,0,0,0,0,0,0,0,0
"284","MSB:Fish:9040",1990,10,29,"MSB 9040-5","JAR11689F","BP","JG GC","07-23-2025",NA,34,27,382,"control","control_1981-1990",35.38033333,-106.4990556,0,0,6,0,0,0,0,NA,0,0,0,0,0,NA,2,0,0,0,0,NA,0,0,0
"285","MSB:Fish:9040",1990,10,29,"MSB 9040-4","JAR11690F","EO","EO GC","07-23-2025","F",50,41,1262,"control","control_1981-1990",35.38033333,-106.4990556,0,0,6,0,0,0,0,NA,0,0,0,0,0,NA,0,0,0,0,0,0,0,0,0
